string_id_a	string_id_b	preferred_name_a	preferred_name_b	score
9606.ENSP00000025008	9606.ENSP00000264335	RB1CC1	YWHAE	0.167
9606.ENSP00000025008	9606.ENSP00000362649	RB1CC1	HDAC1	0.178
9606.ENSP00000025008	9606.ENSP00000346694	RB1CC1	HNRNPA2B1	0.184
9606.ENSP00000025008	9606.ENSP00000478754	RB1CC1	DDX6	0.185
9606.ENSP00000025008	9606.ENSP00000263967	RB1CC1	PIK3CA	0.201
9606.ENSP00000025008	9606.ENSP00000288828	RB1CC1	WIPI2	0.212
9606.ENSP00000025008	9606.ENSP00000254436	RB1CC1	TRIM21	0.217
9606.ENSP00000025008	9606.ENSP00000386710	RB1CC1	ATG9A	0.292
9606.ENSP00000025008	9606.ENSP00000364204	RB1CC1	PINK1	0.457
9606.ENSP00000025008	9606.ENSP00000495360	RB1CC1	CTNNB1	0.457
9606.ENSP00000025008	9606.ENSP00000346148	RB1CC1	PRKAA1	0.5
9606.ENSP00000025008	9606.ENSP00000307272	RB1CC1	RPTOR	0.518
9606.ENSP00000025008	9606.ENSP00000248975	RB1CC1	YWHAH	0.521
9606.ENSP00000025008	9606.ENSP00000360290	RB1CC1	PRKAA2	0.534
9606.ENSP00000025008	9606.ENSP00000419371	RB1CC1	AZI2	0.631
9606.ENSP00000025008	9606.ENSP00000374455	RB1CC1	SQSTM1	0.665
9606.ENSP00000025008	9606.ENSP00000354558	RB1CC1	MTOR	0.701
9606.ENSP00000025008	9606.ENSP00000498476	RB1CC1	MAP1LC3B	0.802
9606.ENSP00000025008	9606.ENSP00000306866	RB1CC1	GABARAP	0.834
9606.ENSP00000025008	9606.ENSP00000354777	RB1CC1	TBKBP1	0.844
9606.ENSP00000025008	9606.ENSP00000269305	RB1CC1	TP53	0.854
9606.ENSP00000025008	9606.ENSP00000317891	RB1CC1	TNIP1	0.9
9606.ENSP00000025008	9606.ENSP00000379612	RB1CC1	TAX1BP1	0.9
9606.ENSP00000025008	9606.ENSP00000329967	RB1CC1	TBK1	0.902
9606.ENSP00000025008	9606.ENSP00000262039	RB1CC1	PIK3C3	0.906
9606.ENSP00000025008	9606.ENSP00000358072	RB1CC1	ATG5	0.937
9606.ENSP00000025008	9606.ENSP00000398523	RB1CC1	CALCOCO2	0.992
9606.ENSP00000025008	9606.ENSP00000247178	RB1CC1	ATG14	0.999
9606.ENSP00000025008	9606.ENSP00000324560	RB1CC1	ULK1	0.999
9606.ENSP00000025008	9606.ENSP00000355231	RB1CC1	BECN1	0.999
9606.ENSP00000025008	9606.ENSP00000375873	RB1CC1	ATG16L1	0.999
9606.ENSP00000160262	9606.ENSP00000264832	ICAM3	ICAM1	0.919
9606.ENSP00000162749	9606.ENSP00000412237	TNFRSF1A	IL10	0.161
9606.ENSP00000162749	9606.ENSP00000433138	TNFRSF1A	CASP1	0.201
9606.ENSP00000162749	9606.ENSP00000498321	TNFRSF1A	MYD88	0.203
9606.ENSP00000162749	9606.ENSP00000296795	TNFRSF1A	TLR3	0.204
9606.ENSP00000162749	9606.ENSP00000497968	TNFRSF1A	IL17A	0.204
9606.ENSP00000162749	9606.ENSP00000365048	TNFRSF1A	TNFSF13B	0.221
9606.ENSP00000162749	9606.ENSP00000229135	TNFRSF1A	IFNG	0.238
9606.ENSP00000162749	9606.ENSP00000263339	TNFRSF1A	IL1A	0.333
9606.ENSP00000162749	9606.ENSP00000359663	TNFRSF1A	CD40LG	0.338
9606.ENSP00000162749	9606.ENSP00000220751	TNFRSF1A	RIPK2	0.457
9606.ENSP00000162749	9606.ENSP00000263967	TNFRSF1A	PIK3CA	0.457
9606.ENSP00000162749	9606.ENSP00000326031	TNFRSF1A	PPP1CA	0.457
9606.ENSP00000162749	9606.ENSP00000354394	TNFRSF1A	STAT1	0.457
9606.ENSP00000162749	9606.ENSP00000385610	TNFRSF1A	MEX3C	0.457
9606.ENSP00000162749	9606.ENSP00000276925	TNFRSF1A	CDKN2B	0.498
9606.ENSP00000162749	9606.ENSP00000379612	TNFRSF1A	TAX1BP1	0.5
9606.ENSP00000162749	9606.ENSP00000324856	TNFRSF1A	STK11	0.507
9606.ENSP00000162749	9606.ENSP00000451828	TNFRSF1A	AKT1	0.529
9606.ENSP00000162749	9606.ENSP00000261464	TNFRSF1A	TRAF5	0.578
9606.ENSP00000162749	9606.ENSP00000385675	TNFRSF1A	IL6	0.595
9606.ENSP00000162749	9606.ENSP00000263341	TNFRSF1A	IL1B	0.67
9606.ENSP00000162749	9606.ENSP00000241261	TNFRSF1A	TNFSF10	0.724
9606.ENSP00000162749	9606.ENSP00000376500	TNFRSF1A	TRAF3	0.777
9606.ENSP00000162749	9606.ENSP00000371067	TNFRSF1A	JAK2	0.802
9606.ENSP00000162749	9606.ENSP00000499900	TNFRSF1A	JAK1	0.802
9606.ENSP00000162749	9606.ENSP00000433623	TNFRSF1A	TRAF6	0.899
9606.ENSP00000162749	9606.ENSP00000275493	TNFRSF1A	EGFR	0.907
9606.ENSP00000162749	9606.ENSP00000351273	TNFRSF1A	CASP8	0.925
9606.ENSP00000162749	9606.ENSP00000365435	TNFRSF1A	TNFRSF1B	0.985
9606.ENSP00000162749	9606.ENSP00000498466	TNFRSF1A	FAS	0.985
9606.ENSP00000162749	9606.ENSP00000259075	TNFRSF1A	TANK	0.999
9606.ENSP00000162749	9606.ENSP00000259808	TNFRSF1A	RIPK1	0.999
9606.ENSP00000162749	9606.ENSP00000263464	TNFRSF1A	BIRC3	0.999
9606.ENSP00000162749	9606.ENSP00000317891	TNFRSF1A	TNIP1	0.999
9606.ENSP00000162749	9606.ENSP00000329967	TNFRSF1A	TBK1	0.999
9606.ENSP00000162749	9606.ENSP00000358335	TNFRSF1A	MAP3K7	0.999
9606.ENSP00000162749	9606.ENSP00000359424	TNFRSF1A	CHUK	0.999
9606.ENSP00000162749	9606.ENSP00000392025	TNFRSF1A	CYLD	0.999
9606.ENSP00000162749	9606.ENSP00000398698	TNFRSF1A	TNF	0.999
9606.ENSP00000162749	9606.ENSP00000430684	TNFRSF1A	IKBKB	0.999
9606.ENSP00000162749	9606.ENSP00000464030	TNFRSF1A	IKBKE	0.999
9606.ENSP00000162749	9606.ENSP00000481570	TNFRSF1A	TNFAIP3	0.999
9606.ENSP00000162749	9606.ENSP00000483825	TNFRSF1A	IKBKG	0.999
9606.ENSP00000200453	9606.ENSP00000354687	PPP1R15A	MT-ND1	0.15
9606.ENSP00000200453	9606.ENSP00000325863	PPP1R15A	MRE11	0.219
9606.ENSP00000200453	9606.ENSP00000258149	PPP1R15A	MDM2	0.457
9606.ENSP00000200453	9606.ENSP00000430684	PPP1R15A	IKBKB	0.457
9606.ENSP00000200453	9606.ENSP00000377681	PPP1R15A	G3BP1	0.49
9606.ENSP00000200453	9606.ENSP00000221930	PPP1R15A	TGFB1	0.5
9606.ENSP00000200453	9606.ENSP00000256383	PPP1R15A	EIF2S1	0.975
9606.ENSP00000200453	9606.ENSP00000341779	PPP1R15A	PPP1CC	0.983
9606.ENSP00000200453	9606.ENSP00000326031	PPP1R15A	PPP1CA	0.999
9606.ENSP00000212015	9606.ENSP00000356070	SIRT1	MAPKAPK2	0.17
9606.ENSP00000212015	9606.ENSP00000225698	SIRT1	C1QBP	0.185
9606.ENSP00000212015	9606.ENSP00000364204	SIRT1	PINK1	0.201
9606.ENSP00000212015	9606.ENSP00000221452	SIRT1	RELB	0.209
9606.ENSP00000212015	9606.ENSP00000383042	SIRT1	KDM1A	0.232
9606.ENSP00000212015	9606.ENSP00000307272	SIRT1	RPTOR	0.456
9606.ENSP00000212015	9606.ENSP00000368100	SIRT1	RAD50	0.456
9606.ENSP00000212015	9606.ENSP00000258149	SIRT1	MDM2	0.457
9606.ENSP00000212015	9606.ENSP00000343445	SIRT1	SERPINB4	0.457
9606.ENSP00000212015	9606.ENSP00000358022	SIRT1	MCL1	0.457
9606.ENSP00000212015	9606.ENSP00000399518	SIRT1	SATB1	0.457
9606.ENSP00000212015	9606.ENSP00000406162	SIRT1	PRMT1	0.457
9606.ENSP00000212015	9606.ENSP00000415416	SIRT1	TRIB3	0.457
9606.ENSP00000212015	9606.ENSP00000420617	SIRT1	MFN1	0.457
9606.ENSP00000212015	9606.ENSP00000478927	SIRT1	YAP1	0.457
9606.ENSP00000212015	9606.ENSP00000498476	SIRT1	MAP1LC3B	0.457
9606.ENSP00000212015	9606.ENSP00000499900	SIRT1	JAK1	0.457
9606.ENSP00000212015	9606.ENSP00000451828	SIRT1	AKT1	0.483
9606.ENSP00000212015	9606.ENSP00000226574	SIRT1	NFKB1	0.49
9606.ENSP00000212015	9606.ENSP00000357283	SIRT1	LMNA	0.491
9606.ENSP00000212015	9606.ENSP00000434024	SIRT1	H2AX	0.531
9606.ENSP00000212015	9606.ENSP00000343896	SIRT1	SMARCA4	0.534
9606.ENSP00000212015	9606.ENSP00000495360	SIRT1	CTNNB1	0.552
9606.ENSP00000212015	9606.ENSP00000325863	SIRT1	MRE11	0.584
9606.ENSP00000212015	9606.ENSP00000378699	SIRT1	CDK1	0.601
9606.ENSP00000212015	9606.ENSP00000358072	SIRT1	ATG5	0.61
9606.ENSP00000212015	9606.ENSP00000263377	SIRT1	BRD4	0.802
9606.ENSP00000212015	9606.ENSP00000264657	SIRT1	STAT3	0.802
9606.ENSP00000212015	9606.ENSP00000296782	SIRT1	RICTOR	0.802
9606.ENSP00000212015	9606.ENSP00000298139	SIRT1	WRN	0.802
9606.ENSP00000212015	9606.ENSP00000345347	SIRT1	HMGB1	0.802
9606.ENSP00000212015	9606.ENSP00000354558	SIRT1	MTOR	0.812
9606.ENSP00000212015	9606.ENSP00000352257	SIRT1	XRCC6	0.838
9606.ENSP00000212015	9606.ENSP00000346437	SIRT1	ATG7	0.867
9606.ENSP00000212015	9606.ENSP00000324856	SIRT1	STK11	0.87
9606.ENSP00000212015	9606.ENSP00000352516	SIRT1	DNMT1	0.885
9606.ENSP00000212015	9606.ENSP00000355388	SIRT1	MPHOSPH8	0.886
9606.ENSP00000212015	9606.ENSP00000226279	SIRT1	CD38	0.9
9606.ENSP00000212015	9606.ENSP00000362649	SIRT1	HDAC1	0.904
9606.ENSP00000212015	9606.ENSP00000372191	SIRT1	SIRT3	0.904
9606.ENSP00000212015	9606.ENSP00000267163	SIRT1	RB1	0.905
9606.ENSP00000212015	9606.ENSP00000337332	SIRT1	SIRT6	0.916
9606.ENSP00000212015	9606.ENSP00000340330	SIRT1	KAT5	0.918
9606.ENSP00000212015	9606.ENSP00000384273	SIRT1	RELA	0.924
9606.ENSP00000212015	9606.ENSP00000345571	SIRT1	E2F1	0.931
9606.ENSP00000212015	9606.ENSP00000329466	SIRT1	SIRT7	0.946
9606.ENSP00000212015	9606.ENSP00000360266	SIRT1	JUN	0.961
9606.ENSP00000212015	9606.ENSP00000363377	SIRT1	FOXO4	0.971
9606.ENSP00000212015	9606.ENSP00000253024	SIRT1	TRIM28	0.985
9606.ENSP00000212015	9606.ENSP00000339527	SIRT1	FOXO3	0.988
9606.ENSP00000212015	9606.ENSP00000269305	SIRT1	TP53	0.999
9606.ENSP00000215754	9606.ENSP00000305556	MIF	PCBP1	0.187
9606.ENSP00000215754	9606.ENSP00000412237	MIF	IL10	0.207
9606.ENSP00000215754	9606.ENSP00000329967	MIF	TBK1	0.211
9606.ENSP00000215754	9606.ENSP00000354777	MIF	TBKBP1	0.211
9606.ENSP00000215754	9606.ENSP00000360266	MIF	JUN	0.211
9606.ENSP00000215754	9606.ENSP00000309767	MIF	NLRP6	0.219
9606.ENSP00000215754	9606.ENSP00000275493	MIF	EGFR	0.456
9606.ENSP00000215754	9606.ENSP00000254436	MIF	TRIM21	0.457
9606.ENSP00000215754	9606.ENSP00000269305	MIF	TP53	0.802
9606.ENSP00000215754	9606.ENSP00000319635	MIF	CXCR2	0.824
9606.ENSP00000215794	9606.ENSP00000270139	USP18	IFNAR1	0.208
9606.ENSP00000215794	9606.ENSP00000247178	USP18	ATG14	0.457
9606.ENSP00000215794	9606.ENSP00000262039	USP18	PIK3C3	0.457
9606.ENSP00000215794	9606.ENSP00000313420	USP18	PRKDC	0.457
9606.ENSP00000215794	9606.ENSP00000355231	USP18	BECN1	0.457
9606.ENSP00000215794	9606.ENSP00000356520	USP18	DHX9	0.457
9606.ENSP00000215794	9606.ENSP00000380150	USP18	CARD11	0.457
9606.ENSP00000215794	9606.ENSP00000401980	USP18	MAVS	0.457
9606.ENSP00000215794	9606.ENSP00000471896	USP18	IRF3	0.457
9606.ENSP00000215794	9606.ENSP00000493536	USP18	SAMHD1	0.457
9606.ENSP00000215794	9606.ENSP00000495360	USP18	CTNNB1	0.457
9606.ENSP00000215794	9606.ENSP00000498596	USP18	STING1	0.457
9606.ENSP00000215794	9606.ENSP00000430684	USP18	IKBKB	0.716
9606.ENSP00000215794	9606.ENSP00000359424	USP18	CHUK	0.734
9606.ENSP00000215794	9606.ENSP00000365230	USP18	BCL2L1	0.802
9606.ENSP00000215794	9606.ENSP00000498587	USP18	NOTCH1	0.802
9606.ENSP00000215794	9606.ENSP00000483825	USP18	IKBKG	0.808
9606.ENSP00000215794	9606.ENSP00000358335	USP18	MAP3K7	0.987
9606.ENSP00000215794	9606.ENSP00000315768	USP18	STAT2	0.999
9606.ENSP00000215794	9606.ENSP00000343957	USP18	IFNAR2	0.999
9606.ENSP00000215794	9606.ENSP00000496832	USP18	ISG15	0.999
9606.ENSP00000216037	9606.ENSP00000258149	XBP1	MDM2	0.457
9606.ENSP00000216797	9606.ENSP00000433623	NFKBIA	TRAF6	0.204
9606.ENSP00000216797	9606.ENSP00000358997	NFKBIA	IRAK1	0.281
9606.ENSP00000216797	9606.ENSP00000325663	NFKBIA	NFKBIZ	0.293
9606.ENSP00000216797	9606.ENSP00000336790	NFKBIA	ATF4	0.374
9606.ENSP00000216797	9606.ENSP00000216911	NFKBIA	AURKA	0.456
9606.ENSP00000216797	9606.ENSP00000351273	NFKBIA	CASP8	0.456
9606.ENSP00000216797	9606.ENSP00000352738	NFKBIA	G3BP2	0.457
9606.ENSP00000216797	9606.ENSP00000358335	NFKBIA	MAP3K7	0.457
9606.ENSP00000216797	9606.ENSP00000360266	NFKBIA	JUN	0.457
9606.ENSP00000216797	9606.ENSP00000362649	NFKBIA	HDAC1	0.457
9606.ENSP00000216797	9606.ENSP00000398698	NFKBIA	TNF	0.457
9606.ENSP00000216797	9606.ENSP00000401980	NFKBIA	MAVS	0.457
9606.ENSP00000216797	9606.ENSP00000354394	NFKBIA	STAT1	0.488
9606.ENSP00000216797	9606.ENSP00000330341	NFKBIA	SOCS3	0.49
9606.ENSP00000216797	9606.ENSP00000343896	NFKBIA	SMARCA4	0.494
9606.ENSP00000216797	9606.ENSP00000354558	NFKBIA	MTOR	0.523
9606.ENSP00000216797	9606.ENSP00000247970	NFKBIA	PIN1	0.581
9606.ENSP00000216797	9606.ENSP00000317891	NFKBIA	TNIP1	0.625
9606.ENSP00000216797	9606.ENSP00000229795	NFKBIA	MAPK14	0.675
9606.ENSP00000216797	9606.ENSP00000451828	NFKBIA	AKT1	0.74
9606.ENSP00000216797	9606.ENSP00000329967	NFKBIA	TBK1	0.802
9606.ENSP00000216797	9606.ENSP00000464030	NFKBIA	IKBKE	0.835
9606.ENSP00000216797	9606.ENSP00000465759	NFKBIA	POLRMT	0.891
9606.ENSP00000216797	9606.ENSP00000269305	NFKBIA	TP53	0.913
9606.ENSP00000216797	9606.ENSP00000221452	NFKBIA	RELB	0.999
9606.ENSP00000216797	9606.ENSP00000226574	NFKBIA	NFKB1	0.999
9606.ENSP00000216797	9606.ENSP00000295025	NFKBIA	REL	0.999
9606.ENSP00000216797	9606.ENSP00000358983	NFKBIA	NFKB2	0.999
9606.ENSP00000216797	9606.ENSP00000359424	NFKBIA	CHUK	0.999
9606.ENSP00000216797	9606.ENSP00000384273	NFKBIA	RELA	0.999
9606.ENSP00000216797	9606.ENSP00000430684	NFKBIA	IKBKB	0.999
9606.ENSP00000216797	9606.ENSP00000483825	NFKBIA	IKBKG	0.999
9606.ENSP00000216911	9606.ENSP00000264709	AURKA	DNMT3A	0.153
9606.ENSP00000216911	9606.ENSP00000418915	AURKA	CDKN2A	0.16
9606.ENSP00000216911	9606.ENSP00000221930	AURKA	TGFB1	0.162
9606.ENSP00000216911	9606.ENSP00000374455	AURKA	SQSTM1	0.165
9606.ENSP00000216911	9606.ENSP00000329466	AURKA	SIRT7	0.172
9606.ENSP00000216911	9606.ENSP00000324856	AURKA	STK11	0.174
9606.ENSP00000216911	9606.ENSP00000343896	AURKA	SMARCA4	0.207
9606.ENSP00000216911	9606.ENSP00000359339	AURKA	CGAS	0.219
9606.ENSP00000216911	9606.ENSP00000384273	AURKA	RELA	0.241
9606.ENSP00000216911	9606.ENSP00000495360	AURKA	CTNNB1	0.248
9606.ENSP00000216911	9606.ENSP00000356520	AURKA	DHX9	0.356
9606.ENSP00000216911	9606.ENSP00000295025	AURKA	REL	0.367
9606.ENSP00000216911	9606.ENSP00000315768	AURKA	STAT2	0.456
9606.ENSP00000216911	9606.ENSP00000357113	AURKA	IFI16	0.456
9606.ENSP00000216911	9606.ENSP00000483570	AURKA	BTK	0.456
9606.ENSP00000216911	9606.ENSP00000483825	AURKA	IKBKG	0.456
9606.ENSP00000216911	9606.ENSP00000258149	AURKA	MDM2	0.457
9606.ENSP00000216911	9606.ENSP00000263377	AURKA	BRD4	0.457
9606.ENSP00000216911	9606.ENSP00000326031	AURKA	PPP1CA	0.457
9606.ENSP00000216911	9606.ENSP00000355865	AURKA	PRKN	0.457
9606.ENSP00000216911	9606.ENSP00000364261	AURKA	OTUD3	0.457
9606.ENSP00000216911	9606.ENSP00000365230	AURKA	BCL2L1	0.457
9606.ENSP00000216911	9606.ENSP00000392025	AURKA	CYLD	0.457
9606.ENSP00000216911	9606.ENSP00000430684	AURKA	IKBKB	0.457
9606.ENSP00000216911	9606.ENSP00000481570	AURKA	TNFAIP3	0.457
9606.ENSP00000216911	9606.ENSP00000359424	AURKA	CHUK	0.47
9606.ENSP00000216911	9606.ENSP00000451828	AURKA	AKT1	0.564
9606.ENSP00000216911	9606.ENSP00000341779	AURKA	PPP1CC	0.606
9606.ENSP00000216911	9606.ENSP00000275493	AURKA	EGFR	0.707
9606.ENSP00000216911	9606.ENSP00000378699	AURKA	CDK1	0.801
9606.ENSP00000216911	9606.ENSP00000226574	AURKA	NFKB1	0.818
9606.ENSP00000216911	9606.ENSP00000269305	AURKA	TP53	0.999
9606.ENSP00000217407	9606.ENSP00000363089	LBP	TLR4	0.42
9606.ENSP00000217407	9606.ENSP00000385519	LBP	CD14	0.993
9606.ENSP00000217423	9606.ENSP00000318982	CST4	EPSTI1	0.405
9606.ENSP00000219070	9606.ENSP00000254301	MMP2	LGALS3	0.205
9606.ENSP00000219070	9606.ENSP00000264657	MMP2	STAT3	0.35
9606.ENSP00000219070	9606.ENSP00000352678	MMP2	SUPV3L1	0.408
9606.ENSP00000219070	9606.ENSP00000343896	MMP2	SMARCA4	0.456
9606.ENSP00000219070	9606.ENSP00000367832	MMP2	CCL7	0.457
9606.ENSP00000219070	9606.ENSP00000225964	MMP2	COL1A1	0.487
9606.ENSP00000219070	9606.ENSP00000362108	MMP2	LCN2	0.491
9606.ENSP00000219070	9606.ENSP00000498476	MMP2	MAP1LC3B	0.564
9606.ENSP00000219070	9606.ENSP00000352798	MMP2	COL18A1	0.85
9606.ENSP00000219070	9606.ENSP00000221930	MMP2	TGFB1	0.858
9606.ENSP00000219070	9606.ENSP00000322788	MMP2	MMP1	0.9
9606.ENSP00000219070	9606.ENSP00000323929	MMP2	A2M	0.924
9606.ENSP00000219070	9606.ENSP00000361405	MMP2	MMP9	0.929
9606.ENSP00000219070	9606.ENSP00000308208	MMP2	MMP14	0.94
9606.ENSP00000219070	9606.ENSP00000262768	MMP2	TIMP2	0.999
9606.ENSP00000219235	9606.ENSP00000359364	CCL22	YTHDF1	0.368
9606.ENSP00000219235	9606.ENSP00000294728	CCL22	VCAM1	0.456
9606.ENSP00000219235	9606.ENSP00000353731	CCL22	DPP4	0.457
9606.ENSP00000219235	9606.ENSP00000319635	CCL22	CXCR2	0.65
9606.ENSP00000219235	9606.ENSP00000351059	CCL22	CX3CR1	0.671
9606.ENSP00000219235	9606.ENSP00000474412	CCL22	CCL5	0.905
9606.ENSP00000220751	9606.ENSP00000384273	RIPK2	RELA	0.164
9606.ENSP00000220751	9606.ENSP00000388566	RIPK2	CASP4	0.172
9606.ENSP00000220751	9606.ENSP00000344208	RIPK2	TRIM14	0.236
9606.ENSP00000220751	9606.ENSP00000324560	RIPK2	ULK1	0.456
9606.ENSP00000220751	9606.ENSP00000355231	RIPK2	BECN1	0.456
9606.ENSP00000220751	9606.ENSP00000433138	RIPK2	CASP1	0.456
9606.ENSP00000220751	9606.ENSP00000260010	RIPK2	TLR2	0.457
9606.ENSP00000220751	9606.ENSP00000359424	RIPK2	CHUK	0.457
9606.ENSP00000220751	9606.ENSP00000256458	RIPK2	IRAK2	0.501
9606.ENSP00000220751	9606.ENSP00000259808	RIPK2	RIPK1	0.519
9606.ENSP00000220751	9606.ENSP00000358997	RIPK2	IRAK1	0.531
9606.ENSP00000220751	9606.ENSP00000261464	RIPK2	TRAF5	0.539
9606.ENSP00000220751	9606.ENSP00000264335	RIPK2	YWHAE	0.575
9606.ENSP00000220751	9606.ENSP00000376500	RIPK2	TRAF3	0.718
9606.ENSP00000220751	9606.ENSP00000401980	RIPK2	MAVS	0.792
9606.ENSP00000220751	9606.ENSP00000375873	RIPK2	ATG16L1	0.802
9606.ENSP00000220751	9606.ENSP00000374455	RIPK2	SQSTM1	0.837
9606.ENSP00000220751	9606.ENSP00000483825	RIPK2	IKBKG	0.923
9606.ENSP00000220751	9606.ENSP00000433623	RIPK2	TRAF6	0.968
9606.ENSP00000220751	9606.ENSP00000263464	RIPK2	BIRC3	0.976
9606.ENSP00000220751	9606.ENSP00000358335	RIPK2	MAP3K7	0.987
9606.ENSP00000220751	9606.ENSP00000300589	RIPK2	NOD2	0.999
9606.ENSP00000220809	9606.ENSP00000415786	PLAT	SERPINE2	0.15
9606.ENSP00000220809	9606.ENSP00000357470	PLAT	IL6R	0.197
9606.ENSP00000220809	9606.ENSP00000370698	PLAT	IL6ST	0.203
9606.ENSP00000220809	9606.ENSP00000265171	PLAT	EGF	0.205
9606.ENSP00000220809	9606.ENSP00000256646	PLAT	NOTCH2	0.206
9606.ENSP00000220809	9606.ENSP00000262768	PLAT	TIMP2	0.263
9606.ENSP00000220809	9606.ENSP00000275525	PLAT	IGFBP1	0.314
9606.ENSP00000220809	9606.ENSP00000345347	PLAT	HMGB1	0.456
9606.ENSP00000220809	9606.ENSP00000378487	PLAT	VDAC1	0.456
9606.ENSP00000220809	9606.ENSP00000345672	PLAT	CTSB	0.54
9606.ENSP00000220809	9606.ENSP00000433138	PLAT	CASP1	0.54
9606.ENSP00000220809	9606.ENSP00000361850	PLAT	PLAU	0.96
9606.ENSP00000220809	9606.ENSP00000223095	PLAT	SERPINE1	0.997
9606.ENSP00000221452	9606.ENSP00000313420	RELB	PRKDC	0.205
9606.ENSP00000221452	9606.ENSP00000325663	RELB	NFKBIZ	0.205
9606.ENSP00000221452	9606.ENSP00000264657	RELB	STAT3	0.368
9606.ENSP00000221452	9606.ENSP00000352516	RELB	DNMT1	0.457
9606.ENSP00000221452	9606.ENSP00000343896	RELB	SMARCA4	0.636
9606.ENSP00000221452	9606.ENSP00000359424	RELB	CHUK	0.807
9606.ENSP00000221452	9606.ENSP00000226574	RELB	NFKB1	0.999
9606.ENSP00000221452	9606.ENSP00000295025	RELB	REL	0.999
9606.ENSP00000221452	9606.ENSP00000358983	RELB	NFKB2	0.999
9606.ENSP00000221452	9606.ENSP00000384273	RELB	RELA	0.999
9606.ENSP00000221486	9606.ENSP00000434024	RNASEH2A	H2AX	0.35
9606.ENSP00000221486	9606.ENSP00000308193	RNASEH2A	RNASEH2C	0.999
9606.ENSP00000221486	9606.ENSP00000337623	RNASEH2A	RNASEH2B	0.999
9606.ENSP00000221930	9606.ENSP00000260010	TGFB1	TLR2	0.153
9606.ENSP00000221930	9606.ENSP00000304915	TGFB1	IL13	0.153
9606.ENSP00000221930	9606.ENSP00000305556	TGFB1	PCBP1	0.163
9606.ENSP00000221930	9606.ENSP00000255030	TGFB1	CRP	0.166
9606.ENSP00000221930	9606.ENSP00000495360	TGFB1	CTNNB1	0.166
9606.ENSP00000221930	9606.ENSP00000354558	TGFB1	MTOR	0.167
9606.ENSP00000221930	9606.ENSP00000368104	TGFB1	BMP2	0.169
9606.ENSP00000221930	9606.ENSP00000360266	TGFB1	JUN	0.192
9606.ENSP00000221930	9606.ENSP00000226574	TGFB1	NFKB1	0.195
9606.ENSP00000221930	9606.ENSP00000415743	TGFB1	CD36	0.2
9606.ENSP00000221930	9606.ENSP00000430684	TGFB1	IKBKB	0.204
9606.ENSP00000221930	9606.ENSP00000478927	TGFB1	YAP1	0.204
9606.ENSP00000221930	9606.ENSP00000356030	TGFB1	CD55	0.205
9606.ENSP00000221930	9606.ENSP00000358335	TGFB1	MAP3K7	0.205
9606.ENSP00000221930	9606.ENSP00000254301	TGFB1	LGALS3	0.207
9606.ENSP00000221930	9606.ENSP00000370473	TGFB1	IGFBP3	0.207
9606.ENSP00000221930	9606.ENSP00000497069	TGFB1	IGF1R	0.209
9606.ENSP00000221930	9606.ENSP00000412237	TGFB1	IL10	0.215
9606.ENSP00000221930	9606.ENSP00000263339	TGFB1	IL1A	0.217
9606.ENSP00000221930	9606.ENSP00000398698	TGFB1	TNF	0.253
9606.ENSP00000221930	9606.ENSP00000223095	TGFB1	SERPINE1	0.277
9606.ENSP00000221930	9606.ENSP00000480791	TGFB1	FGF1	0.28
9606.ENSP00000221930	9606.ENSP00000252809	TGFB1	GDF15	0.335
9606.ENSP00000221930	9606.ENSP00000263341	TGFB1	IL1B	0.339
9606.ENSP00000221930	9606.ENSP00000264498	TGFB1	FGF2	0.381
9606.ENSP00000221930	9606.ENSP00000323929	TGFB1	A2M	0.397
9606.ENSP00000221930	9606.ENSP00000265171	TGFB1	EGF	0.439
9606.ENSP00000221930	9606.ENSP00000385675	TGFB1	IL6	0.454
9606.ENSP00000221930	9606.ENSP00000362179	TGFB1	ZC3H12A	0.457
9606.ENSP00000221930	9606.ENSP00000263967	TGFB1	PIK3CA	0.476
9606.ENSP00000221930	9606.ENSP00000442656	TGFB1	ACVR1B	0.485
9606.ENSP00000221930	9606.ENSP00000264335	TGFB1	YWHAE	0.49
9606.ENSP00000221930	9606.ENSP00000326031	TGFB1	PPP1CA	0.5
9606.ENSP00000221930	9606.ENSP00000341779	TGFB1	PPP1CC	0.5
9606.ENSP00000221930	9606.ENSP00000306884	TGFB1	CXCL11	0.505
9606.ENSP00000221930	9606.ENSP00000376637	TGFB1	IGF1	0.507
9606.ENSP00000221930	9606.ENSP00000339527	TGFB1	FOXO3	0.547
9606.ENSP00000221930	9606.ENSP00000275493	TGFB1	EGFR	0.637
9606.ENSP00000221930	9606.ENSP00000269305	TGFB1	TP53	0.674
9606.ENSP00000221930	9606.ENSP00000361405	TGFB1	MMP9	0.854
9606.ENSP00000222390	9606.ENSP00000276925	HGF	CDKN2B	0.165
9606.ENSP00000222390	9606.ENSP00000418915	HGF	CDKN2A	0.166
9606.ENSP00000222390	9606.ENSP00000343896	HGF	SMARCA4	0.182
9606.ENSP00000222390	9606.ENSP00000324856	HGF	STK11	0.187
9606.ENSP00000222390	9606.ENSP00000385675	HGF	IL6	0.187
9606.ENSP00000222390	9606.ENSP00000404131	HGF	TGFA	0.199
9606.ENSP00000222390	9606.ENSP00000262039	HGF	PIK3C3	0.205
9606.ENSP00000222390	9606.ENSP00000451828	HGF	AKT1	0.283
9606.ENSP00000222390	9606.ENSP00000269305	HGF	TP53	0.387
9606.ENSP00000222390	9606.ENSP00000275493	HGF	EGFR	0.395
9606.ENSP00000222390	9606.ENSP00000263967	HGF	PIK3CA	0.43
9606.ENSP00000222390	9606.ENSP00000264657	HGF	STAT3	0.529
9606.ENSP00000222390	9606.ENSP00000263851	HGF	IL7	0.923
9606.ENSP00000222553	9606.ENSP00000344208	NAMPT	TRIM14	0.219
9606.ENSP00000222553	9606.ENSP00000363089	NAMPT	TLR4	0.428
9606.ENSP00000222553	9606.ENSP00000354687	NAMPT	MT-ND1	0.456
9606.ENSP00000222553	9606.ENSP00000382707	NAMPT	IFITM3	0.456
9606.ENSP00000222553	9606.ENSP00000253024	NAMPT	TRIM28	0.457
9606.ENSP00000222553	9606.ENSP00000263377	NAMPT	BRD4	0.457
9606.ENSP00000223095	9606.ENSP00000385675	SERPINE1	IL6	0.185
9606.ENSP00000223095	9606.ENSP00000361405	SERPINE1	MMP9	0.204
9606.ENSP00000223095	9606.ENSP00000262768	SERPINE1	TIMP2	0.219
9606.ENSP00000223095	9606.ENSP00000233813	SERPINE1	IGFBP5	0.492
9606.ENSP00000223095	9606.ENSP00000433138	SERPINE1	CASP1	0.54
9606.ENSP00000223095	9606.ENSP00000339328	SERPINE1	PLAUR	0.7
9606.ENSP00000223095	9606.ENSP00000345672	SERPINE1	CTSB	0.9
9606.ENSP00000223095	9606.ENSP00000361850	SERPINE1	PLAU	0.999
9606.ENSP00000225174	9606.ENSP00000225698	PPIF	C1QBP	0.525
9606.ENSP00000225174	9606.ENSP00000363591	PPIF	BAK1	0.72
9606.ENSP00000225174	9606.ENSP00000269305	PPIF	TP53	0.779
9606.ENSP00000225174	9606.ENSP00000381185	PPIF	BCL2	0.817
9606.ENSP00000225174	9606.ENSP00000361635	PPIF	VDAC2	0.906
9606.ENSP00000225174	9606.ENSP00000293288	PPIF	BAX	0.917
9606.ENSP00000225174	9606.ENSP00000428845	PPIF	VDAC3	0.933
9606.ENSP00000225174	9606.ENSP00000378487	PPIF	VDAC1	0.967
9606.ENSP00000225296	9606.ENSP00000250448	DHX33	FOXA1	0.457
9606.ENSP00000225296	9606.ENSP00000253024	DHX33	TRIM28	0.457
9606.ENSP00000225296	9606.ENSP00000357113	DHX33	IFI16	0.457
9606.ENSP00000225296	9606.ENSP00000388566	DHX33	CASP4	0.54
9606.ENSP00000225296	9606.ENSP00000309767	DHX33	NLRP6	0.72
9606.ENSP00000225296	9606.ENSP00000357112	DHX33	AIM2	0.72
9606.ENSP00000225296	9606.ENSP00000376849	DHX33	CASP5	0.72
9606.ENSP00000225296	9606.ENSP00000385428	DHX33	NLRC4	0.72
9606.ENSP00000225296	9606.ENSP00000428657	DHX33	NAIP	0.72
9606.ENSP00000225296	9606.ENSP00000247470	DHX33	PYCARD	0.9
9606.ENSP00000225296	9606.ENSP00000433138	DHX33	CASP1	0.9
9606.ENSP00000225296	9606.ENSP00000433209	DHX33	GSDMD	0.9
9606.ENSP00000225296	9606.ENSP00000460475	DHX33	NLRP1	0.9
9606.ENSP00000225296	9606.ENSP00000499211	DHX33	CARD8	0.9
9606.ENSP00000225296	9606.ENSP00000401980	DHX33	MAVS	0.901
9606.ENSP00000225296	9606.ENSP00000337383	DHX33	NLRP3	0.961
9606.ENSP00000225474	9606.ENSP00000306512	CSF3	CXCL8	0.183
9606.ENSP00000225474	9606.ENSP00000385675	CSF3	IL6	0.295
9606.ENSP00000225474	9606.ENSP00000327513	CSF3	CSF1	0.385
9606.ENSP00000225474	9606.ENSP00000296871	CSF3	CSF2	0.409
9606.ENSP00000225474	9606.ENSP00000264657	CSF3	STAT3	0.5
9606.ENSP00000225474	9606.ENSP00000330341	CSF3	SOCS3	0.5
9606.ENSP00000225474	9606.ENSP00000354394	CSF3	STAT1	0.5
9606.ENSP00000225474	9606.ENSP00000496577	CSF3	SOCS1	0.5
9606.ENSP00000225474	9606.ENSP00000371067	CSF3	JAK2	0.53
9606.ENSP00000225474	9606.ENSP00000499900	CSF3	JAK1	0.531
9606.ENSP00000225474	9606.ENSP00000312652	CSF3	LEP	0.9
9606.ENSP00000225577	9606.ENSP00000263967	RPS6KB1	PIK3CA	0.263
9606.ENSP00000225577	9606.ENSP00000275493	RPS6KB1	EGFR	0.287
9606.ENSP00000225577	9606.ENSP00000354394	RPS6KB1	STAT1	0.456
9606.ENSP00000225577	9606.ENSP00000258149	RPS6KB1	MDM2	0.457
9606.ENSP00000225577	9606.ENSP00000374455	RPS6KB1	SQSTM1	0.457
9606.ENSP00000225577	9606.ENSP00000483570	RPS6KB1	BTK	0.457
9606.ENSP00000225577	9606.ENSP00000309572	RPS6KB1	TERT	0.492
9606.ENSP00000225577	9606.ENSP00000324856	RPS6KB1	STK11	0.618
9606.ENSP00000225577	9606.ENSP00000329967	RPS6KB1	TBK1	0.835
9606.ENSP00000225577	9606.ENSP00000296782	RPS6KB1	RICTOR	0.985
9606.ENSP00000225577	9606.ENSP00000307272	RPS6KB1	RPTOR	0.999
9606.ENSP00000225577	9606.ENSP00000354558	RPS6KB1	MTOR	0.999
9606.ENSP00000225577	9606.ENSP00000451828	RPS6KB1	AKT1	0.999
9606.ENSP00000225698	9606.ENSP00000229135	C1QBP	IFNG	0.153
9606.ENSP00000225698	9606.ENSP00000319169	C1QBP	PRMT5	0.185
9606.ENSP00000225698	9606.ENSP00000357283	C1QBP	LMNA	0.191
9606.ENSP00000225698	9606.ENSP00000295025	C1QBP	REL	0.198
9606.ENSP00000225698	9606.ENSP00000430684	C1QBP	IKBKB	0.203
9606.ENSP00000225698	9606.ENSP00000330382	C1QBP	PDGFB	0.225
9606.ENSP00000225698	9606.ENSP00000248975	C1QBP	YWHAH	0.284
9606.ENSP00000225698	9606.ENSP00000345347	C1QBP	HMGB1	0.374
9606.ENSP00000225698	9606.ENSP00000298717	C1QBP	METTL3	0.456
9606.ENSP00000225698	9606.ENSP00000308208	C1QBP	MMP14	0.456
9606.ENSP00000225698	9606.ENSP00000323929	C1QBP	A2M	0.456
9606.ENSP00000225698	9606.ENSP00000451291	C1QBP	HNRNPC	0.456
9606.ENSP00000225698	9606.ENSP00000324560	C1QBP	ULK1	0.457
9606.ENSP00000225698	9606.ENSP00000343129	C1QBP	TRIM29	0.457
9606.ENSP00000225698	9606.ENSP00000395535	C1QBP	MECP2	0.457
9606.ENSP00000225698	9606.ENSP00000495360	C1QBP	CTNNB1	0.457
9606.ENSP00000225698	9606.ENSP00000357122	C1QBP	PYHIN1	0.463
9606.ENSP00000225698	9606.ENSP00000401980	C1QBP	MAVS	0.508
9606.ENSP00000225698	9606.ENSP00000420588	C1QBP	TFAM	0.526
9606.ENSP00000225698	9606.ENSP00000261366	C1QBP	LMNB1	0.537
9606.ENSP00000225698	9606.ENSP00000478754	C1QBP	DDX6	0.635
9606.ENSP00000225698	9606.ENSP00000296503	C1QBP	HMGB2	0.761
9606.ENSP00000225698	9606.ENSP00000346120	C1QBP	DDX21	0.774
9606.ENSP00000225698	9606.ENSP00000264335	C1QBP	YWHAE	0.796
9606.ENSP00000225698	9606.ENSP00000355865	C1QBP	PRKN	0.796
9606.ENSP00000225698	9606.ENSP00000446271	C1QBP	LSM14A	0.87
9606.ENSP00000225698	9606.ENSP00000356520	C1QBP	DHX9	0.898
9606.ENSP00000225698	9606.ENSP00000418915	C1QBP	CDKN2A	0.938
9606.ENSP00000225831	9606.ENSP00000280357	CCL2	IL18	0.158
9606.ENSP00000225831	9606.ENSP00000294728	CCL2	VCAM1	0.189
9606.ENSP00000225831	9606.ENSP00000385675	CCL2	IL6	0.196
9606.ENSP00000225831	9606.ENSP00000356438	CCL2	PTGS2	0.198
9606.ENSP00000225831	9606.ENSP00000367832	CCL2	CCL7	0.2
9606.ENSP00000225831	9606.ENSP00000263341	CCL2	IL1B	0.201
9606.ENSP00000225831	9606.ENSP00000296026	CCL2	CXCL3	0.203
9606.ENSP00000225831	9606.ENSP00000499900	CCL2	JAK1	0.205
9606.ENSP00000225831	9606.ENSP00000427279	CCL2	CXCL2	0.209
9606.ENSP00000225831	9606.ENSP00000376637	CCL2	IGF1	0.21
9606.ENSP00000225831	9606.ENSP00000231449	CCL2	IL4	0.253
9606.ENSP00000225831	9606.ENSP00000379110	CCL2	CXCL1	0.263
9606.ENSP00000225831	9606.ENSP00000357470	CCL2	IL6R	0.335
9606.ENSP00000225831	9606.ENSP00000362179	CCL2	ZC3H12A	0.457
9606.ENSP00000225831	9606.ENSP00000245414	CCL2	IRF1	0.463
9606.ENSP00000225831	9606.ENSP00000379140	CCL2	CXCL12	0.47
9606.ENSP00000225831	9606.ENSP00000225844	CCL2	CCL13	0.488
9606.ENSP00000225831	9606.ENSP00000482259	CCL2	CCL4	0.561
9606.ENSP00000225831	9606.ENSP00000384273	CCL2	RELA	0.802
9606.ENSP00000225831	9606.ENSP00000351059	CCL2	CX3CR1	0.851
9606.ENSP00000225831	9606.ENSP00000319635	CCL2	CXCR2	0.881
9606.ENSP00000225831	9606.ENSP00000302234	CCL2	CCL11	0.999
9606.ENSP00000225831	9606.ENSP00000306512	CCL2	CXCL8	0.999
9606.ENSP00000225831	9606.ENSP00000354901	CCL2	CXCL9	0.999
9606.ENSP00000225831	9606.ENSP00000378118	CCL2	CCL8	0.999
9606.ENSP00000225831	9606.ENSP00000378365	CCL2	CCL26	0.999
9606.ENSP00000225831	9606.ENSP00000474412	CCL2	CCL5	0.999
9606.ENSP00000225842	9606.ENSP00000351059	CCL1	CX3CR1	0.708
9606.ENSP00000225842	9606.ENSP00000319635	CCL1	CXCR2	0.757
9606.ENSP00000225842	9606.ENSP00000306884	CCL1	CXCL11	0.999
9606.ENSP00000225844	9606.ENSP00000267843	CCL13	FGF7	0.206
9606.ENSP00000225844	9606.ENSP00000300589	CCL13	NOD2	0.374
9606.ENSP00000225844	9606.ENSP00000319635	CCL13	CXCR2	0.65
9606.ENSP00000225844	9606.ENSP00000351059	CCL13	CX3CR1	0.671
9606.ENSP00000225844	9606.ENSP00000302234	CCL13	CCL11	0.999
9606.ENSP00000225844	9606.ENSP00000305651	CCL13	CXCL10	0.999
9606.ENSP00000225844	9606.ENSP00000306884	CCL13	CXCL11	0.999
9606.ENSP00000225844	9606.ENSP00000354901	CCL13	CXCL9	0.999
9606.ENSP00000225844	9606.ENSP00000378118	CCL13	CCL8	0.999
9606.ENSP00000225844	9606.ENSP00000378365	CCL13	CCL26	0.999
9606.ENSP00000225844	9606.ENSP00000379140	CCL13	CXCL12	0.999
9606.ENSP00000225844	9606.ENSP00000400533	CCL13	CCL24	0.999
9606.ENSP00000225844	9606.ENSP00000474412	CCL13	CCL5	0.999
9606.ENSP00000225964	9606.ENSP00000322788	COL1A1	MMP1	0.201
9606.ENSP00000225964	9606.ENSP00000262768	COL1A1	TIMP2	0.219
9606.ENSP00000225964	9606.ENSP00000415743	COL1A1	CD36	0.279
9606.ENSP00000225964	9606.ENSP00000433623	COL1A1	TRAF6	0.327
9606.ENSP00000225964	9606.ENSP00000481570	COL1A1	TNFAIP3	0.374
9606.ENSP00000225964	9606.ENSP00000352798	COL1A1	COL18A1	0.456
9606.ENSP00000225964	9606.ENSP00000330382	COL1A1	PDGFB	0.466
9606.ENSP00000225964	9606.ENSP00000370473	COL1A1	IGFBP3	0.49
9606.ENSP00000225964	9606.ENSP00000296585	COL1A1	ITGA2	0.821
9606.ENSP00000225964	9606.ENSP00000304408	COL1A1	COL3A1	0.929
9606.ENSP00000226279	9606.ENSP00000457421	CD38	PECAM1	0.814
9606.ENSP00000226279	9606.ENSP00000329466	CD38	SIRT7	0.9
9606.ENSP00000226279	9606.ENSP00000337332	CD38	SIRT6	0.9
9606.ENSP00000226279	9606.ENSP00000372191	CD38	SIRT3	0.906
9606.ENSP00000226574	9606.ENSP00000368100	NFKB1	RAD50	0.154
9606.ENSP00000226574	9606.ENSP00000263341	NFKB1	IL1B	0.158
9606.ENSP00000226574	9606.ENSP00000229795	NFKB1	MAPK14	0.17
9606.ENSP00000226574	9606.ENSP00000313420	NFKB1	PRKDC	0.185
9606.ENSP00000226574	9606.ENSP00000297350	NFKB1	TNFRSF11B	0.19
9606.ENSP00000226574	9606.ENSP00000381185	NFKB1	BCL2	0.197
9606.ENSP00000226574	9606.ENSP00000260010	NFKB1	TLR2	0.199
9606.ENSP00000226574	9606.ENSP00000264832	NFKB1	ICAM1	0.199
9606.ENSP00000226574	9606.ENSP00000275493	NFKB1	EGFR	0.201
9606.ENSP00000226574	9606.ENSP00000471896	NFKB1	IRF3	0.202
9606.ENSP00000226574	9606.ENSP00000344208	NFKB1	TRIM14	0.219
9606.ENSP00000226574	9606.ENSP00000385675	NFKB1	IL6	0.237
9606.ENSP00000226574	9606.ENSP00000256458	NFKB1	IRAK2	0.28
9606.ENSP00000226574	9606.ENSP00000363089	NFKB1	TLR4	0.362
9606.ENSP00000226574	9606.ENSP00000274364	NFKB1	IQGAP2	0.366
9606.ENSP00000226574	9606.ENSP00000451828	NFKB1	AKT1	0.381
9606.ENSP00000226574	9606.ENSP00000498321	NFKB1	MYD88	0.439
9606.ENSP00000226574	9606.ENSP00000345347	NFKB1	HMGB1	0.456
9606.ENSP00000226574	9606.ENSP00000380073	NFKB1	IRF9	0.456
9606.ENSP00000226574	9606.ENSP00000437621	NFKB1	HMGA2	0.456
9606.ENSP00000226574	9606.ENSP00000330341	NFKB1	SOCS3	0.457
9606.ENSP00000226574	9606.ENSP00000340330	NFKB1	KAT5	0.457
9606.ENSP00000226574	9606.ENSP00000371475	NFKB1	TP53BP1	0.457
9606.ENSP00000226574	9606.ENSP00000384849	NFKB1	CDKN1A	0.457
9606.ENSP00000226574	9606.ENSP00000391090	NFKB1	CHEK1	0.457
9606.ENSP00000226574	9606.ENSP00000471239	NFKB1	ZFP36	0.457
9606.ENSP00000226574	9606.ENSP00000479667	NFKB1	RPS6KA5	0.457
9606.ENSP00000226574	9606.ENSP00000278616	NFKB1	ATM	0.473
9606.ENSP00000226574	9606.ENSP00000481570	NFKB1	TNFAIP3	0.489
9606.ENSP00000226574	9606.ENSP00000399888	NFKB1	HMGA1	0.49
9606.ENSP00000226574	9606.ENSP00000356520	NFKB1	DHX9	0.533
9606.ENSP00000226574	9606.ENSP00000433623	NFKB1	TRAF6	0.566
9606.ENSP00000226574	9606.ENSP00000354394	NFKB1	STAT1	0.606
9606.ENSP00000226574	9606.ENSP00000269305	NFKB1	TP53	0.647
9606.ENSP00000226574	9606.ENSP00000398698	NFKB1	TNF	0.663
9606.ENSP00000226574	9606.ENSP00000329967	NFKB1	TBK1	0.668
9606.ENSP00000226574	9606.ENSP00000305422	NFKB1	CEBPB	0.733
9606.ENSP00000226574	9606.ENSP00000345571	NFKB1	E2F1	0.764
9606.ENSP00000226574	9606.ENSP00000360266	NFKB1	JUN	0.787
9606.ENSP00000226574	9606.ENSP00000263464	NFKB1	BIRC3	0.858
9606.ENSP00000226574	9606.ENSP00000264657	NFKB1	STAT3	0.892
9606.ENSP00000226574	9606.ENSP00000498587	NFKB1	NOTCH1	0.917
9606.ENSP00000226574	9606.ENSP00000325663	NFKB1	NFKBIZ	0.971
9606.ENSP00000226574	9606.ENSP00000495360	NFKB1	CTNNB1	0.985
9606.ENSP00000226574	9606.ENSP00000483825	NFKB1	IKBKG	0.997
9606.ENSP00000226574	9606.ENSP00000295025	NFKB1	REL	0.999
9606.ENSP00000226574	9606.ENSP00000317891	NFKB1	TNIP1	0.999
9606.ENSP00000226574	9606.ENSP00000358983	NFKB1	NFKB2	0.999
9606.ENSP00000226574	9606.ENSP00000359424	NFKB1	CHUK	0.999
9606.ENSP00000226574	9606.ENSP00000362649	NFKB1	HDAC1	0.999
9606.ENSP00000226574	9606.ENSP00000384273	NFKB1	RELA	0.999
9606.ENSP00000226574	9606.ENSP00000430684	NFKB1	IKBKB	0.999
9606.ENSP00000226730	9606.ENSP00000264657	IL2	STAT3	0.194
9606.ENSP00000226730	9606.ENSP00000229135	IL2	IFNG	0.371
9606.ENSP00000226730	9606.ENSP00000306157	IL2	IL7R	0.375
9606.ENSP00000226730	9606.ENSP00000263339	IL2	IL1A	0.39
9606.ENSP00000226730	9606.ENSP00000385675	IL2	IL6	0.394
9606.ENSP00000226730	9606.ENSP00000263967	IL2	PIK3CA	0.4
9606.ENSP00000226730	9606.ENSP00000398698	IL2	TNF	0.413
9606.ENSP00000226730	9606.ENSP00000253024	IL2	TRIM28	0.456
9606.ENSP00000226730	9606.ENSP00000264709	IL2	DNMT3A	0.456
9606.ENSP00000226730	9606.ENSP00000360266	IL2	JUN	0.456
9606.ENSP00000226730	9606.ENSP00000263341	IL2	IL1B	0.535
9606.ENSP00000226730	9606.ENSP00000362649	IL2	HDAC1	0.802
9606.ENSP00000226730	9606.ENSP00000384273	IL2	RELA	0.802
9606.ENSP00000226730	9606.ENSP00000499900	IL2	JAK1	0.817
9606.ENSP00000226730	9606.ENSP00000497968	IL2	IL17A	0.879
9606.ENSP00000226730	9606.ENSP00000263851	IL2	IL7	0.93
9606.ENSP00000226730	9606.ENSP00000296545	IL2	IL15	0.935
9606.ENSP00000226730	9606.ENSP00000231449	IL2	IL4	0.94
9606.ENSP00000227471	9606.ENSP00000493536	UNC93B1	SAMHD1	0.169
9606.ENSP00000227471	9606.ENSP00000320309	UNC93B1	FARSA	0.197
9606.ENSP00000227471	9606.ENSP00000382342	UNC93B1	ABCC1	0.269
9606.ENSP00000227471	9606.ENSP00000428184	UNC93B1	SDCBP	0.426
9606.ENSP00000227471	9606.ENSP00000358997	UNC93B1	IRAK1	0.546
9606.ENSP00000227471	9606.ENSP00000353874	UNC93B1	TLR9	0.673
9606.ENSP00000227471	9606.ENSP00000312082	UNC93B1	TLR8	0.933
9606.ENSP00000227471	9606.ENSP00000370034	UNC93B1	TLR7	0.962
9606.ENSP00000227471	9606.ENSP00000296795	UNC93B1	TLR3	0.966
9606.ENSP00000227507	9606.ENSP00000451828	CCND1	AKT1	0.183
9606.ENSP00000227507	9606.ENSP00000354558	CCND1	MTOR	0.193
9606.ENSP00000227507	9606.ENSP00000358022	CCND1	MCL1	0.2
9606.ENSP00000227507	9606.ENSP00000327459	CCND1	APOBEC3B	0.206
9606.ENSP00000227507	9606.ENSP00000357625	CCND1	BNIP3	0.206
9606.ENSP00000227507	9606.ENSP00000354394	CCND1	STAT1	0.207
9606.ENSP00000227507	9606.ENSP00000263967	CCND1	PIK3CA	0.242
9606.ENSP00000227507	9606.ENSP00000343896	CCND1	SMARCA4	0.281
9606.ENSP00000227507	9606.ENSP00000275493	CCND1	EGFR	0.309
9606.ENSP00000227507	9606.ENSP00000381185	CCND1	BCL2	0.347
9606.ENSP00000227507	9606.ENSP00000263377	CCND1	BRD4	0.35
9606.ENSP00000227507	9606.ENSP00000370812	CCND1	ESM1	0.35
9606.ENSP00000227507	9606.ENSP00000264350	CCND1	HERC5	0.456
9606.ENSP00000227507	9606.ENSP00000258149	CCND1	MDM2	0.457
9606.ENSP00000227507	9606.ENSP00000355865	CCND1	PRKN	0.457
9606.ENSP00000227507	9606.ENSP00000380150	CCND1	CARD11	0.457
9606.ENSP00000227507	9606.ENSP00000498476	CCND1	MAP1LC3B	0.457
9606.ENSP00000227507	9606.ENSP00000385269	CCND1	ELAVL1	0.465
9606.ENSP00000227507	9606.ENSP00000360266	CCND1	JUN	0.491
9606.ENSP00000227507	9606.ENSP00000374455	CCND1	SQSTM1	0.596
9606.ENSP00000227507	9606.ENSP00000384273	CCND1	RELA	0.802
9606.ENSP00000227507	9606.ENSP00000406549	CCND1	TAF1	0.802
9606.ENSP00000227507	9606.ENSP00000495360	CCND1	CTNNB1	0.808
9606.ENSP00000227507	9606.ENSP00000362649	CCND1	HDAC1	0.85
9606.ENSP00000227507	9606.ENSP00000269305	CCND1	TP53	0.864
9606.ENSP00000227507	9606.ENSP00000319169	CCND1	PRMT5	0.896
9606.ENSP00000227507	9606.ENSP00000264657	CCND1	STAT3	0.93
9606.ENSP00000227507	9606.ENSP00000418915	CCND1	CDKN2A	0.976
9606.ENSP00000227507	9606.ENSP00000267163	CCND1	RB1	0.999
9606.ENSP00000227507	9606.ENSP00000378699	CCND1	CDK1	0.999
9606.ENSP00000227507	9606.ENSP00000384849	CCND1	CDKN1A	0.999
9606.ENSP00000228347	9606.ENSP00000269305	POLR3B	TP53	0.277
9606.ENSP00000228347	9606.ENSP00000253024	POLR3B	TRIM28	0.457
9606.ENSP00000228347	9606.ENSP00000263377	POLR3B	BRD4	0.457
9606.ENSP00000228347	9606.ENSP00000326031	POLR3B	PPP1CA	0.551
9606.ENSP00000228347	9606.ENSP00000313420	POLR3B	PRKDC	0.566
9606.ENSP00000228347	9606.ENSP00000341779	POLR3B	PPP1CC	0.816
9606.ENSP00000228347	9606.ENSP00000361446	POLR3B	POLR3A	0.999
9606.ENSP00000228463	9606.ENSP00000359663	SELPLG	CD40LG	0.435
9606.ENSP00000228463	9606.ENSP00000317891	SELPLG	TNIP1	0.457
9606.ENSP00000228463	9606.ENSP00000294728	SELPLG	VCAM1	0.478
9606.ENSP00000228463	9606.ENSP00000264832	SELPLG	ICAM1	0.502
9606.ENSP00000228928	9606.ENSP00000401980	OAS3	MAVS	0.186
9606.ENSP00000228928	9606.ENSP00000300589	OAS3	NOD2	0.207
9606.ENSP00000228928	9606.ENSP00000356530	OAS3	RNASEL	0.209
9606.ENSP00000228928	9606.ENSP00000354522	OAS3	TOP1	0.217
9606.ENSP00000228928	9606.ENSP00000357643	OAS3	MKI67	0.456
9606.ENSP00000228928	9606.ENSP00000388001	OAS3	OAS1	0.918
9606.ENSP00000228928	9606.ENSP00000342278	OAS3	OAS2	0.93
9606.ENSP00000229135	9606.ENSP00000280357	IFNG	IL18	0.16
9606.ENSP00000229135	9606.ENSP00000482259	IFNG	CCL4	0.169
9606.ENSP00000229135	9606.ENSP00000269305	IFNG	TP53	0.193
9606.ENSP00000229135	9606.ENSP00000353874	IFNG	TLR9	0.198
9606.ENSP00000229135	9606.ENSP00000345347	IFNG	HMGB1	0.206
9606.ENSP00000229135	9606.ENSP00000299855	IFNG	MMP3	0.23
9606.ENSP00000229135	9606.ENSP00000270139	IFNG	IFNAR1	0.292
9606.ENSP00000229135	9606.ENSP00000296871	IFNG	CSF2	0.303
9606.ENSP00000229135	9606.ENSP00000264657	IFNG	STAT3	0.312
9606.ENSP00000229135	9606.ENSP00000343957	IFNG	IFNAR2	0.34
9606.ENSP00000229135	9606.ENSP00000245414	IFNG	IRF1	0.347
9606.ENSP00000229135	9606.ENSP00000363089	IFNG	TLR4	0.418
9606.ENSP00000229135	9606.ENSP00000253024	IFNG	TRIM28	0.456
9606.ENSP00000229135	9606.ENSP00000263341	IFNG	IL1B	0.457
9606.ENSP00000229135	9606.ENSP00000330341	IFNG	SOCS3	0.5
9606.ENSP00000229135	9606.ENSP00000496577	IFNG	SOCS1	0.5
9606.ENSP00000229135	9606.ENSP00000398698	IFNG	TNF	0.511
9606.ENSP00000229135	9606.ENSP00000499900	IFNG	JAK1	0.662
9606.ENSP00000229135	9606.ENSP00000371067	IFNG	JAK2	0.702
9606.ENSP00000229135	9606.ENSP00000354394	IFNG	STAT1	0.796
9606.ENSP00000229708	9606.ENSP00000264832	ULBP1	ICAM1	0.183
9606.ENSP00000229708	9606.ENSP00000356320	ULBP1	ULBP2	0.9
9606.ENSP00000229708	9606.ENSP00000356308	ULBP1	ULBP3	0.997
9606.ENSP00000229795	9606.ENSP00000343896	MAPK14	SMARCA4	0.175
9606.ENSP00000229795	9606.ENSP00000324856	MAPK14	STK11	0.195
9606.ENSP00000229795	9606.ENSP00000362649	MAPK14	HDAC1	0.236
9606.ENSP00000229795	9606.ENSP00000418915	MAPK14	CDKN2A	0.255
9606.ENSP00000229795	9606.ENSP00000264335	MAPK14	YWHAE	0.267
9606.ENSP00000229795	9606.ENSP00000384273	MAPK14	RELA	0.274
9606.ENSP00000229795	9606.ENSP00000296782	MAPK14	RICTOR	0.406
9606.ENSP00000229795	9606.ENSP00000386710	MAPK14	ATG9A	0.456
9606.ENSP00000229795	9606.ENSP00000298717	MAPK14	METTL3	0.457
9606.ENSP00000229795	9606.ENSP00000324560	MAPK14	ULK1	0.457
9606.ENSP00000229795	9606.ENSP00000351273	MAPK14	CASP8	0.457
9606.ENSP00000229795	9606.ENSP00000360266	MAPK14	JUN	0.457
9606.ENSP00000229795	9606.ENSP00000365230	MAPK14	BCL2L1	0.457
9606.ENSP00000229795	9606.ENSP00000384849	MAPK14	CDKN1A	0.457
9606.ENSP00000229795	9606.ENSP00000448665	MAPK14	DDIT3	0.457
9606.ENSP00000229795	9606.ENSP00000460475	MAPK14	NLRP1	0.457
9606.ENSP00000229795	9606.ENSP00000358997	MAPK14	IRAK1	0.472
9606.ENSP00000229795	9606.ENSP00000483570	MAPK14	BTK	0.494
9606.ENSP00000229795	9606.ENSP00000495360	MAPK14	CTNNB1	0.5
9606.ENSP00000229795	9606.ENSP00000430684	MAPK14	IKBKB	0.656
9606.ENSP00000229795	9606.ENSP00000278616	MAPK14	ATM	0.802
9606.ENSP00000229795	9606.ENSP00000374455	MAPK14	SQSTM1	0.802
9606.ENSP00000229795	9606.ENSP00000268182	MAPK14	IQGAP1	0.818
9606.ENSP00000229795	9606.ENSP00000337386	MAPK14	ZFP36L1	0.872
9606.ENSP00000229795	9606.ENSP00000275493	MAPK14	EGFR	0.911
9606.ENSP00000229795	9606.ENSP00000479667	MAPK14	RPS6KA5	0.973
9606.ENSP00000229795	9606.ENSP00000267163	MAPK14	RB1	0.976
9606.ENSP00000229795	9606.ENSP00000451828	MAPK14	AKT1	0.983
9606.ENSP00000229795	9606.ENSP00000239223	MAPK14	DUSP1	0.995
9606.ENSP00000229795	9606.ENSP00000269305	MAPK14	TP53	0.999
9606.ENSP00000229795	9606.ENSP00000356070	MAPK14	MAPKAPK2	0.999
9606.ENSP00000231009	9606.ENSP00000296503	GZMK	HMGB2	0.457
9606.ENSP00000231449	9606.ENSP00000412237	IL4	IL10	0.172
9606.ENSP00000231449	9606.ENSP00000302234	IL4	CCL11	0.187
9606.ENSP00000231449	9606.ENSP00000359663	IL4	CD40LG	0.19
9606.ENSP00000231449	9606.ENSP00000263341	IL4	IL1B	0.212
9606.ENSP00000231449	9606.ENSP00000307272	IL4	RPTOR	0.241
9606.ENSP00000231449	9606.ENSP00000306157	IL4	IL7R	0.277
9606.ENSP00000231449	9606.ENSP00000231454	IL4	IL5	0.322
9606.ENSP00000231449	9606.ENSP00000323929	IL4	A2M	0.49
9606.ENSP00000231449	9606.ENSP00000496577	IL4	SOCS1	0.5
9606.ENSP00000231449	9606.ENSP00000264657	IL4	STAT3	0.502
9606.ENSP00000231449	9606.ENSP00000371067	IL4	JAK2	0.512
9606.ENSP00000231449	9606.ENSP00000304915	IL4	IL13	0.526
9606.ENSP00000231449	9606.ENSP00000499900	IL4	JAK1	0.672
9606.ENSP00000231449	9606.ENSP00000296545	IL4	IL15	0.914
9606.ENSP00000231449	9606.ENSP00000263851	IL4	IL7	0.924
9606.ENSP00000231454	9606.ENSP00000263967	IL5	PIK3CA	0.4
9606.ENSP00000231454	9606.ENSP00000371067	IL5	JAK2	0.443
9606.ENSP00000231454	9606.ENSP00000296871	IL5	CSF2	0.925
9606.ENSP00000231454	9606.ENSP00000384053	IL5	CSF2RB	0.956
9606.ENSP00000233057	9606.ENSP00000354522	EIF2AK2	TOP1	0.186
9606.ENSP00000233057	9606.ENSP00000320309	EIF2AK2	FARSA	0.216
9606.ENSP00000233057	9606.ENSP00000341779	EIF2AK2	PPP1CC	0.216
9606.ENSP00000233057	9606.ENSP00000451291	EIF2AK2	HNRNPC	0.216
9606.ENSP00000233057	9606.ENSP00000376500	EIF2AK2	TRAF3	0.287
9606.ENSP00000233057	9606.ENSP00000300589	EIF2AK2	NOD2	0.327
9606.ENSP00000233057	9606.ENSP00000399797	EIF2AK2	MOV10	0.36
9606.ENSP00000233057	9606.ENSP00000395535	EIF2AK2	MECP2	0.415
9606.ENSP00000233057	9606.ENSP00000497271	EIF2AK2	IFIH1	0.439
9606.ENSP00000233057	9606.ENSP00000352738	EIF2AK2	G3BP2	0.456
9606.ENSP00000233057	9606.ENSP00000253024	EIF2AK2	TRIM28	0.457
9606.ENSP00000233057	9606.ENSP00000254436	EIF2AK2	TRIM21	0.457
9606.ENSP00000233057	9606.ENSP00000357283	EIF2AK2	LMNA	0.457
9606.ENSP00000233057	9606.ENSP00000378699	EIF2AK2	CDK1	0.457
9606.ENSP00000233057	9606.ENSP00000499900	EIF2AK2	JAK1	0.457
9606.ENSP00000233057	9606.ENSP00000460475	EIF2AK2	NLRP1	0.483
9606.ENSP00000233057	9606.ENSP00000385428	EIF2AK2	NLRC4	0.485
9606.ENSP00000233057	9606.ENSP00000428657	EIF2AK2	NAIP	0.485
9606.ENSP00000233057	9606.ENSP00000357112	EIF2AK2	AIM2	0.486
9606.ENSP00000233057	9606.ENSP00000247470	EIF2AK2	PYCARD	0.49
9606.ENSP00000233057	9606.ENSP00000358335	EIF2AK2	MAP3K7	0.49
9606.ENSP00000233057	9606.ENSP00000433138	EIF2AK2	CASP1	0.49
9606.ENSP00000233057	9606.ENSP00000369213	EIF2AK2	DDX58	0.495
9606.ENSP00000233057	9606.ENSP00000251642	EIF2AK2	DHX58	0.523
9606.ENSP00000233057	9606.ENSP00000496832	EIF2AK2	ISG15	0.53
9606.ENSP00000233057	9606.ENSP00000337383	EIF2AK2	NLRP3	0.592
9606.ENSP00000233057	9606.ENSP00000261464	EIF2AK2	TRAF5	0.596
9606.ENSP00000233057	9606.ENSP00000483825	EIF2AK2	IKBKG	0.8
9606.ENSP00000233057	9606.ENSP00000263377	EIF2AK2	BRD4	0.802
9606.ENSP00000233057	9606.ENSP00000269305	EIF2AK2	TP53	0.802
9606.ENSP00000233057	9606.ENSP00000326031	EIF2AK2	PPP1CA	0.802
9606.ENSP00000233057	9606.ENSP00000357113	EIF2AK2	IFI16	0.802
9606.ENSP00000233057	9606.ENSP00000264657	EIF2AK2	STAT3	0.847
9606.ENSP00000233057	9606.ENSP00000356520	EIF2AK2	DHX9	0.877
9606.ENSP00000233057	9606.ENSP00000433623	EIF2AK2	TRAF6	0.88
9606.ENSP00000233057	9606.ENSP00000430684	EIF2AK2	IKBKB	0.886
9606.ENSP00000233057	9606.ENSP00000377681	EIF2AK2	G3BP1	0.917
9606.ENSP00000233057	9606.ENSP00000401980	EIF2AK2	MAVS	0.918
9606.ENSP00000233057	9606.ENSP00000357459	EIF2AK2	ADAR	0.953
9606.ENSP00000233057	9606.ENSP00000354394	EIF2AK2	STAT1	0.961
9606.ENSP00000233057	9606.ENSP00000359424	EIF2AK2	CHUK	0.982
9606.ENSP00000233057	9606.ENSP00000256383	EIF2AK2	EIF2S1	0.999
9606.ENSP00000233057	9606.ENSP00000318176	EIF2AK2	PRKRA	0.999
9606.ENSP00000233809	9606.ENSP00000384849	IGFBP2	CDKN1A	0.457
9606.ENSP00000233809	9606.ENSP00000275493	IGFBP2	EGFR	0.492
9606.ENSP00000233809	9606.ENSP00000376637	IGFBP2	IGF1	0.924
9606.ENSP00000233813	9606.ENSP00000378517	IGFBP5	SPP1	0.456
9606.ENSP00000233813	9606.ENSP00000301464	IGFBP5	IGFBP6	0.54
9606.ENSP00000233813	9606.ENSP00000330382	IGFBP5	PDGFB	0.54
9606.ENSP00000233813	9606.ENSP00000346508	IGFBP5	PDGFA	0.54
9606.ENSP00000233813	9606.ENSP00000330658	IGFBP5	PAPPA	0.9
9606.ENSP00000233813	9606.ENSP00000370473	IGFBP5	IGFBP3	0.947
9606.ENSP00000233813	9606.ENSP00000376637	IGFBP5	IGF1	0.995
9606.ENSP00000239223	9606.ENSP00000359424	DUSP1	CHUK	0.457
9606.ENSP00000239223	9606.ENSP00000430684	DUSP1	IKBKB	0.457
9606.ENSP00000241261	9606.ENSP00000339527	TNFSF10	FOXO3	0.456
9606.ENSP00000241261	9606.ENSP00000330341	TNFSF10	SOCS3	0.457
9606.ENSP00000241261	9606.ENSP00000481570	TNFSF10	TNFAIP3	0.457
9606.ENSP00000241261	9606.ENSP00000398698	TNFSF10	TNF	0.474
9606.ENSP00000241261	9606.ENSP00000297350	TNFSF10	TNFRSF11B	0.744
9606.ENSP00000241261	9606.ENSP00000498466	TNFSF10	FAS	0.809
9606.ENSP00000241261	9606.ENSP00000259808	TNFSF10	RIPK1	0.933
9606.ENSP00000241261	9606.ENSP00000349324	TNFSF10	TNFRSF10C	0.981
9606.ENSP00000241261	9606.ENSP00000351273	TNFSF10	CASP8	0.999
9606.ENSP00000242208	9606.ENSP00000343896	INHBA	SMARCA4	0.175
9606.ENSP00000242208	9606.ENSP00000275493	INHBA	EGFR	0.183
9606.ENSP00000242208	9606.ENSP00000451828	INHBA	AKT1	0.266
9606.ENSP00000242208	9606.ENSP00000269305	INHBA	TP53	0.601
9606.ENSP00000242208	9606.ENSP00000243786	INHBA	INHA	0.919
9606.ENSP00000242208	9606.ENSP00000442656	INHBA	ACVR1B	0.973
9606.ENSP00000242351	9606.ENSP00000318176	ZC3HAV1	PRKRA	0.15
9606.ENSP00000242351	9606.ENSP00000451828	ZC3HAV1	AKT1	0.16
9606.ENSP00000242351	9606.ENSP00000434024	ZC3HAV1	H2AX	0.163
9606.ENSP00000242351	9606.ENSP00000478754	ZC3HAV1	DDX6	0.165
9606.ENSP00000242351	9606.ENSP00000358072	ZC3HAV1	ATG5	0.169
9606.ENSP00000242351	9606.ENSP00000455308	ZC3HAV1	ZNF598	0.17
9606.ENSP00000242351	9606.ENSP00000484056	ZC3HAV1	ZCCHC3	0.172
9606.ENSP00000242351	9606.ENSP00000417078	ZC3HAV1	DHX36	0.213
9606.ENSP00000242351	9606.ENSP00000346120	ZC3HAV1	DDX21	0.295
9606.ENSP00000242351	9606.ENSP00000399797	ZC3HAV1	MOV10	0.452
9606.ENSP00000242351	9606.ENSP00000250448	ZC3HAV1	FOXA1	0.457
9606.ENSP00000242351	9606.ENSP00000263377	ZC3HAV1	BRD4	0.457
9606.ENSP00000242351	9606.ENSP00000328340	ZC3HAV1	RNF135	0.457
9606.ENSP00000242351	9606.ENSP00000346437	ZC3HAV1	ATG7	0.5
9606.ENSP00000242351	9606.ENSP00000357283	ZC3HAV1	LMNA	0.5
9606.ENSP00000242351	9606.ENSP00000257570	ZC3HAV1	OASL	0.505
9606.ENSP00000242351	9606.ENSP00000377681	ZC3HAV1	G3BP1	0.601
9606.ENSP00000242351	9606.ENSP00000369213	ZC3HAV1	DDX58	0.648
9606.ENSP00000242351	9606.ENSP00000359364	ZC3HAV1	YTHDF1	0.762
9606.ENSP00000242351	9606.ENSP00000357113	ZC3HAV1	IFI16	0.802
9606.ENSP00000242351	9606.ENSP00000385610	ZC3HAV1	MEX3C	0.802
9606.ENSP00000242351	9606.ENSP00000323889	ZC3HAV1	TRIM25	0.999
9606.ENSP00000243786	9606.ENSP00000483825	INHA	IKBKG	0.644
9606.ENSP00000244571	9606.ENSP00000395294	AARS2	CD70	0.217
9606.ENSP00000244571	9606.ENSP00000352678	AARS2	SUPV3L1	0.301
9606.ENSP00000244571	9606.ENSP00000357643	AARS2	MKI67	0.456
9606.ENSP00000244571	9606.ENSP00000253024	AARS2	TRIM28	0.457
9606.ENSP00000244571	9606.ENSP00000263377	AARS2	BRD4	0.457
9606.ENSP00000244571	9606.ENSP00000261772	AARS2	AARS1	0.906
9606.ENSP00000244709	9606.ENSP00000345347	TREM1	HMGB1	0.239
9606.ENSP00000244869	9606.ENSP00000263967	EREG	PIK3CA	0.4
9606.ENSP00000244869	9606.ENSP00000404131	EREG	TGFA	0.4
9606.ENSP00000244869	9606.ENSP00000379097	EREG	AREG	0.432
9606.ENSP00000244869	9606.ENSP00000287842	EREG	NRG1	0.763
9606.ENSP00000244869	9606.ENSP00000265171	EREG	EGF	0.866
9606.ENSP00000244869	9606.ENSP00000275493	EREG	EGFR	0.998
9606.ENSP00000245414	9606.ENSP00000418037	IRF1	IRF5	0.205
9606.ENSP00000245414	9606.ENSP00000364016	IRF1	PSMB8	0.206
9606.ENSP00000245414	9606.ENSP00000362649	IRF1	HDAC1	0.207
9606.ENSP00000245414	9606.ENSP00000278616	IRF1	ATM	0.208
9606.ENSP00000245414	9606.ENSP00000360266	IRF1	JUN	0.28
9606.ENSP00000245414	9606.ENSP00000363993	IRF1	PSMB9	0.28
9606.ENSP00000245414	9606.ENSP00000315768	IRF1	STAT2	0.378
9606.ENSP00000245414	9606.ENSP00000498321	IRF1	MYD88	0.449
9606.ENSP00000245414	9606.ENSP00000376500	IRF1	TRAF3	0.456
9606.ENSP00000245414	9606.ENSP00000483430	IRF1	IFI27	0.456
9606.ENSP00000245414	9606.ENSP00000433623	IRF1	TRAF6	0.457
9606.ENSP00000245414	9606.ENSP00000471896	IRF1	IRF3	0.487
9606.ENSP00000245414	9606.ENSP00000399888	IRF1	HMGA1	0.549
9606.ENSP00000245414	9606.ENSP00000380073	IRF1	IRF9	0.582
9606.ENSP00000245414	9606.ENSP00000264657	IRF1	STAT3	0.628
9606.ENSP00000245414	9606.ENSP00000343896	IRF1	SMARCA4	0.78
9606.ENSP00000245414	9606.ENSP00000253024	IRF1	TRIM28	0.802
9606.ENSP00000245414	9606.ENSP00000263464	IRF1	BIRC3	0.802
9606.ENSP00000245414	9606.ENSP00000354822	IRF1	XAF1	0.802
9606.ENSP00000245414	9606.ENSP00000258149	IRF1	MDM2	0.991
9606.ENSP00000245414	9606.ENSP00000354394	IRF1	STAT1	0.999
9606.ENSP00000247178	9606.ENSP00000343896	ATG14	SMARCA4	0.15
9606.ENSP00000247178	9606.ENSP00000498476	ATG14	MAP1LC3B	0.16
9606.ENSP00000247178	9606.ENSP00000275493	ATG14	EGFR	0.182
9606.ENSP00000247178	9606.ENSP00000451828	ATG14	AKT1	0.202
9606.ENSP00000247178	9606.ENSP00000359364	ATG14	YTHDF1	0.205
9606.ENSP00000247178	9606.ENSP00000398523	ATG14	CALCOCO2	0.35
9606.ENSP00000247178	9606.ENSP00000306866	ATG14	GABARAP	0.363
9606.ENSP00000247178	9606.ENSP00000381185	ATG14	BCL2	0.442
9606.ENSP00000247178	9606.ENSP00000282561	ATG14	GJA1	0.457
9606.ENSP00000247178	9606.ENSP00000364261	ATG14	OTUD3	0.457
9606.ENSP00000247178	9606.ENSP00000408411	ATG14	LAMP2	0.457
9606.ENSP00000247178	9606.ENSP00000368100	ATG14	RAD50	0.539
9606.ENSP00000247178	9606.ENSP00000263967	ATG14	PIK3CA	0.858
9606.ENSP00000247178	9606.ENSP00000262039	ATG14	PIK3C3	0.999
9606.ENSP00000247178	9606.ENSP00000324560	ATG14	ULK1	0.999
9606.ENSP00000247178	9606.ENSP00000355231	ATG14	BECN1	0.999
9606.ENSP00000247470	9606.ENSP00000263341	PYCARD	IL1B	0.199
9606.ENSP00000247470	9606.ENSP00000280357	PYCARD	IL18	0.201
9606.ENSP00000247470	9606.ENSP00000294353	PYCARD	ZYG11B	0.206
9606.ENSP00000247470	9606.ENSP00000357122	PYCARD	PYHIN1	0.323
9606.ENSP00000247470	9606.ENSP00000357123	PYCARD	MNDA	0.323
9606.ENSP00000247470	9606.ENSP00000293288	PYCARD	BAX	0.456
9606.ENSP00000247470	9606.ENSP00000355231	PYCARD	BECN1	0.456
9606.ENSP00000247470	9606.ENSP00000370698	PYCARD	IL6ST	0.456
9606.ENSP00000247470	9606.ENSP00000253024	PYCARD	TRIM28	0.457
9606.ENSP00000247470	9606.ENSP00000352039	PYCARD	NLRC3	0.474
9606.ENSP00000247470	9606.ENSP00000369213	PYCARD	DDX58	0.49
9606.ENSP00000247470	9606.ENSP00000358335	PYCARD	MAP3K7	0.498
9606.ENSP00000247470	9606.ENSP00000401980	PYCARD	MAVS	0.5
9606.ENSP00000247470	9606.ENSP00000433623	PYCARD	TRAF6	0.78
9606.ENSP00000247470	9606.ENSP00000259808	PYCARD	RIPK1	0.893
9606.ENSP00000247470	9606.ENSP00000379826	PYCARD	TRIM40	0.9
9606.ENSP00000247470	9606.ENSP00000499211	PYCARD	CARD8	0.923
9606.ENSP00000247470	9606.ENSP00000309767	PYCARD	NLRP6	0.924
9606.ENSP00000247470	9606.ENSP00000388566	PYCARD	CASP4	0.924
9606.ENSP00000247470	9606.ENSP00000433209	PYCARD	GSDMD	0.93
9606.ENSP00000247470	9606.ENSP00000359424	PYCARD	CHUK	0.943
9606.ENSP00000247470	9606.ENSP00000430684	PYCARD	IKBKB	0.943
9606.ENSP00000247470	9606.ENSP00000360860	PYCARD	IFIT5	0.945
9606.ENSP00000247470	9606.ENSP00000483825	PYCARD	IKBKG	0.946
9606.ENSP00000247470	9606.ENSP00000376849	PYCARD	CASP5	0.964
9606.ENSP00000247470	9606.ENSP00000357113	PYCARD	IFI16	0.979
9606.ENSP00000247470	9606.ENSP00000374455	PYCARD	SQSTM1	0.984
9606.ENSP00000247470	9606.ENSP00000428657	PYCARD	NAIP	0.985
9606.ENSP00000247470	9606.ENSP00000460475	PYCARD	NLRP1	0.994
9606.ENSP00000247470	9606.ENSP00000385428	PYCARD	NLRC4	0.996
9606.ENSP00000247470	9606.ENSP00000351273	PYCARD	CASP8	0.998
9606.ENSP00000247470	9606.ENSP00000337383	PYCARD	NLRP3	0.999
9606.ENSP00000247470	9606.ENSP00000357112	PYCARD	AIM2	0.999
9606.ENSP00000247470	9606.ENSP00000433138	PYCARD	CASP1	0.999
9606.ENSP00000247970	9606.ENSP00000388001	PIN1	OAS1	0.153
9606.ENSP00000247970	9606.ENSP00000317891	PIN1	TNIP1	0.176
9606.ENSP00000247970	9606.ENSP00000478927	PIN1	YAP1	0.312
9606.ENSP00000247970	9606.ENSP00000352438	PIN1	PCBP2	0.366
9606.ENSP00000247970	9606.ENSP00000362649	PIN1	HDAC1	0.37
9606.ENSP00000247970	9606.ENSP00000293288	PIN1	BAX	0.456
9606.ENSP00000247970	9606.ENSP00000384849	PIN1	CDKN1A	0.456
9606.ENSP00000247970	9606.ENSP00000495360	PIN1	CTNNB1	0.456
9606.ENSP00000247970	9606.ENSP00000253024	PIN1	TRIM28	0.457
9606.ENSP00000247970	9606.ENSP00000263377	PIN1	BRD4	0.457
9606.ENSP00000247970	9606.ENSP00000358022	PIN1	MCL1	0.457
9606.ENSP00000247970	9606.ENSP00000363377	PIN1	FOXO4	0.457
9606.ENSP00000247970	9606.ENSP00000381185	PIN1	BCL2	0.457
9606.ENSP00000247970	9606.ENSP00000384273	PIN1	RELA	0.457
9606.ENSP00000247970	9606.ENSP00000358997	PIN1	IRAK1	0.581
9606.ENSP00000247970	9606.ENSP00000360266	PIN1	JUN	0.802
9606.ENSP00000247970	9606.ENSP00000498587	PIN1	NOTCH1	0.802
9606.ENSP00000247970	9606.ENSP00000471896	PIN1	IRF3	0.981
9606.ENSP00000247970	9606.ENSP00000269305	PIN1	TP53	0.997
9606.ENSP00000248244	9606.ENSP00000376445	TICAM1	TIRAP	0.169
9606.ENSP00000248244	9606.ENSP00000498321	TICAM1	MYD88	0.205
9606.ENSP00000248244	9606.ENSP00000305161	TICAM1	TRIM56	0.456
9606.ENSP00000248244	9606.ENSP00000481570	TICAM1	TNFAIP3	0.456
9606.ENSP00000248244	9606.ENSP00000346120	TICAM1	DDX21	0.476
9606.ENSP00000248244	9606.ENSP00000401980	TICAM1	MAVS	0.49
9606.ENSP00000248244	9606.ENSP00000261464	TICAM1	TRAF5	0.496
9606.ENSP00000248244	9606.ENSP00000256458	TICAM1	IRAK2	0.5
9606.ENSP00000248244	9606.ENSP00000359424	TICAM1	CHUK	0.5
9606.ENSP00000248244	9606.ENSP00000380697	TICAM1	IRF7	0.5
9606.ENSP00000248244	9606.ENSP00000385519	TICAM1	CD14	0.5
9606.ENSP00000248244	9606.ENSP00000483825	TICAM1	IKBKG	0.5
9606.ENSP00000248244	9606.ENSP00000430684	TICAM1	IKBKB	0.503
9606.ENSP00000248244	9606.ENSP00000312082	TICAM1	TLR8	0.509
9606.ENSP00000248244	9606.ENSP00000353874	TICAM1	TLR9	0.525
9606.ENSP00000248244	9606.ENSP00000464030	TICAM1	IKBKE	0.531
9606.ENSP00000248244	9606.ENSP00000370034	TICAM1	TLR7	0.631
9606.ENSP00000248244	9606.ENSP00000358335	TICAM1	MAP3K7	0.663
9606.ENSP00000248244	9606.ENSP00000471896	TICAM1	IRF3	0.716
9606.ENSP00000248244	9606.ENSP00000260010	TICAM1	TLR2	0.735
9606.ENSP00000248244	9606.ENSP00000259075	TICAM1	TANK	0.814
9606.ENSP00000248244	9606.ENSP00000351273	TICAM1	CASP8	0.979
9606.ENSP00000248244	9606.ENSP00000363089	TICAM1	TLR4	0.982
9606.ENSP00000248244	9606.ENSP00000415139	TICAM1	TICAM2	0.985
9606.ENSP00000248244	9606.ENSP00000376500	TICAM1	TRAF3	0.989
9606.ENSP00000248244	9606.ENSP00000259808	TICAM1	RIPK1	0.997
9606.ENSP00000248244	9606.ENSP00000296795	TICAM1	TLR3	0.997
9606.ENSP00000248244	9606.ENSP00000329967	TICAM1	TBK1	0.999
9606.ENSP00000248244	9606.ENSP00000433623	TICAM1	TRAF6	0.999
9606.ENSP00000248975	9606.ENSP00000378935	YWHAH	PPHLN1	0.169
9606.ENSP00000248975	9606.ENSP00000358335	YWHAH	MAP3K7	0.178
9606.ENSP00000248975	9606.ENSP00000420588	YWHAH	TFAM	0.189
9606.ENSP00000248975	9606.ENSP00000262039	YWHAH	PIK3C3	0.22
9606.ENSP00000248975	9606.ENSP00000351742	YWHAH	TFEB	0.228
9606.ENSP00000248975	9606.ENSP00000451828	YWHAH	AKT1	0.262
9606.ENSP00000248975	9606.ENSP00000392025	YWHAH	CYLD	0.282
9606.ENSP00000248975	9606.ENSP00000478754	YWHAH	DDX6	0.3
9606.ENSP00000248975	9606.ENSP00000355231	YWHAH	BECN1	0.305
9606.ENSP00000248975	9606.ENSP00000324856	YWHAH	STK11	0.456
9606.ENSP00000248975	9606.ENSP00000471239	YWHAH	ZFP36	0.456
9606.ENSP00000248975	9606.ENSP00000263967	YWHAH	PIK3CA	0.457
9606.ENSP00000248975	9606.ENSP00000377681	YWHAH	G3BP1	0.457
9606.ENSP00000248975	9606.ENSP00000296782	YWHAH	RICTOR	0.463
9606.ENSP00000248975	9606.ENSP00000497271	YWHAH	IFIH1	0.491
9606.ENSP00000248975	9606.ENSP00000307305	YWHAH	DDIT4	0.5
9606.ENSP00000248975	9606.ENSP00000307272	YWHAH	RPTOR	0.576
9606.ENSP00000248975	9606.ENSP00000354558	YWHAH	MTOR	0.576
9606.ENSP00000248975	9606.ENSP00000355865	YWHAH	PRKN	0.667
9606.ENSP00000248975	9606.ENSP00000385610	YWHAH	MEX3C	0.708
9606.ENSP00000248975	9606.ENSP00000481570	YWHAH	TNFAIP3	0.84
9606.ENSP00000248975	9606.ENSP00000339527	YWHAH	FOXO3	0.857
9606.ENSP00000248975	9606.ENSP00000363377	YWHAH	FOXO4	0.857
9606.ENSP00000248975	9606.ENSP00000419465	YWHAH	WWTR1	0.945
9606.ENSP00000248975	9606.ENSP00000478927	YWHAH	YAP1	0.998
9606.ENSP00000248975	9606.ENSP00000264335	YWHAH	YWHAE	0.999
9606.ENSP00000249075	9606.ENSP00000371067	LIF	JAK2	0.5
9606.ENSP00000249075	9606.ENSP00000499900	LIF	JAK1	0.531
9606.ENSP00000249075	9606.ENSP00000264563	LIF	IL11	0.9
9606.ENSP00000249075	9606.ENSP00000304915	LIF	IL13	0.9
9606.ENSP00000249075	9606.ENSP00000349365	LIF	IL27	0.9
9606.ENSP00000249075	9606.ENSP00000385675	LIF	IL6	0.904
9606.ENSP00000249075	9606.ENSP00000370698	LIF	IL6ST	0.999
9606.ENSP00000249330	9606.ENSP00000355865	VGF	PRKN	0.162
9606.ENSP00000250405	9606.ENSP00000354522	BCL2L2	TOP1	0.211
9606.ENSP00000250405	9606.ENSP00000275493	BCL2L2	EGFR	0.277
9606.ENSP00000250405	9606.ENSP00000451828	BCL2L2	AKT1	0.287
9606.ENSP00000250405	9606.ENSP00000357625	BCL2L2	BNIP3	0.384
9606.ENSP00000250405	9606.ENSP00000355865	BCL2L2	PRKN	0.457
9606.ENSP00000250405	9606.ENSP00000364204	BCL2L2	PINK1	0.457
9606.ENSP00000250405	9606.ENSP00000269305	BCL2L2	TP53	0.46
9606.ENSP00000250405	9606.ENSP00000326031	BCL2L2	PPP1CA	0.491
9606.ENSP00000250405	9606.ENSP00000381185	BCL2L2	BCL2	0.615
9606.ENSP00000250405	9606.ENSP00000358022	BCL2L2	MCL1	0.922
9606.ENSP00000250405	9606.ENSP00000365230	BCL2L2	BCL2L1	0.938
9606.ENSP00000250405	9606.ENSP00000326119	BCL2L2	PMAIP1	0.982
9606.ENSP00000250405	9606.ENSP00000363591	BCL2L2	BAK1	0.992
9606.ENSP00000250405	9606.ENSP00000293288	BCL2L2	BAX	0.999
9606.ENSP00000250448	9606.ENSP00000451828	FOXA1	AKT1	0.152
9606.ENSP00000250448	9606.ENSP00000343896	FOXA1	SMARCA4	0.223
9606.ENSP00000250448	9606.ENSP00000379097	FOXA1	AREG	0.269
9606.ENSP00000250448	9606.ENSP00000269593	FOXA1	IGFBP4	0.35
9606.ENSP00000250448	9606.ENSP00000275493	FOXA1	EGFR	0.416
9606.ENSP00000250448	9606.ENSP00000254301	FOXA1	LGALS3	0.457
9606.ENSP00000250448	9606.ENSP00000259021	FOXA1	KAT7	0.457
9606.ENSP00000250448	9606.ENSP00000264670	FOXA1	NSUN2	0.457
9606.ENSP00000250448	9606.ENSP00000318176	FOXA1	PRKRA	0.457
9606.ENSP00000250448	9606.ENSP00000323889	FOXA1	TRIM25	0.457
9606.ENSP00000250448	9606.ENSP00000341779	FOXA1	PPP1CC	0.457
9606.ENSP00000250448	9606.ENSP00000352516	FOXA1	DNMT1	0.457
9606.ENSP00000250448	9606.ENSP00000357459	FOXA1	ADAR	0.457
9606.ENSP00000250448	9606.ENSP00000420588	FOXA1	TFAM	0.457
9606.ENSP00000250448	9606.ENSP00000428184	FOXA1	SDCBP	0.457
9606.ENSP00000250448	9606.ENSP00000433102	FOXA1	TRIM3	0.457
9606.ENSP00000250448	9606.ENSP00000433760	FOXA1	BANF1	0.457
9606.ENSP00000250448	9606.ENSP00000451291	FOXA1	HNRNPC	0.457
9606.ENSP00000250448	9606.ENSP00000478927	FOXA1	YAP1	0.457
9606.ENSP00000250448	9606.ENSP00000498476	FOXA1	MAP1LC3B	0.457
9606.ENSP00000250448	9606.ENSP00000385269	FOXA1	ELAVL1	0.465
9606.ENSP00000250448	9606.ENSP00000435712	FOXA1	GATA4	0.468
9606.ENSP00000250448	9606.ENSP00000269305	FOXA1	TP53	0.485
9606.ENSP00000250448	9606.ENSP00000340330	FOXA1	KAT5	0.5
9606.ENSP00000250448	9606.ENSP00000360266	FOXA1	JUN	0.5
9606.ENSP00000250448	9606.ENSP00000406162	FOXA1	PRMT1	0.5
9606.ENSP00000250448	9606.ENSP00000399888	FOXA1	HMGA1	0.63
9606.ENSP00000250448	9606.ENSP00000434024	FOXA1	H2AX	0.716
9606.ENSP00000250448	9606.ENSP00000378699	FOXA1	CDK1	0.802
9606.ENSP00000251642	9606.ENSP00000433138	DHX58	CASP1	0.206
9606.ENSP00000251642	9606.ENSP00000498596	DHX58	STING1	0.206
9606.ENSP00000251642	9606.ENSP00000329967	DHX58	TBK1	0.207
9606.ENSP00000251642	9606.ENSP00000344208	DHX58	TRIM14	0.456
9606.ENSP00000251642	9606.ENSP00000261464	DHX58	TRAF5	0.457
9606.ENSP00000251642	9606.ENSP00000323889	DHX58	TRIM25	0.457
9606.ENSP00000251642	9606.ENSP00000376500	DHX58	TRAF3	0.457
9606.ENSP00000251642	9606.ENSP00000378067	DHX58	SLFN11	0.457
9606.ENSP00000251642	9606.ENSP00000433623	DHX58	TRAF6	0.491
9606.ENSP00000251642	9606.ENSP00000401980	DHX58	MAVS	0.631
9606.ENSP00000251642	9606.ENSP00000328340	DHX58	RNF135	0.794
9606.ENSP00000251642	9606.ENSP00000369213	DHX58	DDX58	0.852
9606.ENSP00000251642	9606.ENSP00000497271	DHX58	IFIH1	0.947
9606.ENSP00000252229	9606.ENSP00000275493	MICB	EGFR	0.157
9606.ENSP00000252229	9606.ENSP00000282561	MICB	GJA1	0.205
9606.ENSP00000252229	9606.ENSP00000413079	MICB	MICA	0.965
9606.ENSP00000252593	9606.ENSP00000254301	BST2	LGALS3	0.206
9606.ENSP00000252593	9606.ENSP00000358335	BST2	MAP3K7	0.457
9606.ENSP00000252593	9606.ENSP00000398523	BST2	CALCOCO2	0.457
9606.ENSP00000252593	9606.ENSP00000498321	BST2	MYD88	0.457
9606.ENSP00000252593	9606.ENSP00000411848	BST2	MARCHF8	0.729
9606.ENSP00000252809	9606.ENSP00000269305	GDF15	TP53	0.161
9606.ENSP00000252809	9606.ENSP00000262768	GDF15	TIMP2	0.219
9606.ENSP00000253024	9606.ENSP00000483825	TRIM28	IKBKG	0.163
9606.ENSP00000253024	9606.ENSP00000355865	TRIM28	PRKN	0.208
9606.ENSP00000253024	9606.ENSP00000256383	TRIM28	EIF2S1	0.457
9606.ENSP00000253024	9606.ENSP00000267163	TRIM28	RB1	0.457
9606.ENSP00000253024	9606.ENSP00000268182	TRIM28	IQGAP1	0.457
9606.ENSP00000253024	9606.ENSP00000274364	TRIM28	IQGAP2	0.457
9606.ENSP00000253024	9606.ENSP00000305422	TRIM28	CEBPB	0.457
9606.ENSP00000253024	9606.ENSP00000306920	TRIM28	GLB1	0.457
9606.ENSP00000253024	9606.ENSP00000318176	TRIM28	PRKRA	0.457
9606.ENSP00000253024	9606.ENSP00000318480	TRIM28	YME1L1	0.457
9606.ENSP00000253024	9606.ENSP00000320309	TRIM28	FARSA	0.457
9606.ENSP00000253024	9606.ENSP00000323889	TRIM28	TRIM25	0.457
9606.ENSP00000253024	9606.ENSP00000329967	TRIM28	TBK1	0.457
9606.ENSP00000253024	9606.ENSP00000335062	TRIM28	PDCD1	0.457
9606.ENSP00000253024	9606.ENSP00000337383	TRIM28	NLRP3	0.457
9606.ENSP00000253024	9606.ENSP00000352257	TRIM28	XRCC6	0.457
9606.ENSP00000253024	9606.ENSP00000352738	TRIM28	G3BP2	0.457
9606.ENSP00000253024	9606.ENSP00000354522	TRIM28	TOP1	0.457
9606.ENSP00000253024	9606.ENSP00000354558	TRIM28	MTOR	0.457
9606.ENSP00000253024	9606.ENSP00000356070	TRIM28	MAPKAPK2	0.457
9606.ENSP00000253024	9606.ENSP00000357459	TRIM28	ADAR	0.457
9606.ENSP00000253024	9606.ENSP00000357643	TRIM28	MKI67	0.457
9606.ENSP00000253024	9606.ENSP00000361446	TRIM28	POLR3A	0.457
9606.ENSP00000253024	9606.ENSP00000365625	TRIM28	DHX16	0.457
9606.ENSP00000253024	9606.ENSP00000377845	TRIM28	ASNS	0.457
9606.ENSP00000253024	9606.ENSP00000378699	TRIM28	CDK1	0.457
9606.ENSP00000253024	9606.ENSP00000385269	TRIM28	ELAVL1	0.457
9606.ENSP00000253024	9606.ENSP00000385428	TRIM28	NLRC4	0.457
9606.ENSP00000253024	9606.ENSP00000399797	TRIM28	MOV10	0.457
9606.ENSP00000253024	9606.ENSP00000401980	TRIM28	MAVS	0.457
9606.ENSP00000253024	9606.ENSP00000418915	TRIM28	CDKN2A	0.457
9606.ENSP00000253024	9606.ENSP00000433138	TRIM28	CASP1	0.457
9606.ENSP00000253024	9606.ENSP00000455308	TRIM28	ZNF598	0.457
9606.ENSP00000253024	9606.ENSP00000465759	TRIM28	POLRMT	0.457
9606.ENSP00000253024	9606.ENSP00000493536	TRIM28	SAMHD1	0.457
9606.ENSP00000253024	9606.ENSP00000498321	TRIM28	MYD88	0.457
9606.ENSP00000253024	9606.ENSP00000351273	TRIM28	CASP8	0.47
9606.ENSP00000253024	9606.ENSP00000395535	TRIM28	MECP2	0.473
9606.ENSP00000253024	9606.ENSP00000264657	TRIM28	STAT3	0.491
9606.ENSP00000253024	9606.ENSP00000298717	TRIM28	METTL3	0.493
9606.ENSP00000253024	9606.ENSP00000346120	TRIM28	DDX21	0.519
9606.ENSP00000253024	9606.ENSP00000451291	TRIM28	HNRNPC	0.553
9606.ENSP00000253024	9606.ENSP00000264709	TRIM28	DNMT3A	0.556
9606.ENSP00000253024	9606.ENSP00000305556	TRIM28	PCBP1	0.559
9606.ENSP00000253024	9606.ENSP00000300619	TRIM28	ZNF91	0.566
9606.ENSP00000253024	9606.ENSP00000418037	TRIM28	IRF5	0.587
9606.ENSP00000253024	9606.ENSP00000377655	TRIM28	SENP7	0.593
9606.ENSP00000253024	9606.ENSP00000375978	TRIM28	XRCC5	0.597
9606.ENSP00000253024	9606.ENSP00000326031	TRIM28	PPP1CA	0.598
9606.ENSP00000253024	9606.ENSP00000368100	TRIM28	RAD50	0.601
9606.ENSP00000253024	9606.ENSP00000325863	TRIM28	MRE11	0.605
9606.ENSP00000253024	9606.ENSP00000434024	TRIM28	H2AX	0.69
9606.ENSP00000253024	9606.ENSP00000346148	TRIM28	PRKAA1	0.792
9606.ENSP00000253024	9606.ENSP00000259808	TRIM28	RIPK1	0.802
9606.ENSP00000253024	9606.ENSP00000262039	TRIM28	PIK3C3	0.802
9606.ENSP00000253024	9606.ENSP00000278616	TRIM28	ATM	0.802
9606.ENSP00000253024	9606.ENSP00000313420	TRIM28	PRKDC	0.802
9606.ENSP00000253024	9606.ENSP00000325376	TRIM28	HNRNPM	0.802
9606.ENSP00000253024	9606.ENSP00000341779	TRIM28	PPP1CC	0.802
9606.ENSP00000253024	9606.ENSP00000345571	TRIM28	E2F1	0.802
9606.ENSP00000253024	9606.ENSP00000354394	TRIM28	STAT1	0.802
9606.ENSP00000253024	9606.ENSP00000356520	TRIM28	DHX9	0.802
9606.ENSP00000253024	9606.ENSP00000357113	TRIM28	IFI16	0.802
9606.ENSP00000253024	9606.ENSP00000380697	TRIM28	IRF7	0.802
9606.ENSP00000253024	9606.ENSP00000380763	TRIM28	MORC2	0.802
9606.ENSP00000253024	9606.ENSP00000385610	TRIM28	MEX3C	0.802
9606.ENSP00000253024	9606.ENSP00000478754	TRIM28	DDX6	0.814
9606.ENSP00000253024	9606.ENSP00000343896	TRIM28	SMARCA4	0.871
9606.ENSP00000253024	9606.ENSP00000263377	TRIM28	BRD4	0.918
9606.ENSP00000253024	9606.ENSP00000383042	TRIM28	KDM1A	0.931
9606.ENSP00000253024	9606.ENSP00000371475	TRIM28	TP53BP1	0.935
9606.ENSP00000253024	9606.ENSP00000352516	TRIM28	DNMT1	0.969
9606.ENSP00000253024	9606.ENSP00000342002	TRIM28	ZNF93	0.975
9606.ENSP00000253024	9606.ENSP00000362649	TRIM28	HDAC1	0.989
9606.ENSP00000253024	9606.ENSP00000258149	TRIM28	MDM2	0.994
9606.ENSP00000253024	9606.ENSP00000269305	TRIM28	TP53	0.994
9606.ENSP00000253024	9606.ENSP00000271640	TRIM28	SETDB1	0.999
9606.ENSP00000254301	9606.ENSP00000382342	LGALS3	ABCC1	0.162
9606.ENSP00000254301	9606.ENSP00000301178	LGALS3	AXL	0.173
9606.ENSP00000254301	9606.ENSP00000361405	LGALS3	MMP9	0.175
9606.ENSP00000254301	9606.ENSP00000379140	LGALS3	CXCL12	0.21
9606.ENSP00000254301	9606.ENSP00000362205	LGALS3	TREM2	0.303
9606.ENSP00000254301	9606.ENSP00000363089	LGALS3	TLR4	0.321
9606.ENSP00000254301	9606.ENSP00000352438	LGALS3	PCBP2	0.323
9606.ENSP00000254301	9606.ENSP00000495360	LGALS3	CTNNB1	0.338
9606.ENSP00000254301	9606.ENSP00000329967	LGALS3	TBK1	0.35
9606.ENSP00000254301	9606.ENSP00000374455	LGALS3	SQSTM1	0.35
9606.ENSP00000254301	9606.ENSP00000263377	LGALS3	BRD4	0.457
9606.ENSP00000254301	9606.ENSP00000408411	LGALS3	LAMP2	0.457
9606.ENSP00000254301	9606.ENSP00000357122	LGALS3	PYHIN1	0.468
9606.ENSP00000254301	9606.ENSP00000296585	LGALS3	ITGA2	0.519
9606.ENSP00000254301	9606.ENSP00000413079	LGALS3	MICA	0.587
9606.ENSP00000254301	9606.ENSP00000428184	LGALS3	SDCBP	0.591
9606.ENSP00000254301	9606.ENSP00000386710	LGALS3	ATG9A	0.653
9606.ENSP00000254301	9606.ENSP00000306920	LGALS3	GLB1	0.728
9606.ENSP00000254301	9606.ENSP00000266771	LGALS3	SLC15A4	0.798
9606.ENSP00000254301	9606.ENSP00000275493	LGALS3	EGFR	0.882
9606.ENSP00000254436	9606.ENSP00000355865	TRIM21	PRKN	0.166
9606.ENSP00000254436	9606.ENSP00000433102	TRIM21	TRIM3	0.189
9606.ENSP00000254436	9606.ENSP00000305161	TRIM21	TRIM56	0.217
9606.ENSP00000254436	9606.ENSP00000259808	TRIM21	RIPK1	0.457
9606.ENSP00000254436	9606.ENSP00000261366	TRIM21	LMNB1	0.457
9606.ENSP00000254436	9606.ENSP00000263377	TRIM21	BRD4	0.457
9606.ENSP00000254436	9606.ENSP00000269305	TRIM21	TP53	0.457
9606.ENSP00000254436	9606.ENSP00000318982	TRIM21	EPSTI1	0.457
9606.ENSP00000254436	9606.ENSP00000320309	TRIM21	FARSA	0.457
9606.ENSP00000254436	9606.ENSP00000325376	TRIM21	HNRNPM	0.457
9606.ENSP00000254436	9606.ENSP00000326031	TRIM21	PPP1CA	0.457
9606.ENSP00000254436	9606.ENSP00000343445	TRIM21	SERPINB4	0.457
9606.ENSP00000254436	9606.ENSP00000343957	TRIM21	IFNAR2	0.457
9606.ENSP00000254436	9606.ENSP00000352257	TRIM21	XRCC6	0.457
9606.ENSP00000254436	9606.ENSP00000354394	TRIM21	STAT1	0.457
9606.ENSP00000254436	9606.ENSP00000358072	TRIM21	ATG5	0.457
9606.ENSP00000254436	9606.ENSP00000375978	TRIM21	XRCC5	0.457
9606.ENSP00000254436	9606.ENSP00000379612	TRIM21	TAX1BP1	0.457
9606.ENSP00000254436	9606.ENSP00000383044	TRIM21	USP25	0.457
9606.ENSP00000254436	9606.ENSP00000384849	TRIM21	CDKN1A	0.457
9606.ENSP00000254436	9606.ENSP00000385519	TRIM21	CD14	0.457
9606.ENSP00000254436	9606.ENSP00000387050	TRIM21	PLD3	0.457
9606.ENSP00000254436	9606.ENSP00000389351	TRIM21	RPSA	0.457
9606.ENSP00000254436	9606.ENSP00000395590	TRIM21	IFI35	0.457
9606.ENSP00000254436	9606.ENSP00000398523	TRIM21	CALCOCO2	0.457
9606.ENSP00000254436	9606.ENSP00000418037	TRIM21	IRF5	0.457
9606.ENSP00000254436	9606.ENSP00000451828	TRIM21	AKT1	0.457
9606.ENSP00000254436	9606.ENSP00000455308	TRIM21	ZNF598	0.457
9606.ENSP00000254436	9606.ENSP00000465500	TRIM21	TNFRSF11A	0.457
9606.ENSP00000254436	9606.ENSP00000483430	TRIM21	IFI27	0.457
9606.ENSP00000254436	9606.ENSP00000498596	TRIM21	STING1	0.457
9606.ENSP00000254436	9606.ENSP00000499900	TRIM21	JAK1	0.457
9606.ENSP00000254436	9606.ENSP00000362649	TRIM21	HDAC1	0.46
9606.ENSP00000254436	9606.ENSP00000305556	TRIM21	PCBP1	0.491
9606.ENSP00000254436	9606.ENSP00000306866	TRIM21	GABARAP	0.491
9606.ENSP00000254436	9606.ENSP00000493536	TRIM21	SAMHD1	0.508
9606.ENSP00000254436	9606.ENSP00000495360	TRIM21	CTNNB1	0.609
9606.ENSP00000254436	9606.ENSP00000275493	TRIM21	EGFR	0.65
9606.ENSP00000254436	9606.ENSP00000330349	TRIM21	DDX41	0.763
9606.ENSP00000254436	9606.ENSP00000319169	TRIM21	PRMT5	0.802
9606.ENSP00000254436	9606.ENSP00000329967	TRIM21	TBK1	0.802
9606.ENSP00000254436	9606.ENSP00000346694	TRIM21	HNRNPA2B1	0.802
9606.ENSP00000254436	9606.ENSP00000357283	TRIM21	LMNA	0.802
9606.ENSP00000254436	9606.ENSP00000384273	TRIM21	RELA	0.802
9606.ENSP00000254436	9606.ENSP00000324560	TRIM21	ULK1	0.815
9606.ENSP00000254436	9606.ENSP00000430684	TRIM21	IKBKB	0.815
9606.ENSP00000254436	9606.ENSP00000357113	TRIM21	IFI16	0.849
9606.ENSP00000254436	9606.ENSP00000498476	TRIM21	MAP1LC3B	0.854
9606.ENSP00000254436	9606.ENSP00000401980	TRIM21	MAVS	0.885
9606.ENSP00000254436	9606.ENSP00000377681	TRIM21	G3BP1	0.918
9606.ENSP00000254436	9606.ENSP00000380697	TRIM21	IRF7	0.918
9606.ENSP00000254436	9606.ENSP00000355231	TRIM21	BECN1	0.923
9606.ENSP00000254436	9606.ENSP00000385269	TRIM21	ELAVL1	0.944
9606.ENSP00000254436	9606.ENSP00000471896	TRIM21	IRF3	0.952
9606.ENSP00000254436	9606.ENSP00000374455	TRIM21	SQSTM1	0.999
9606.ENSP00000255030	9606.ENSP00000352798	CRP	COL18A1	0.336
9606.ENSP00000256383	9606.ENSP00000313420	EIF2S1	PRKDC	0.168
9606.ENSP00000256383	9606.ENSP00000352738	EIF2S1	G3BP2	0.172
9606.ENSP00000256383	9606.ENSP00000296503	EIF2S1	HMGB2	0.211
9606.ENSP00000256383	9606.ENSP00000344208	EIF2S1	TRIM14	0.219
9606.ENSP00000256383	9606.ENSP00000377344	EIF2S1	DDX60	0.22
9606.ENSP00000256383	9606.ENSP00000375978	EIF2S1	XRCC5	0.242
9606.ENSP00000256383	9606.ENSP00000341779	EIF2S1	PPP1CC	0.256
9606.ENSP00000256383	9606.ENSP00000319169	EIF2S1	PRMT5	0.257
9606.ENSP00000256383	9606.ENSP00000352257	EIF2S1	XRCC6	0.269
9606.ENSP00000256383	9606.ENSP00000370745	EIF2S1	DDX1	0.369
9606.ENSP00000256383	9606.ENSP00000309572	EIF2S1	TERT	0.374
9606.ENSP00000256383	9606.ENSP00000389351	EIF2S1	RPSA	0.411
9606.ENSP00000256383	9606.ENSP00000356520	EIF2S1	DHX9	0.457
9606.ENSP00000256383	9606.ENSP00000395535	EIF2S1	MECP2	0.457
9606.ENSP00000256383	9606.ENSP00000326031	EIF2S1	PPP1CA	0.578
9606.ENSP00000256383	9606.ENSP00000263377	EIF2S1	BRD4	0.802
9606.ENSP00000256458	9606.ENSP00000359364	IRAK2	YTHDF1	0.216
9606.ENSP00000256458	9606.ENSP00000362179	IRAK2	ZC3H12A	0.216
9606.ENSP00000256458	9606.ENSP00000296795	IRAK2	TLR3	0.464
9606.ENSP00000256458	9606.ENSP00000481570	IRAK2	TNFAIP3	0.49
9606.ENSP00000256458	9606.ENSP00000300589	IRAK2	NOD2	0.5
9606.ENSP00000256458	9606.ENSP00000353874	IRAK2	TLR9	0.5
9606.ENSP00000256458	9606.ENSP00000358335	IRAK2	MAP3K7	0.5
9606.ENSP00000256458	9606.ENSP00000370034	IRAK2	TLR7	0.5
9606.ENSP00000256458	9606.ENSP00000385519	IRAK2	CD14	0.5
9606.ENSP00000256458	9606.ENSP00000483825	IRAK2	IKBKG	0.5
9606.ENSP00000256458	9606.ENSP00000363089	IRAK2	TLR4	0.586
9606.ENSP00000256458	9606.ENSP00000415139	IRAK2	TICAM2	0.716
9606.ENSP00000256458	9606.ENSP00000376445	IRAK2	TIRAP	0.868
9606.ENSP00000256458	9606.ENSP00000358997	IRAK2	IRAK1	0.996
9606.ENSP00000256458	9606.ENSP00000479889	IRAK2	IRAK4	0.996
9606.ENSP00000256458	9606.ENSP00000433623	IRAK2	TRAF6	0.999
9606.ENSP00000256458	9606.ENSP00000498321	IRAK2	MYD88	0.999
9606.ENSP00000256646	9606.ENSP00000451828	NOTCH2	AKT1	0.152
9606.ENSP00000256646	9606.ENSP00000343896	NOTCH2	SMARCA4	0.18
9606.ENSP00000256646	9606.ENSP00000275493	NOTCH2	EGFR	0.197
9606.ENSP00000256646	9606.ENSP00000339328	NOTCH2	PLAUR	0.315
9606.ENSP00000256646	9606.ENSP00000269305	NOTCH2	TP53	0.327
9606.ENSP00000256646	9606.ENSP00000455308	NOTCH2	ZNF598	0.457
9606.ENSP00000256646	9606.ENSP00000433623	NOTCH2	TRAF6	0.485
9606.ENSP00000256646	9606.ENSP00000263388	NOTCH2	NOTCH3	0.992
9606.ENSP00000256646	9606.ENSP00000498587	NOTCH2	NOTCH1	0.998
9606.ENSP00000257570	9606.ENSP00000346120	OASL	DDX21	0.168
9606.ENSP00000257570	9606.ENSP00000385519	OASL	CD14	0.181
9606.ENSP00000257570	9606.ENSP00000484056	OASL	ZCCHC3	0.182
9606.ENSP00000257570	9606.ENSP00000318176	OASL	PRKRA	0.19
9606.ENSP00000257570	9606.ENSP00000388001	OASL	OAS1	0.205
9606.ENSP00000257570	9606.ENSP00000264350	OASL	HERC5	0.211
9606.ENSP00000257570	9606.ENSP00000399797	OASL	MOV10	0.44
9606.ENSP00000257570	9606.ENSP00000369213	OASL	DDX58	0.935
9606.ENSP00000258149	9606.ENSP00000261464	MDM2	TRAF5	0.157
9606.ENSP00000258149	9606.ENSP00000348216	MDM2	TRIM4	0.157
9606.ENSP00000258149	9606.ENSP00000371475	MDM2	TP53BP1	0.206
9606.ENSP00000258149	9606.ENSP00000343896	MDM2	SMARCA4	0.271
9606.ENSP00000258149	9606.ENSP00000330382	MDM2	PDGFB	0.384
9606.ENSP00000258149	9606.ENSP00000276925	MDM2	CDKN2B	0.456
9606.ENSP00000258149	9606.ENSP00000264350	MDM2	HERC5	0.457
9606.ENSP00000258149	9606.ENSP00000264657	MDM2	STAT3	0.457
9606.ENSP00000258149	9606.ENSP00000287598	MDM2	BUB1B	0.457
9606.ENSP00000258149	9606.ENSP00000298139	MDM2	WRN	0.457
9606.ENSP00000258149	9606.ENSP00000325863	MDM2	MRE11	0.457
9606.ENSP00000258149	9606.ENSP00000329466	MDM2	SIRT7	0.457
9606.ENSP00000258149	9606.ENSP00000335062	MDM2	PDCD1	0.457
9606.ENSP00000258149	9606.ENSP00000336762	MDM2	ANG	0.457
9606.ENSP00000258149	9606.ENSP00000353731	MDM2	DPP4	0.457
9606.ENSP00000258149	9606.ENSP00000355865	MDM2	PRKN	0.457
9606.ENSP00000258149	9606.ENSP00000359364	MDM2	YTHDF1	0.457
9606.ENSP00000258149	9606.ENSP00000368100	MDM2	RAD50	0.457
9606.ENSP00000258149	9606.ENSP00000369442	MDM2	KL	0.457
9606.ENSP00000258149	9606.ENSP00000370842	MDM2	IL33	0.457
9606.ENSP00000258149	9606.ENSP00000372191	MDM2	SIRT3	0.457
9606.ENSP00000258149	9606.ENSP00000383044	MDM2	USP25	0.457
9606.ENSP00000258149	9606.ENSP00000408411	MDM2	LAMP2	0.457
9606.ENSP00000258149	9606.ENSP00000415416	MDM2	TRIB3	0.457
9606.ENSP00000258149	9606.ENSP00000437621	MDM2	HMGA2	0.457
9606.ENSP00000258149	9606.ENSP00000478927	MDM2	YAP1	0.457
9606.ENSP00000258149	9606.ENSP00000483570	MDM2	BTK	0.457
9606.ENSP00000258149	9606.ENSP00000352738	MDM2	G3BP2	0.514
9606.ENSP00000258149	9606.ENSP00000384273	MDM2	RELA	0.52
9606.ENSP00000258149	9606.ENSP00000336790	MDM2	ATF4	0.59
9606.ENSP00000258149	9606.ENSP00000357122	MDM2	PYHIN1	0.62
9606.ENSP00000258149	9606.ENSP00000356520	MDM2	DHX9	0.67
9606.ENSP00000258149	9606.ENSP00000324856	MDM2	STK11	0.771
9606.ENSP00000258149	9606.ENSP00000326031	MDM2	PPP1CA	0.802
9606.ENSP00000258149	9606.ENSP00000356070	MDM2	MAPKAPK2	0.802
9606.ENSP00000258149	9606.ENSP00000406549	MDM2	TAF1	0.802
9606.ENSP00000258149	9606.ENSP00000499900	MDM2	JAK1	0.802
9606.ENSP00000258149	9606.ENSP00000352257	MDM2	XRCC6	0.812
9606.ENSP00000258149	9606.ENSP00000498587	MDM2	NOTCH1	0.814
9606.ENSP00000258149	9606.ENSP00000337332	MDM2	SIRT6	0.842
9606.ENSP00000258149	9606.ENSP00000278616	MDM2	ATM	0.918
9606.ENSP00000258149	9606.ENSP00000309572	MDM2	TERT	0.918
9606.ENSP00000258149	9606.ENSP00000363377	MDM2	FOXO4	0.918
9606.ENSP00000258149	9606.ENSP00000340330	MDM2	KAT5	0.976
9606.ENSP00000258149	9606.ENSP00000362649	MDM2	HDAC1	0.977
9606.ENSP00000258149	9606.ENSP00000345571	MDM2	E2F1	0.98
9606.ENSP00000258149	9606.ENSP00000339527	MDM2	FOXO3	0.988
9606.ENSP00000258149	9606.ENSP00000267163	MDM2	RB1	0.999
9606.ENSP00000258149	9606.ENSP00000269305	MDM2	TP53	0.999
9606.ENSP00000258149	9606.ENSP00000344352	MDM2	ATF3	0.999
9606.ENSP00000258149	9606.ENSP00000384849	MDM2	CDKN1A	0.999
9606.ENSP00000258149	9606.ENSP00000418915	MDM2	CDKN2A	0.999
9606.ENSP00000258149	9606.ENSP00000451828	MDM2	AKT1	0.999
9606.ENSP00000258149	9606.ENSP00000497069	MDM2	IGF1R	0.999
9606.ENSP00000259021	9606.ENSP00000356520	KAT7	DHX9	0.209
9606.ENSP00000259021	9606.ENSP00000399888	KAT7	HMGA1	0.211
9606.ENSP00000259021	9606.ENSP00000344352	KAT7	ATF3	0.456
9606.ENSP00000259021	9606.ENSP00000377681	KAT7	G3BP1	0.456
9606.ENSP00000259021	9606.ENSP00000269305	KAT7	TP53	0.457
9606.ENSP00000259021	9606.ENSP00000357113	KAT7	IFI16	0.457
9606.ENSP00000259021	9606.ENSP00000360266	KAT7	JUN	0.457
9606.ENSP00000259021	9606.ENSP00000406549	KAT7	TAF1	0.654
9606.ENSP00000259021	9606.ENSP00000263377	KAT7	BRD4	0.814
9606.ENSP00000259075	9606.ENSP00000259808	TANK	RIPK1	0.211
9606.ENSP00000259075	9606.ENSP00000261464	TANK	TRAF5	0.269
9606.ENSP00000259075	9606.ENSP00000263464	TANK	BIRC3	0.304
9606.ENSP00000259075	9606.ENSP00000317891	TANK	TNIP1	0.346
9606.ENSP00000259075	9606.ENSP00000455308	TANK	ZNF598	0.346
9606.ENSP00000259075	9606.ENSP00000481570	TANK	TNFAIP3	0.346
9606.ENSP00000259075	9606.ENSP00000430684	TANK	IKBKB	0.373
9606.ENSP00000259075	9606.ENSP00000471239	TANK	ZFP36	0.457
9606.ENSP00000259075	9606.ENSP00000296795	TANK	TLR3	0.5
9606.ENSP00000259075	9606.ENSP00000323889	TANK	TRIM25	0.5
9606.ENSP00000259075	9606.ENSP00000328340	TANK	RNF135	0.5
9606.ENSP00000259075	9606.ENSP00000348216	TANK	TRIM4	0.5
9606.ENSP00000259075	9606.ENSP00000363089	TANK	TLR4	0.5
9606.ENSP00000259075	9606.ENSP00000369213	TANK	DDX58	0.5
9606.ENSP00000259075	9606.ENSP00000385519	TANK	CD14	0.5
9606.ENSP00000259075	9606.ENSP00000415139	TANK	TICAM2	0.5
9606.ENSP00000259075	9606.ENSP00000497271	TANK	IFIH1	0.5
9606.ENSP00000259075	9606.ENSP00000325376	TANK	HNRNPM	0.557
9606.ENSP00000259075	9606.ENSP00000401980	TANK	MAVS	0.665
9606.ENSP00000259075	9606.ENSP00000380697	TANK	IRF7	0.728
9606.ENSP00000259075	9606.ENSP00000471896	TANK	IRF3	0.79
9606.ENSP00000259075	9606.ENSP00000359424	TANK	CHUK	0.792
9606.ENSP00000259075	9606.ENSP00000419371	TANK	AZI2	0.8
9606.ENSP00000259075	9606.ENSP00000433623	TANK	TRAF6	0.827
9606.ENSP00000259075	9606.ENSP00000354777	TANK	TBKBP1	0.834
9606.ENSP00000259075	9606.ENSP00000362179	TANK	ZC3H12A	0.87
9606.ENSP00000259075	9606.ENSP00000329967	TANK	TBK1	0.999
9606.ENSP00000259075	9606.ENSP00000376500	TANK	TRAF3	0.999
9606.ENSP00000259075	9606.ENSP00000398698	TANK	TNF	0.999
9606.ENSP00000259075	9606.ENSP00000464030	TANK	IKBKE	0.999
9606.ENSP00000259075	9606.ENSP00000483825	TANK	IKBKG	0.999
9606.ENSP00000259324	9606.ENSP00000479953	LRRC8A	LRRC8E	0.979
9606.ENSP00000259324	9606.ENSP00000359483	LRRC8A	LRRC8C	0.989
9606.ENSP00000259808	9606.ENSP00000498321	RIPK1	MYD88	0.205
9606.ENSP00000259808	9606.ENSP00000346437	RIPK1	ATG7	0.232
9606.ENSP00000259808	9606.ENSP00000337383	RIPK1	NLRP3	0.379
9606.ENSP00000259808	9606.ENSP00000269305	RIPK1	TP53	0.456
9606.ENSP00000259808	9606.ENSP00000275493	RIPK1	EGFR	0.457
9606.ENSP00000259808	9606.ENSP00000300589	RIPK1	NOD2	0.457
9606.ENSP00000259808	9606.ENSP00000354822	RIPK1	XAF1	0.457
9606.ENSP00000259808	9606.ENSP00000495360	RIPK1	CTNNB1	0.457
9606.ENSP00000259808	9606.ENSP00000369581	RIPK1	IFNB1	0.477
9606.ENSP00000259808	9606.ENSP00000365435	RIPK1	TNFRSF1B	0.491
9606.ENSP00000259808	9606.ENSP00000358072	RIPK1	ATG5	0.493
9606.ENSP00000259808	9606.ENSP00000323889	RIPK1	TRIM25	0.5
9606.ENSP00000259808	9606.ENSP00000328340	RIPK1	RNF135	0.5
9606.ENSP00000259808	9606.ENSP00000348216	RIPK1	TRIM4	0.5
9606.ENSP00000259808	9606.ENSP00000385519	RIPK1	CD14	0.5
9606.ENSP00000259808	9606.ENSP00000415139	RIPK1	TICAM2	0.5
9606.ENSP00000259808	9606.ENSP00000497271	RIPK1	IFIH1	0.5
9606.ENSP00000259808	9606.ENSP00000369213	RIPK1	DDX58	0.533
9606.ENSP00000259808	9606.ENSP00000355865	RIPK1	PRKN	0.535
9606.ENSP00000259808	9606.ENSP00000376500	RIPK1	TRAF3	0.575
9606.ENSP00000259808	9606.ENSP00000363089	RIPK1	TLR4	0.691
9606.ENSP00000259808	9606.ENSP00000464030	RIPK1	IKBKE	0.767
9606.ENSP00000259808	9606.ENSP00000329967	RIPK1	TBK1	0.805
9606.ENSP00000259808	9606.ENSP00000401980	RIPK1	MAVS	0.835
9606.ENSP00000259808	9606.ENSP00000433138	RIPK1	CASP1	0.872
9606.ENSP00000259808	9606.ENSP00000374455	RIPK1	SQSTM1	0.882
9606.ENSP00000259808	9606.ENSP00000379612	RIPK1	TAX1BP1	0.903
9606.ENSP00000259808	9606.ENSP00000261464	RIPK1	TRAF5	0.98
9606.ENSP00000259808	9606.ENSP00000498466	RIPK1	FAS	0.983
9606.ENSP00000259808	9606.ENSP00000296795	RIPK1	TLR3	0.985
9606.ENSP00000259808	9606.ENSP00000358335	RIPK1	MAP3K7	0.996
9606.ENSP00000259808	9606.ENSP00000392025	RIPK1	CYLD	0.997
9606.ENSP00000259808	9606.ENSP00000360215	RIPK1	ZBP1	0.998
9606.ENSP00000259808	9606.ENSP00000263464	RIPK1	BIRC3	0.999
9606.ENSP00000259808	9606.ENSP00000351273	RIPK1	CASP8	0.999
9606.ENSP00000259808	9606.ENSP00000359424	RIPK1	CHUK	0.999
9606.ENSP00000259808	9606.ENSP00000398698	RIPK1	TNF	0.999
9606.ENSP00000259808	9606.ENSP00000430684	RIPK1	IKBKB	0.999
9606.ENSP00000259808	9606.ENSP00000433623	RIPK1	TRAF6	0.999
9606.ENSP00000259808	9606.ENSP00000481570	RIPK1	TNFAIP3	0.999
9606.ENSP00000259808	9606.ENSP00000483825	RIPK1	IKBKG	0.999
9606.ENSP00000260010	9606.ENSP00000451828	TLR2	AKT1	0.181
9606.ENSP00000260010	9606.ENSP00000278071	TLR2	ITPRIP	0.185
9606.ENSP00000260010	9606.ENSP00000433138	TLR2	CASP1	0.191
9606.ENSP00000260010	9606.ENSP00000369581	TLR2	IFNB1	0.2
9606.ENSP00000260010	9606.ENSP00000300589	TLR2	NOD2	0.203
9606.ENSP00000260010	9606.ENSP00000306512	TLR2	CXCL8	0.204
9606.ENSP00000260010	9606.ENSP00000479889	TLR2	IRAK4	0.205
9606.ENSP00000260010	9606.ENSP00000398698	TLR2	TNF	0.213
9606.ENSP00000260010	9606.ENSP00000412237	TLR2	IL10	0.261
9606.ENSP00000260010	9606.ENSP00000385675	TLR2	IL6	0.316
9606.ENSP00000260010	9606.ENSP00000378517	TLR2	SPP1	0.362
9606.ENSP00000260010	9606.ENSP00000471896	TLR2	IRF3	0.457
9606.ENSP00000260010	9606.ENSP00000312082	TLR2	TLR8	0.508
9606.ENSP00000260010	9606.ENSP00000370034	TLR2	TLR7	0.522
9606.ENSP00000260010	9606.ENSP00000263341	TLR2	IL1B	0.54
9606.ENSP00000260010	9606.ENSP00000415139	TLR2	TICAM2	0.552
9606.ENSP00000260010	9606.ENSP00000358997	TLR2	IRAK1	0.587
9606.ENSP00000260010	9606.ENSP00000296795	TLR2	TLR3	0.609
9606.ENSP00000260010	9606.ENSP00000415743	TLR2	CD36	0.63
9606.ENSP00000260010	9606.ENSP00000345347	TLR2	HMGB1	0.872
9606.ENSP00000260010	9606.ENSP00000375873	TLR2	ATG16L1	0.917
9606.ENSP00000260010	9606.ENSP00000353874	TLR2	TLR9	0.947
9606.ENSP00000260010	9606.ENSP00000376445	TLR2	TIRAP	0.958
9606.ENSP00000260010	9606.ENSP00000385519	TLR2	CD14	0.963
9606.ENSP00000260010	9606.ENSP00000275493	TLR2	EGFR	0.972
9606.ENSP00000260010	9606.ENSP00000363089	TLR2	TLR4	0.985
9606.ENSP00000260010	9606.ENSP00000498321	TLR2	MYD88	0.995
9606.ENSP00000260184	9606.ENSP00000357113	DDX60L	IFI16	0.457
9606.ENSP00000260302	9606.ENSP00000323929	MMP13	A2M	0.5
9606.ENSP00000261366	9606.ENSP00000296257	LMNB1	SENP2	0.154
9606.ENSP00000261366	9606.ENSP00000377681	LMNB1	G3BP1	0.218
9606.ENSP00000261366	9606.ENSP00000325376	LMNB1	HNRNPM	0.262
9606.ENSP00000261366	9606.ENSP00000433760	LMNB1	BANF1	0.327
9606.ENSP00000261366	9606.ENSP00000355865	LMNB1	PRKN	0.347
9606.ENSP00000261366	9606.ENSP00000264335	LMNB1	YWHAE	0.352
9606.ENSP00000261366	9606.ENSP00000306866	LMNB1	GABARAP	0.456
9606.ENSP00000261366	9606.ENSP00000343896	LMNB1	SMARCA4	0.456
9606.ENSP00000261366	9606.ENSP00000263377	LMNB1	BRD4	0.457
9606.ENSP00000261366	9606.ENSP00000265171	LMNB1	EGF	0.457
9606.ENSP00000261366	9606.ENSP00000378067	LMNB1	SLFN11	0.457
9606.ENSP00000261366	9606.ENSP00000395535	LMNB1	MECP2	0.457
9606.ENSP00000261366	9606.ENSP00000455308	LMNB1	ZNF598	0.457
9606.ENSP00000261366	9606.ENSP00000378699	LMNB1	CDK1	0.49
9606.ENSP00000261366	9606.ENSP00000498476	LMNB1	MAP1LC3B	0.551
9606.ENSP00000261366	9606.ENSP00000495360	LMNB1	CTNNB1	0.559
9606.ENSP00000261366	9606.ENSP00000346120	LMNB1	DDX21	0.613
9606.ENSP00000261366	9606.ENSP00000327054	LMNB1	LMNB2	0.999
9606.ENSP00000261366	9606.ENSP00000357283	LMNB1	LMNA	0.999
9606.ENSP00000261464	9606.ENSP00000363089	TRAF5	TLR4	0.181
9606.ENSP00000261464	9606.ENSP00000479889	TRAF5	IRAK4	0.206
9606.ENSP00000261464	9606.ENSP00000498321	TRAF5	MYD88	0.213
9606.ENSP00000261464	9606.ENSP00000483825	TRAF5	IKBKG	0.239
9606.ENSP00000261464	9606.ENSP00000464030	TRAF5	IKBKE	0.276
9606.ENSP00000261464	9606.ENSP00000398698	TRAF5	TNF	0.302
9606.ENSP00000261464	9606.ENSP00000428184	TRAF5	SDCBP	0.401
9606.ENSP00000261464	9606.ENSP00000383044	TRAF5	USP25	0.456
9606.ENSP00000261464	9606.ENSP00000358335	TRAF5	MAP3K7	0.457
9606.ENSP00000261464	9606.ENSP00000266557	TRAF5	CD27	0.556
9606.ENSP00000261464	9606.ENSP00000385269	TRAF5	ELAVL1	0.624
9606.ENSP00000261464	9606.ENSP00000430684	TRAF5	IKBKB	0.906
9606.ENSP00000261464	9606.ENSP00000359424	TRAF5	CHUK	0.915
9606.ENSP00000261464	9606.ENSP00000347948	TRAF5	TNFRSF14	0.917
9606.ENSP00000261464	9606.ENSP00000263464	TRAF5	BIRC3	0.951
9606.ENSP00000261464	9606.ENSP00000465500	TRAF5	TNFRSF11A	0.975
9606.ENSP00000261464	9606.ENSP00000376500	TRAF5	TRAF3	0.997
9606.ENSP00000261464	9606.ENSP00000329967	TRAF5	TBK1	0.999
9606.ENSP00000261464	9606.ENSP00000401980	TRAF5	MAVS	0.999
9606.ENSP00000261464	9606.ENSP00000433623	TRAF5	TRAF6	0.999
9606.ENSP00000261772	9606.ENSP00000455897	AARS1	MRC1	0.293
9606.ENSP00000261772	9606.ENSP00000263377	AARS1	BRD4	0.457
9606.ENSP00000261772	9606.ENSP00000264670	AARS1	NSUN2	0.669
9606.ENSP00000261772	9606.ENSP00000354394	AARS1	STAT1	0.795
9606.ENSP00000261772	9606.ENSP00000377845	AARS1	ASNS	0.956
9606.ENSP00000262039	9606.ENSP00000371067	PIK3C3	JAK2	0.181
9606.ENSP00000262039	9606.ENSP00000376637	PIK3C3	IGF1	0.193
9606.ENSP00000262039	9606.ENSP00000386710	PIK3C3	ATG9A	0.203
9606.ENSP00000262039	9606.ENSP00000306866	PIK3C3	GABARAP	0.207
9606.ENSP00000262039	9606.ENSP00000433623	PIK3C3	TRAF6	0.207
9606.ENSP00000262039	9606.ENSP00000497069	PIK3C3	IGF1R	0.261
9606.ENSP00000262039	9606.ENSP00000483570	PIK3C3	BTK	0.279
9606.ENSP00000262039	9606.ENSP00000495360	PIK3C3	CTNNB1	0.299
9606.ENSP00000262039	9606.ENSP00000346437	PIK3C3	ATG7	0.309
9606.ENSP00000262039	9606.ENSP00000324890	PIK3C3	CD28	0.399
9606.ENSP00000262039	9606.ENSP00000358072	PIK3C3	ATG5	0.452
9606.ENSP00000262039	9606.ENSP00000282561	PIK3C3	GJA1	0.457
9606.ENSP00000262039	9606.ENSP00000319169	PIK3C3	PRMT5	0.457
9606.ENSP00000262039	9606.ENSP00000351273	PIK3C3	CASP8	0.457
9606.ENSP00000262039	9606.ENSP00000392025	PIK3C3	CYLD	0.457
9606.ENSP00000262039	9606.ENSP00000381185	PIK3C3	BCL2	0.46
9606.ENSP00000262039	9606.ENSP00000275493	PIK3C3	EGFR	0.467
9606.ENSP00000262039	9606.ENSP00000264498	PIK3C3	FGF2	0.5
9606.ENSP00000262039	9606.ENSP00000267843	PIK3C3	FGF7	0.5
9606.ENSP00000262039	9606.ENSP00000353874	PIK3C3	TLR9	0.5
9606.ENSP00000262039	9606.ENSP00000369442	PIK3C3	KL	0.5
9606.ENSP00000262039	9606.ENSP00000480791	PIK3C3	FGF1	0.5
9606.ENSP00000262039	9606.ENSP00000355865	PIK3C3	PRKN	0.535
9606.ENSP00000262039	9606.ENSP00000354558	PIK3C3	MTOR	0.743
9606.ENSP00000262039	9606.ENSP00000324560	PIK3C3	ULK1	0.816
9606.ENSP00000262039	9606.ENSP00000451828	PIK3C3	AKT1	0.883
9606.ENSP00000262039	9606.ENSP00000263967	PIK3C3	PIK3CA	0.896
9606.ENSP00000262039	9606.ENSP00000355231	PIK3C3	BECN1	0.999
9606.ENSP00000262510	9606.ENSP00000357112	NLRC5	AIM2	0.206
9606.ENSP00000262510	9606.ENSP00000460475	NLRC5	NLRP1	0.255
9606.ENSP00000262510	9606.ENSP00000309767	NLRC5	NLRP6	0.293
9606.ENSP00000262510	9606.ENSP00000433138	NLRC5	CASP1	0.309
9606.ENSP00000262510	9606.ENSP00000385428	NLRC5	NLRC4	0.335
9606.ENSP00000262510	9606.ENSP00000337383	NLRC5	NLRP3	0.339
9606.ENSP00000262510	9606.ENSP00000374455	NLRC5	SQSTM1	0.457
9606.ENSP00000262510	9606.ENSP00000398523	NLRC5	CALCOCO2	0.457
9606.ENSP00000262510	9606.ENSP00000348216	NLRC5	TRIM4	0.5
9606.ENSP00000262510	9606.ENSP00000323889	NLRC5	TRIM25	0.531
9606.ENSP00000262510	9606.ENSP00000328340	NLRC5	RNF135	0.531
9606.ENSP00000262510	9606.ENSP00000369213	NLRC5	DDX58	0.793
9606.ENSP00000262510	9606.ENSP00000497271	NLRC5	IFIH1	0.81
9606.ENSP00000262510	9606.ENSP00000430684	NLRC5	IKBKB	0.907
9606.ENSP00000262510	9606.ENSP00000359424	NLRC5	CHUK	0.927
9606.ENSP00000262768	9606.ENSP00000296026	TIMP2	CXCL3	0.219
9606.ENSP00000262768	9606.ENSP00000304408	TIMP2	COL3A1	0.219
9606.ENSP00000262768	9606.ENSP00000322788	TIMP2	MMP1	0.219
9606.ENSP00000262768	9606.ENSP00000323929	TIMP2	A2M	0.219
9606.ENSP00000262768	9606.ENSP00000345672	TIMP2	CTSB	0.219
9606.ENSP00000262768	9606.ENSP00000351671	TIMP2	CCL20	0.219
9606.ENSP00000262768	9606.ENSP00000352438	TIMP2	PCBP2	0.219
9606.ENSP00000262768	9606.ENSP00000361850	TIMP2	PLAU	0.219
9606.ENSP00000262768	9606.ENSP00000365435	TIMP2	TNFRSF1B	0.219
9606.ENSP00000262768	9606.ENSP00000370812	TIMP2	ESM1	0.219
9606.ENSP00000262768	9606.ENSP00000377681	TIMP2	G3BP1	0.219
9606.ENSP00000262768	9606.ENSP00000399888	TIMP2	HMGA1	0.219
9606.ENSP00000262768	9606.ENSP00000415786	TIMP2	SERPINE2	0.219
9606.ENSP00000262768	9606.ENSP00000434024	TIMP2	H2AX	0.219
9606.ENSP00000262768	9606.ENSP00000437621	TIMP2	HMGA2	0.219
9606.ENSP00000262768	9606.ENSP00000451291	TIMP2	HNRNPC	0.219
9606.ENSP00000262768	9606.ENSP00000458585	TIMP2	MMP12	0.219
9606.ENSP00000262768	9606.ENSP00000497910	TIMP2	B2M	0.219
9606.ENSP00000262768	9606.ENSP00000297350	TIMP2	TNFRSF11B	0.267
9606.ENSP00000262768	9606.ENSP00000361405	TIMP2	MMP9	0.401
9606.ENSP00000262768	9606.ENSP00000299855	TIMP2	MMP3	0.495
9606.ENSP00000262768	9606.ENSP00000295666	TIMP2	IGFBP7	0.578
9606.ENSP00000262768	9606.ENSP00000279441	TIMP2	MMP10	0.906
9606.ENSP00000262768	9606.ENSP00000308208	TIMP2	MMP14	0.999
9606.ENSP00000263339	9606.ENSP00000299855	IL1A	MMP3	0.164
9606.ENSP00000263339	9606.ENSP00000337383	IL1A	NLRP3	0.197
9606.ENSP00000263339	9606.ENSP00000353874	IL1A	TLR9	0.2
9606.ENSP00000263339	9606.ENSP00000427279	IL1A	CXCL2	0.201
9606.ENSP00000263339	9606.ENSP00000387211	IL1A	IL18R1	0.203
9606.ENSP00000263339	9606.ENSP00000275493	IL1A	EGFR	0.204
9606.ENSP00000263339	9606.ENSP00000306512	IL1A	CXCL8	0.222
9606.ENSP00000263339	9606.ENSP00000412237	IL1A	IL10	0.223
9606.ENSP00000263339	9606.ENSP00000379110	IL1A	CXCL1	0.261
9606.ENSP00000263339	9606.ENSP00000357470	IL1A	IL6R	0.28
9606.ENSP00000263339	9606.ENSP00000398698	IL1A	TNF	0.387
9606.ENSP00000263339	9606.ENSP00000363089	IL1A	TLR4	0.41
9606.ENSP00000263339	9606.ENSP00000340330	IL1A	KAT5	0.457
9606.ENSP00000263339	9606.ENSP00000385675	IL1A	IL6	0.469
9606.ENSP00000263339	9606.ENSP00000433138	IL1A	CASP1	0.5
9606.ENSP00000263339	9606.ENSP00000479889	IL1A	IRAK4	0.63
9606.ENSP00000263339	9606.ENSP00000433623	IL1A	TRAF6	0.672
9606.ENSP00000263339	9606.ENSP00000498321	IL1A	MYD88	0.788
9606.ENSP00000263339	9606.ENSP00000358997	IL1A	IRAK1	0.803
9606.ENSP00000263339	9606.ENSP00000263341	IL1A	IL1B	0.959
9606.ENSP00000263341	9606.ENSP00000296545	IL1B	IL15	0.178
9606.ENSP00000263341	9606.ENSP00000370698	IL1B	IL6ST	0.188
9606.ENSP00000263341	9606.ENSP00000330341	IL1B	SOCS3	0.193
9606.ENSP00000263341	9606.ENSP00000418037	IL1B	IRF5	0.196
9606.ENSP00000263341	9606.ENSP00000477908	IL1B	CCL3	0.198
9606.ENSP00000263341	9606.ENSP00000360266	IL1B	JUN	0.2
9606.ENSP00000263341	9606.ENSP00000296026	IL1B	CXCL3	0.203
9606.ENSP00000263341	9606.ENSP00000319635	IL1B	CXCR2	0.216
9606.ENSP00000263341	9606.ENSP00000357112	IL1B	AIM2	0.267
9606.ENSP00000263341	9606.ENSP00000427279	IL1B	CXCL2	0.267
9606.ENSP00000263341	9606.ENSP00000387211	IL1B	IL18R1	0.277
9606.ENSP00000263341	9606.ENSP00000296871	IL1B	CSF2	0.303
9606.ENSP00000263341	9606.ENSP00000412237	IL1B	IL10	0.329
9606.ENSP00000263341	9606.ENSP00000365435	IL1B	TNFRSF1B	0.337
9606.ENSP00000263341	9606.ENSP00000483825	IL1B	IKBKG	0.456
9606.ENSP00000263341	9606.ENSP00000340330	IL1B	KAT5	0.457
9606.ENSP00000263341	9606.ENSP00000362179	IL1B	ZC3H12A	0.457
9606.ENSP00000263341	9606.ENSP00000353874	IL1B	TLR9	0.46
9606.ENSP00000263341	9606.ENSP00000385675	IL1B	IL6	0.475
9606.ENSP00000263341	9606.ENSP00000345347	IL1B	HMGB1	0.491
9606.ENSP00000263341	9606.ENSP00000357470	IL1B	IL6R	0.493
9606.ENSP00000263341	9606.ENSP00000264335	IL1B	YWHAE	0.502
9606.ENSP00000263341	9606.ENSP00000346437	IL1B	ATG7	0.502
9606.ENSP00000263341	9606.ENSP00000398698	IL1B	TNF	0.563
9606.ENSP00000263341	9606.ENSP00000363089	IL1B	TLR4	0.579
9606.ENSP00000263341	9606.ENSP00000351273	IL1B	CASP8	0.583
9606.ENSP00000263341	9606.ENSP00000433209	IL1B	GSDMD	0.614
9606.ENSP00000263341	9606.ENSP00000479889	IL1B	IRAK4	0.66
9606.ENSP00000263341	9606.ENSP00000433623	IL1B	TRAF6	0.7
9606.ENSP00000263341	9606.ENSP00000337383	IL1B	NLRP3	0.706
9606.ENSP00000263341	9606.ENSP00000280357	IL1B	IL18	0.751
9606.ENSP00000263341	9606.ENSP00000323929	IL1B	A2M	0.761
9606.ENSP00000263341	9606.ENSP00000498321	IL1B	MYD88	0.839
9606.ENSP00000263341	9606.ENSP00000358997	IL1B	IRAK1	0.883
9606.ENSP00000263341	9606.ENSP00000433138	IL1B	CASP1	0.998
9606.ENSP00000263377	9606.ENSP00000315768	BRD4	STAT2	0.207
9606.ENSP00000263377	9606.ENSP00000371475	BRD4	TP53BP1	0.26
9606.ENSP00000263377	9606.ENSP00000306157	BRD4	IL7R	0.456
9606.ENSP00000263377	9606.ENSP00000268182	BRD4	IQGAP1	0.457
9606.ENSP00000263377	9606.ENSP00000278616	BRD4	ATM	0.457
9606.ENSP00000263377	9606.ENSP00000298717	BRD4	METTL3	0.457
9606.ENSP00000263377	9606.ENSP00000305161	BRD4	TRIM56	0.457
9606.ENSP00000263377	9606.ENSP00000305422	BRD4	CEBPB	0.457
9606.ENSP00000263377	9606.ENSP00000305556	BRD4	PCBP1	0.457
9606.ENSP00000263377	9606.ENSP00000320309	BRD4	FARSA	0.457
9606.ENSP00000263377	9606.ENSP00000326031	BRD4	PPP1CA	0.457
9606.ENSP00000263377	9606.ENSP00000330349	BRD4	DDX41	0.457
9606.ENSP00000263377	9606.ENSP00000337332	BRD4	SIRT6	0.457
9606.ENSP00000263377	9606.ENSP00000346148	BRD4	PRKAA1	0.457
9606.ENSP00000263377	9606.ENSP00000346437	BRD4	ATG7	0.457
9606.ENSP00000263377	9606.ENSP00000346694	BRD4	HNRNPA2B1	0.457
9606.ENSP00000263377	9606.ENSP00000348216	BRD4	TRIM4	0.457
9606.ENSP00000263377	9606.ENSP00000354394	BRD4	STAT1	0.457
9606.ENSP00000263377	9606.ENSP00000355388	BRD4	MPHOSPH8	0.457
9606.ENSP00000263377	9606.ENSP00000357113	BRD4	IFI16	0.457
9606.ENSP00000263377	9606.ENSP00000358335	BRD4	MAP3K7	0.457
9606.ENSP00000263377	9606.ENSP00000361446	BRD4	POLR3A	0.457
9606.ENSP00000263377	9606.ENSP00000361635	BRD4	VDAC2	0.457
9606.ENSP00000263377	9606.ENSP00000369915	BRD4	NAP1L4	0.457
9606.ENSP00000263377	9606.ENSP00000370745	BRD4	DDX1	0.457
9606.ENSP00000263377	9606.ENSP00000377681	BRD4	G3BP1	0.457
9606.ENSP00000263377	9606.ENSP00000380763	BRD4	MORC2	0.457
9606.ENSP00000263377	9606.ENSP00000389351	BRD4	RPSA	0.457
9606.ENSP00000263377	9606.ENSP00000406162	BRD4	PRMT1	0.457
9606.ENSP00000263377	9606.ENSP00000416534	BRD4	DDX46	0.457
9606.ENSP00000263377	9606.ENSP00000433138	BRD4	CASP1	0.457
9606.ENSP00000263377	9606.ENSP00000495360	BRD4	CTNNB1	0.457
9606.ENSP00000263377	9606.ENSP00000478927	BRD4	YAP1	0.459
9606.ENSP00000263377	9606.ENSP00000406549	BRD4	TAF1	0.465
9606.ENSP00000263377	9606.ENSP00000398698	BRD4	TNF	0.49
9606.ENSP00000263377	9606.ENSP00000383042	BRD4	KDM1A	0.493
9606.ENSP00000263377	9606.ENSP00000434024	BRD4	H2AX	0.5
9606.ENSP00000263377	9606.ENSP00000451291	BRD4	HNRNPC	0.528
9606.ENSP00000263377	9606.ENSP00000357283	BRD4	LMNA	0.533
9606.ENSP00000263377	9606.ENSP00000296503	BRD4	HMGB2	0.55
9606.ENSP00000263377	9606.ENSP00000325863	BRD4	MRE11	0.55
9606.ENSP00000263377	9606.ENSP00000345347	BRD4	HMGB1	0.55
9606.ENSP00000263377	9606.ENSP00000349428	BRD4	PTBP1	0.56
9606.ENSP00000263377	9606.ENSP00000360266	BRD4	JUN	0.561
9606.ENSP00000263377	9606.ENSP00000385269	BRD4	ELAVL1	0.563
9606.ENSP00000263377	9606.ENSP00000275493	BRD4	EGFR	0.739
9606.ENSP00000263377	9606.ENSP00000267163	BRD4	RB1	0.778
9606.ENSP00000263377	9606.ENSP00000264335	BRD4	YWHAE	0.78
9606.ENSP00000263377	9606.ENSP00000381185	BRD4	BCL2	0.78
9606.ENSP00000263377	9606.ENSP00000264670	BRD4	NSUN2	0.802
9606.ENSP00000263377	9606.ENSP00000323889	BRD4	TRIM25	0.802
9606.ENSP00000263377	9606.ENSP00000327054	BRD4	LMNB2	0.802
9606.ENSP00000263377	9606.ENSP00000352257	BRD4	XRCC6	0.802
9606.ENSP00000263377	9606.ENSP00000356520	BRD4	DHX9	0.802
9606.ENSP00000263377	9606.ENSP00000357459	BRD4	ADAR	0.802
9606.ENSP00000263377	9606.ENSP00000365625	BRD4	DHX16	0.802
9606.ENSP00000263377	9606.ENSP00000368100	BRD4	RAD50	0.802
9606.ENSP00000263377	9606.ENSP00000377845	BRD4	ASNS	0.802
9606.ENSP00000263377	9606.ENSP00000378699	BRD4	CDK1	0.802
9606.ENSP00000263377	9606.ENSP00000378935	BRD4	PPHLN1	0.802
9606.ENSP00000263377	9606.ENSP00000395535	BRD4	MECP2	0.802
9606.ENSP00000263377	9606.ENSP00000399888	BRD4	HMGA1	0.802
9606.ENSP00000263377	9606.ENSP00000420588	BRD4	TFAM	0.802
9606.ENSP00000263377	9606.ENSP00000433760	BRD4	BANF1	0.802
9606.ENSP00000263377	9606.ENSP00000498362	BRD4	PQBP1	0.802
9606.ENSP00000263377	9606.ENSP00000329466	BRD4	SIRT7	0.807
9606.ENSP00000263377	9606.ENSP00000313420	BRD4	PRKDC	0.812
9606.ENSP00000263377	9606.ENSP00000340330	BRD4	KAT5	0.814
9606.ENSP00000263377	9606.ENSP00000375978	BRD4	XRCC5	0.814
9606.ENSP00000263377	9606.ENSP00000264657	BRD4	STAT3	0.815
9606.ENSP00000263377	9606.ENSP00000357643	BRD4	MKI67	0.826
9606.ENSP00000263377	9606.ENSP00000345571	BRD4	E2F1	0.859
9606.ENSP00000263377	9606.ENSP00000319169	BRD4	PRMT5	0.9
9606.ENSP00000263377	9606.ENSP00000339527	BRD4	FOXO3	0.906
9606.ENSP00000263377	9606.ENSP00000352516	BRD4	DNMT1	0.918
9606.ENSP00000263377	9606.ENSP00000354522	BRD4	TOP1	0.918
9606.ENSP00000263377	9606.ENSP00000384273	BRD4	RELA	0.989
9606.ENSP00000263377	9606.ENSP00000269305	BRD4	TP53	0.996
9606.ENSP00000263377	9606.ENSP00000362649	BRD4	HDAC1	0.996
9606.ENSP00000263377	9606.ENSP00000343896	BRD4	SMARCA4	0.998
9606.ENSP00000263377	9606.ENSP00000394085	BRD4	JMJD6	0.999
9606.ENSP00000263388	9606.ENSP00000265171	NOTCH3	EGF	0.5
9606.ENSP00000263388	9606.ENSP00000275493	NOTCH3	EGFR	0.5
9606.ENSP00000263388	9606.ENSP00000354394	NOTCH3	STAT1	0.531
9606.ENSP00000263388	9606.ENSP00000498587	NOTCH3	NOTCH1	0.992
9606.ENSP00000263433	9606.ENSP00000300589	PPP1R12C	NOD2	0.508
9606.ENSP00000263433	9606.ENSP00000398698	PPP1R12C	TNF	0.524
9606.ENSP00000263433	9606.ENSP00000341779	PPP1R12C	PPP1CC	0.907
9606.ENSP00000263433	9606.ENSP00000326031	PPP1R12C	PPP1CA	0.912
9606.ENSP00000263464	9606.ENSP00000358997	BIRC3	IRAK1	0.206
9606.ENSP00000263464	9606.ENSP00000363089	BIRC3	TLR4	0.335
9606.ENSP00000263464	9606.ENSP00000498321	BIRC3	MYD88	0.422
9606.ENSP00000263464	9606.ENSP00000337332	BIRC3	SIRT6	0.456
9606.ENSP00000263464	9606.ENSP00000275493	BIRC3	EGFR	0.457
9606.ENSP00000263464	9606.ENSP00000295025	BIRC3	REL	0.457
9606.ENSP00000263464	9606.ENSP00000300589	BIRC3	NOD2	0.457
9606.ENSP00000263464	9606.ENSP00000345571	BIRC3	E2F1	0.457
9606.ENSP00000263464	9606.ENSP00000401980	BIRC3	MAVS	0.457
9606.ENSP00000263464	9606.ENSP00000418037	BIRC3	IRF5	0.457
9606.ENSP00000263464	9606.ENSP00000433138	BIRC3	CASP1	0.457
9606.ENSP00000263464	9606.ENSP00000359424	BIRC3	CHUK	0.5
9606.ENSP00000263464	9606.ENSP00000365048	BIRC3	TNFSF13B	0.5
9606.ENSP00000263464	9606.ENSP00000379612	BIRC3	TAX1BP1	0.5
9606.ENSP00000263464	9606.ENSP00000465500	BIRC3	TNFRSF11A	0.5
9606.ENSP00000263464	9606.ENSP00000329967	BIRC3	TBK1	0.508
9606.ENSP00000263464	9606.ENSP00000354822	BIRC3	XAF1	0.51
9606.ENSP00000263464	9606.ENSP00000296795	BIRC3	TLR3	0.531
9606.ENSP00000263464	9606.ENSP00000392025	BIRC3	CYLD	0.586
9606.ENSP00000263464	9606.ENSP00000358335	BIRC3	MAP3K7	0.698
9606.ENSP00000263464	9606.ENSP00000359663	BIRC3	CD40LG	0.716
9606.ENSP00000263464	9606.ENSP00000481570	BIRC3	TNFAIP3	0.716
9606.ENSP00000263464	9606.ENSP00000464030	BIRC3	IKBKE	0.721
9606.ENSP00000263464	9606.ENSP00000365435	BIRC3	TNFRSF1B	0.735
9606.ENSP00000263464	9606.ENSP00000351273	BIRC3	CASP8	0.819
9606.ENSP00000263464	9606.ENSP00000430684	BIRC3	IKBKB	0.921
9606.ENSP00000263464	9606.ENSP00000384273	BIRC3	RELA	0.922
9606.ENSP00000263464	9606.ENSP00000483825	BIRC3	IKBKG	0.944
9606.ENSP00000263464	9606.ENSP00000433623	BIRC3	TRAF6	0.98
9606.ENSP00000263464	9606.ENSP00000376500	BIRC3	TRAF3	0.987
9606.ENSP00000263464	9606.ENSP00000398698	BIRC3	TNF	0.995
9606.ENSP00000263464	9606.ENSP00000355231	BIRC3	BECN1	0.999
9606.ENSP00000263851	9606.ENSP00000385675	IL7	IL6	0.168
9606.ENSP00000263851	9606.ENSP00000357470	IL7	IL6R	0.197
9606.ENSP00000263851	9606.ENSP00000499900	IL7	JAK1	0.5
9606.ENSP00000263851	9606.ENSP00000296545	IL7	IL15	0.9
9606.ENSP00000263851	9606.ENSP00000306157	IL7	IL7R	0.999
9606.ENSP00000263967	9606.ENSP00000398698	PIK3CA	TNF	0.169
9606.ENSP00000263967	9606.ENSP00000498321	PIK3CA	MYD88	0.17
9606.ENSP00000263967	9606.ENSP00000324856	PIK3CA	STK11	0.177
9606.ENSP00000263967	9606.ENSP00000374455	PIK3CA	SQSTM1	0.201
9606.ENSP00000263967	9606.ENSP00000363089	PIK3CA	TLR4	0.203
9606.ENSP00000263967	9606.ENSP00000324560	PIK3CA	ULK1	0.217
9606.ENSP00000263967	9606.ENSP00000343896	PIK3CA	SMARCA4	0.237
9606.ENSP00000263967	9606.ENSP00000381185	PIK3CA	BCL2	0.247
9606.ENSP00000263967	9606.ENSP00000268182	PIK3CA	IQGAP1	0.282
9606.ENSP00000263967	9606.ENSP00000264498	PIK3CA	FGF2	0.4
9606.ENSP00000263967	9606.ENSP00000267843	PIK3CA	FGF7	0.4
9606.ENSP00000263967	9606.ENSP00000287842	PIK3CA	NRG1	0.4
9606.ENSP00000263967	9606.ENSP00000296871	PIK3CA	CSF2	0.4
9606.ENSP00000263967	9606.ENSP00000330382	PIK3CA	PDGFB	0.4
9606.ENSP00000263967	9606.ENSP00000346508	PIK3CA	PDGFA	0.4
9606.ENSP00000263967	9606.ENSP00000369442	PIK3CA	KL	0.4
9606.ENSP00000263967	9606.ENSP00000379097	PIK3CA	AREG	0.4
9606.ENSP00000263967	9606.ENSP00000404131	PIK3CA	TGFA	0.4
9606.ENSP00000263967	9606.ENSP00000480791	PIK3CA	FGF1	0.4
9606.ENSP00000263967	9606.ENSP00000483570	PIK3CA	BTK	0.418
9606.ENSP00000263967	9606.ENSP00000499900	PIK3CA	JAK1	0.435
9606.ENSP00000263967	9606.ENSP00000495951	PIK3CA	KITLG	0.436
9606.ENSP00000263967	9606.ENSP00000282561	PIK3CA	GJA1	0.457
9606.ENSP00000263967	9606.ENSP00000433623	PIK3CA	TRAF6	0.457
9606.ENSP00000263967	9606.ENSP00000498587	PIK3CA	NOTCH1	0.457
9606.ENSP00000263967	9606.ENSP00000270139	PIK3CA	IFNAR1	0.476
9606.ENSP00000263967	9606.ENSP00000384273	PIK3CA	RELA	0.48
9606.ENSP00000263967	9606.ENSP00000264657	PIK3CA	STAT3	0.5
9606.ENSP00000263967	9606.ENSP00000327513	PIK3CA	CSF1	0.5
9606.ENSP00000263967	9606.ENSP00000353874	PIK3CA	TLR9	0.5
9606.ENSP00000263967	9606.ENSP00000375857	PIK3CA	LRRFIP1	0.5
9606.ENSP00000263967	9606.ENSP00000428340	PIK3CA	ANGPT1	0.5
9606.ENSP00000263967	9606.ENSP00000457421	PIK3CA	PECAM1	0.5
9606.ENSP00000263967	9606.ENSP00000497910	PIK3CA	B2M	0.5
9606.ENSP00000263967	9606.ENSP00000343957	PIK3CA	IFNAR2	0.509
9606.ENSP00000263967	9606.ENSP00000371067	PIK3CA	JAK2	0.522
9606.ENSP00000263967	9606.ENSP00000301178	PIK3CA	AXL	0.532
9606.ENSP00000263967	9606.ENSP00000362205	PIK3CA	TREM2	0.532
9606.ENSP00000263967	9606.ENSP00000495360	PIK3CA	CTNNB1	0.534
9606.ENSP00000263967	9606.ENSP00000265171	PIK3CA	EGF	0.54
9606.ENSP00000263967	9606.ENSP00000384053	PIK3CA	CSF2RB	0.709
9606.ENSP00000263967	9606.ENSP00000354394	PIK3CA	STAT1	0.716
9606.ENSP00000263967	9606.ENSP00000305556	PIK3CA	PCBP1	0.75
9606.ENSP00000263967	9606.ENSP00000269305	PIK3CA	TP53	0.783
9606.ENSP00000263967	9606.ENSP00000354558	PIK3CA	MTOR	0.795
9606.ENSP00000263967	9606.ENSP00000324890	PIK3CA	CD28	0.797
9606.ENSP00000263967	9606.ENSP00000497069	PIK3CA	IGF1R	0.885
9606.ENSP00000263967	9606.ENSP00000355231	PIK3CA	BECN1	0.889
9606.ENSP00000263967	9606.ENSP00000451828	PIK3CA	AKT1	0.997
9606.ENSP00000263967	9606.ENSP00000275493	PIK3CA	EGFR	0.998
9606.ENSP00000264335	9606.ENSP00000305556	YWHAE	PCBP1	0.165
9606.ENSP00000264335	9606.ENSP00000399888	YWHAE	HMGA1	0.186
9606.ENSP00000264335	9606.ENSP00000377681	YWHAE	G3BP1	0.198
9606.ENSP00000264335	9606.ENSP00000337386	YWHAE	ZFP36L1	0.211
9606.ENSP00000264335	9606.ENSP00000378067	YWHAE	SLFN11	0.219
9606.ENSP00000264335	9606.ENSP00000392025	YWHAE	CYLD	0.248
9606.ENSP00000264335	9606.ENSP00000270139	YWHAE	IFNAR1	0.327
9606.ENSP00000264335	9606.ENSP00000275493	YWHAE	EGFR	0.338
9606.ENSP00000264335	9606.ENSP00000323889	YWHAE	TRIM25	0.338
9606.ENSP00000264335	9606.ENSP00000434024	YWHAE	H2AX	0.456
9606.ENSP00000264335	9606.ENSP00000346148	YWHAE	PRKAA1	0.457
9606.ENSP00000264335	9606.ENSP00000369213	YWHAE	DDX58	0.457
9606.ENSP00000264335	9606.ENSP00000386710	YWHAE	ATG9A	0.476
9606.ENSP00000264335	9606.ENSP00000378487	YWHAE	VDAC1	0.491
9606.ENSP00000264335	9606.ENSP00000307305	YWHAE	DDIT4	0.5
9606.ENSP00000264335	9606.ENSP00000355865	YWHAE	PRKN	0.518
9606.ENSP00000264335	9606.ENSP00000451291	YWHAE	HNRNPC	0.519
9606.ENSP00000264335	9606.ENSP00000451828	YWHAE	AKT1	0.574
9606.ENSP00000264335	9606.ENSP00000307272	YWHAE	RPTOR	0.576
9606.ENSP00000264335	9606.ENSP00000354558	YWHAE	MTOR	0.576
9606.ENSP00000264335	9606.ENSP00000478754	YWHAE	DDX6	0.623
9606.ENSP00000264335	9606.ENSP00000497069	YWHAE	IGF1R	0.752
9606.ENSP00000264335	9606.ENSP00000455308	YWHAE	ZNF598	0.772
9606.ENSP00000264335	9606.ENSP00000269305	YWHAE	TP53	0.791
9606.ENSP00000264335	9606.ENSP00000481570	YWHAE	TNFAIP3	0.813
9606.ENSP00000264335	9606.ENSP00000363377	YWHAE	FOXO4	0.857
9606.ENSP00000264335	9606.ENSP00000339527	YWHAE	FOXO3	0.866
9606.ENSP00000264335	9606.ENSP00000296782	YWHAE	RICTOR	0.876
9606.ENSP00000264335	9606.ENSP00000385610	YWHAE	MEX3C	0.911
9606.ENSP00000264335	9606.ENSP00000361728	YWHAE	BEX3	0.943
9606.ENSP00000264335	9606.ENSP00000351742	YWHAE	TFEB	0.971
9606.ENSP00000264335	9606.ENSP00000478927	YWHAE	YAP1	0.996
9606.ENSP00000264335	9606.ENSP00000419465	YWHAE	WWTR1	0.999
9606.ENSP00000264350	9606.ENSP00000384849	HERC5	CDKN1A	0.456
9606.ENSP00000264350	9606.ENSP00000329466	HERC5	SIRT7	0.457
9606.ENSP00000264350	9606.ENSP00000345672	HERC5	CTSB	0.457
9606.ENSP00000264350	9606.ENSP00000346437	HERC5	ATG7	0.457
9606.ENSP00000264350	9606.ENSP00000357122	HERC5	PYHIN1	0.457
9606.ENSP00000264350	9606.ENSP00000362649	HERC5	HDAC1	0.457
9606.ENSP00000264350	9606.ENSP00000460475	HERC5	NLRP1	0.457
9606.ENSP00000264350	9606.ENSP00000497910	HERC5	B2M	0.457
9606.ENSP00000264350	9606.ENSP00000498596	HERC5	STING1	0.457
9606.ENSP00000264350	9606.ENSP00000369213	HERC5	DDX58	0.5
9606.ENSP00000264350	9606.ENSP00000359339	HERC5	CGAS	0.521
9606.ENSP00000264350	9606.ENSP00000337383	HERC5	NLRP3	0.802
9606.ENSP00000264350	9606.ENSP00000355231	HERC5	BECN1	0.802
9606.ENSP00000264350	9606.ENSP00000357113	HERC5	IFI16	0.802
9606.ENSP00000264350	9606.ENSP00000471896	HERC5	IRF3	0.802
9606.ENSP00000264350	9606.ENSP00000355865	HERC5	PRKN	0.821
9606.ENSP00000264350	9606.ENSP00000269305	HERC5	TP53	0.837
9606.ENSP00000264350	9606.ENSP00000495360	HERC5	CTNNB1	0.918
9606.ENSP00000264350	9606.ENSP00000496832	HERC5	ISG15	0.958
9606.ENSP00000264498	9606.ENSP00000346508	FGF2	PDGFA	0.174
9606.ENSP00000264498	9606.ENSP00000306157	FGF2	IL7R	0.188
9606.ENSP00000264498	9606.ENSP00000376637	FGF2	IGF1	0.188
9606.ENSP00000264498	9606.ENSP00000323929	FGF2	A2M	0.21
9606.ENSP00000264498	9606.ENSP00000275493	FGF2	EGFR	0.279
9606.ENSP00000264498	9606.ENSP00000265171	FGF2	EGF	0.409
9606.ENSP00000264498	9606.ENSP00000369442	FGF2	KL	0.41
9606.ENSP00000264498	9606.ENSP00000433138	FGF2	CASP1	0.456
9606.ENSP00000264498	9606.ENSP00000357113	FGF2	IFI16	0.457
9606.ENSP00000264498	9606.ENSP00000406162	FGF2	PRMT1	0.457
9606.ENSP00000264498	9606.ENSP00000353874	FGF2	TLR9	0.5
9606.ENSP00000264498	9606.ENSP00000267843	FGF2	FGF7	0.533
9606.ENSP00000264498	9606.ENSP00000480791	FGF2	FGF1	0.556
9606.ENSP00000264563	9606.ENSP00000357470	IL11	IL6R	0.398
9606.ENSP00000264563	9606.ENSP00000371067	IL11	JAK2	0.5
9606.ENSP00000264563	9606.ENSP00000499900	IL11	JAK1	0.5
9606.ENSP00000264563	9606.ENSP00000304915	IL11	IL13	0.9
9606.ENSP00000264563	9606.ENSP00000349365	IL11	IL27	0.9
9606.ENSP00000264563	9606.ENSP00000385675	IL11	IL6	0.9
9606.ENSP00000264563	9606.ENSP00000370698	IL11	IL6ST	0.961
9606.ENSP00000264563	9606.ENSP00000450565	IL11	IL11RA	0.995
9606.ENSP00000264657	9606.ENSP00000497968	STAT3	IL17A	0.183
9606.ENSP00000264657	9606.ENSP00000357123	STAT3	MNDA	0.191
9606.ENSP00000264657	9606.ENSP00000358022	STAT3	MCL1	0.199
9606.ENSP00000264657	9606.ENSP00000374455	STAT3	SQSTM1	0.206
9606.ENSP00000264657	9606.ENSP00000376445	STAT3	TIRAP	0.206
9606.ENSP00000264657	9606.ENSP00000484689	STAT3	IFITM2	0.206
9606.ENSP00000264657	9606.ENSP00000339527	STAT3	FOXO3	0.208
9606.ENSP00000264657	9606.ENSP00000365230	STAT3	BCL2L1	0.22
9606.ENSP00000264657	9606.ENSP00000451828	STAT3	AKT1	0.22
9606.ENSP00000264657	9606.ENSP00000356070	STAT3	MAPKAPK2	0.235
9606.ENSP00000264657	9606.ENSP00000495360	STAT3	CTNNB1	0.268
9606.ENSP00000264657	9606.ENSP00000376637	STAT3	IGF1	0.277
9606.ENSP00000264657	9606.ENSP00000322788	STAT3	MMP1	0.35
9606.ENSP00000264657	9606.ENSP00000364204	STAT3	PINK1	0.374
9606.ENSP00000264657	9606.ENSP00000299855	STAT3	MMP3	0.456
9606.ENSP00000264657	9606.ENSP00000336790	STAT3	ATF4	0.456
9606.ENSP00000264657	9606.ENSP00000355231	STAT3	BECN1	0.456
9606.ENSP00000264657	9606.ENSP00000357113	STAT3	IFI16	0.456
9606.ENSP00000264657	9606.ENSP00000382707	STAT3	IFITM3	0.456
9606.ENSP00000264657	9606.ENSP00000383042	STAT3	KDM1A	0.456
9606.ENSP00000264657	9606.ENSP00000430684	STAT3	IKBKB	0.456
9606.ENSP00000264657	9606.ENSP00000267163	STAT3	RB1	0.457
9606.ENSP00000264657	9606.ENSP00000278616	STAT3	ATM	0.457
9606.ENSP00000264657	9606.ENSP00000340330	STAT3	KAT5	0.457
9606.ENSP00000264657	9606.ENSP00000358997	STAT3	IRAK1	0.457
9606.ENSP00000264657	9606.ENSP00000384053	STAT3	CSF2RB	0.457
9606.ENSP00000264657	9606.ENSP00000411848	STAT3	MARCHF8	0.457
9606.ENSP00000264657	9606.ENSP00000481570	STAT3	TNFAIP3	0.457
9606.ENSP00000264657	9606.ENSP00000343896	STAT3	SMARCA4	0.492
9606.ENSP00000264657	9606.ENSP00000296545	STAT3	IL15	0.5
9606.ENSP00000264657	9606.ENSP00000304915	STAT3	IL13	0.5
9606.ENSP00000264657	9606.ENSP00000306157	STAT3	IL7R	0.5
9606.ENSP00000264657	9606.ENSP00000327513	STAT3	CSF1	0.5
9606.ENSP00000264657	9606.ENSP00000330382	STAT3	PDGFB	0.5
9606.ENSP00000264657	9606.ENSP00000349365	STAT3	IL27	0.5
9606.ENSP00000264657	9606.ENSP00000495951	STAT3	KITLG	0.5
9606.ENSP00000264657	9606.ENSP00000312652	STAT3	LEP	0.524
9606.ENSP00000264657	9606.ENSP00000346508	STAT3	PDGFA	0.531
9606.ENSP00000264657	9606.ENSP00000269305	STAT3	TP53	0.55
9606.ENSP00000264657	9606.ENSP00000270139	STAT3	IFNAR1	0.592
9606.ENSP00000264657	9606.ENSP00000325663	STAT3	NFKBIZ	0.643
9606.ENSP00000264657	9606.ENSP00000315768	STAT3	STAT2	0.661
9606.ENSP00000264657	9606.ENSP00000330341	STAT3	SOCS3	0.664
9606.ENSP00000264657	9606.ENSP00000483403	STAT3	GHR	0.716
9606.ENSP00000264657	9606.ENSP00000344352	STAT3	ATF3	0.733
9606.ENSP00000264657	9606.ENSP00000357470	STAT3	IL6R	0.748
9606.ENSP00000264657	9606.ENSP00000358983	STAT3	NFKB2	0.797
9606.ENSP00000264657	9606.ENSP00000358335	STAT3	MAP3K7	0.802
9606.ENSP00000264657	9606.ENSP00000412237	STAT3	IL10	0.84
9606.ENSP00000264657	9606.ENSP00000385675	STAT3	IL6	0.872
9606.ENSP00000264657	9606.ENSP00000497069	STAT3	IGF1R	0.874
9606.ENSP00000264657	9606.ENSP00000360266	STAT3	JUN	0.881
9606.ENSP00000264657	9606.ENSP00000370698	STAT3	IL6ST	0.908
9606.ENSP00000264657	9606.ENSP00000433623	STAT3	TRAF6	0.918
9606.ENSP00000264657	9606.ENSP00000352516	STAT3	DNMT1	0.962
9606.ENSP00000264657	9606.ENSP00000380073	STAT3	IRF9	0.964
9606.ENSP00000264657	9606.ENSP00000354558	STAT3	MTOR	0.975
9606.ENSP00000264657	9606.ENSP00000305422	STAT3	CEBPB	0.979
9606.ENSP00000264657	9606.ENSP00000362649	STAT3	HDAC1	0.988
9606.ENSP00000264657	9606.ENSP00000384273	STAT3	RELA	0.995
9606.ENSP00000264657	9606.ENSP00000275493	STAT3	EGFR	0.999
9606.ENSP00000264657	9606.ENSP00000354394	STAT3	STAT1	0.999
9606.ENSP00000264657	9606.ENSP00000371067	STAT3	JAK2	0.999
9606.ENSP00000264657	9606.ENSP00000384849	STAT3	CDKN1A	0.999
9606.ENSP00000264657	9606.ENSP00000499900	STAT3	JAK1	0.999
9606.ENSP00000264670	9606.ENSP00000357283	NSUN2	LMNA	0.178
9606.ENSP00000264670	9606.ENSP00000377681	NSUN2	G3BP1	0.457
9606.ENSP00000264670	9606.ENSP00000384849	NSUN2	CDKN1A	0.457
9606.ENSP00000264670	9606.ENSP00000357113	NSUN2	IFI16	0.463
9606.ENSP00000264670	9606.ENSP00000357122	NSUN2	PYHIN1	0.463
9606.ENSP00000264670	9606.ENSP00000398698	NSUN2	TNF	0.524
9606.ENSP00000264670	9606.ENSP00000371475	NSUN2	TP53BP1	0.745
9606.ENSP00000264670	9606.ENSP00000298717	NSUN2	METTL3	0.835
9606.ENSP00000264709	9606.ENSP00000357643	DNMT3A	MKI67	0.165
9606.ENSP00000264709	9606.ENSP00000451828	DNMT3A	AKT1	0.298
9606.ENSP00000264709	9606.ENSP00000343896	DNMT3A	SMARCA4	0.337
9606.ENSP00000264709	9606.ENSP00000497968	DNMT3A	IL17A	0.456
9606.ENSP00000264709	9606.ENSP00000378067	DNMT3A	SLFN11	0.457
9606.ENSP00000264709	9606.ENSP00000380073	DNMT3A	IRF9	0.457
9606.ENSP00000264709	9606.ENSP00000319169	DNMT3A	PRMT5	0.484
9606.ENSP00000264709	9606.ENSP00000269305	DNMT3A	TP53	0.488
9606.ENSP00000264709	9606.ENSP00000395535	DNMT3A	MECP2	0.64
9606.ENSP00000264709	9606.ENSP00000434024	DNMT3A	H2AX	0.716
9606.ENSP00000264709	9606.ENSP00000271640	DNMT3A	SETDB1	0.733
9606.ENSP00000264709	9606.ENSP00000267163	DNMT3A	RB1	0.802
9606.ENSP00000264709	9606.ENSP00000355388	DNMT3A	MPHOSPH8	0.912
9606.ENSP00000264709	9606.ENSP00000362649	DNMT3A	HDAC1	0.974
9606.ENSP00000264709	9606.ENSP00000352516	DNMT3A	DNMT1	0.996
9606.ENSP00000264832	9606.ENSP00000385675	ICAM1	IL6	0.152
9606.ENSP00000264832	9606.ENSP00000398698	ICAM1	TNF	0.169
9606.ENSP00000264832	9606.ENSP00000356030	ICAM1	CD55	0.207
9606.ENSP00000264832	9606.ENSP00000371958	ICAM1	CD9	0.213
9606.ENSP00000264832	9606.ENSP00000324890	ICAM1	CD28	0.417
9606.ENSP00000264832	9606.ENSP00000275493	ICAM1	EGFR	0.45
9606.ENSP00000264832	9606.ENSP00000294728	ICAM1	VCAM1	0.51
9606.ENSP00000264832	9606.ENSP00000379365	ICAM1	EDA2R	0.617
9606.ENSP00000264832	9606.ENSP00000379097	ICAM1	AREG	0.859
9606.ENSP00000264832	9606.ENSP00000384273	ICAM1	RELA	0.901
9606.ENSP00000265171	9606.ENSP00000357470	EGF	IL6R	0.179
9606.ENSP00000265171	9606.ENSP00000385675	EGF	IL6	0.181
9606.ENSP00000265171	9606.ENSP00000360266	EGF	JUN	0.201
9606.ENSP00000265171	9606.ENSP00000451828	EGF	AKT1	0.256
9606.ENSP00000265171	9606.ENSP00000301178	EGF	AXL	0.306
9606.ENSP00000265171	9606.ENSP00000327513	EGF	CSF1	0.343
9606.ENSP00000265171	9606.ENSP00000267843	EGF	FGF7	0.422
9606.ENSP00000265171	9606.ENSP00000497069	EGF	IGF1R	0.47
9606.ENSP00000265171	9606.ENSP00000357283	EGF	LMNA	0.49
9606.ENSP00000265171	9606.ENSP00000379097	EGF	AREG	0.802
9606.ENSP00000265171	9606.ENSP00000479667	EGF	RPS6KA5	0.831
9606.ENSP00000265171	9606.ENSP00000287842	EGF	NRG1	0.836
9606.ENSP00000265171	9606.ENSP00000330382	EGF	PDGFB	0.9
9606.ENSP00000265171	9606.ENSP00000346508	EGF	PDGFA	0.9
9606.ENSP00000265171	9606.ENSP00000376637	EGF	IGF1	0.934
9606.ENSP00000265171	9606.ENSP00000404131	EGF	TGFA	0.964
9606.ENSP00000265171	9606.ENSP00000275493	EGF	EGFR	0.999
9606.ENSP00000265441	9606.ENSP00000376637	WNT2	IGF1	0.279
9606.ENSP00000265441	9606.ENSP00000495360	WNT2	CTNNB1	0.933
9606.ENSP00000266557	9606.ENSP00000324890	CD27	CD28	0.231
9606.ENSP00000266557	9606.ENSP00000359663	CD27	CD40LG	0.338
9606.ENSP00000266557	9606.ENSP00000376500	CD27	TRAF3	0.836
9606.ENSP00000266557	9606.ENSP00000395294	CD27	CD70	0.999
9606.ENSP00000266771	9606.ENSP00000300589	SLC15A4	NOD2	0.456
9606.ENSP00000266771	9606.ENSP00000308208	SLC15A4	MMP14	0.456
9606.ENSP00000266771	9606.ENSP00000395294	SLC15A4	CD70	0.456
9606.ENSP00000266771	9606.ENSP00000428184	SLC15A4	SDCBP	0.456
9606.ENSP00000266771	9606.ENSP00000418037	SLC15A4	IRF5	0.716
9606.ENSP00000266771	9606.ENSP00000368245	SLC15A4	CXorf21	0.992
9606.ENSP00000267163	9606.ENSP00000498466	RB1	FAS	0.17
9606.ENSP00000267163	9606.ENSP00000418915	RB1	CDKN2A	0.178
9606.ENSP00000267163	9606.ENSP00000471896	RB1	IRF3	0.241
9606.ENSP00000267163	9606.ENSP00000354394	RB1	STAT1	0.36
9606.ENSP00000267163	9606.ENSP00000347845	RB1	TASOR	0.374
9606.ENSP00000267163	9606.ENSP00000345347	RB1	HMGB1	0.456
9606.ENSP00000267163	9606.ENSP00000357113	RB1	IFI16	0.456
9606.ENSP00000267163	9606.ENSP00000271640	RB1	SETDB1	0.457
9606.ENSP00000267163	9606.ENSP00000383042	RB1	KDM1A	0.457
9606.ENSP00000267163	9606.ENSP00000391090	RB1	CHEK1	0.457
9606.ENSP00000267163	9606.ENSP00000351273	RB1	CASP8	0.49
9606.ENSP00000267163	9606.ENSP00000384849	RB1	CDKN1A	0.49
9606.ENSP00000267163	9606.ENSP00000340330	RB1	KAT5	0.491
9606.ENSP00000267163	9606.ENSP00000339527	RB1	FOXO3	0.508
9606.ENSP00000267163	9606.ENSP00000437621	RB1	HMGA2	0.577
9606.ENSP00000267163	9606.ENSP00000360266	RB1	JUN	0.802
9606.ENSP00000267163	9606.ENSP00000371475	RB1	TP53BP1	0.9
9606.ENSP00000267163	9606.ENSP00000269305	RB1	TP53	0.916
9606.ENSP00000267163	9606.ENSP00000305422	RB1	CEBPB	0.918
9606.ENSP00000267163	9606.ENSP00000352516	RB1	DNMT1	0.969
9606.ENSP00000267163	9606.ENSP00000406549	RB1	TAF1	0.975
9606.ENSP00000267163	9606.ENSP00000326031	RB1	PPP1CA	0.981
9606.ENSP00000267163	9606.ENSP00000357283	RB1	LMNA	0.995
9606.ENSP00000267163	9606.ENSP00000343896	RB1	SMARCA4	0.999
9606.ENSP00000267163	9606.ENSP00000345571	RB1	E2F1	0.999
9606.ENSP00000267163	9606.ENSP00000362649	RB1	HDAC1	0.999
9606.ENSP00000267163	9606.ENSP00000378699	RB1	CDK1	0.999
9606.ENSP00000267843	9606.ENSP00000480791	FGF7	FGF1	0.436
9606.ENSP00000267843	9606.ENSP00000369442	FGF7	KL	0.456
9606.ENSP00000267843	9606.ENSP00000353874	FGF7	TLR9	0.5
9606.ENSP00000268182	9606.ENSP00000356530	IQGAP1	RNASEL	0.456
9606.ENSP00000268182	9606.ENSP00000385610	IQGAP1	MEX3C	0.456
9606.ENSP00000268182	9606.ENSP00000307272	IQGAP1	RPTOR	0.457
9606.ENSP00000268182	9606.ENSP00000378699	IQGAP1	CDK1	0.457
9606.ENSP00000268182	9606.ENSP00000478927	IQGAP1	YAP1	0.586
9606.ENSP00000268182	9606.ENSP00000451828	IQGAP1	AKT1	0.603
9606.ENSP00000268182	9606.ENSP00000319635	IQGAP1	CXCR2	0.615
9606.ENSP00000268182	9606.ENSP00000430684	IQGAP1	IKBKB	0.648
9606.ENSP00000268182	9606.ENSP00000275493	IQGAP1	EGFR	0.816
9606.ENSP00000268182	9606.ENSP00000495360	IQGAP1	CTNNB1	0.973
9606.ENSP00000268182	9606.ENSP00000274364	IQGAP1	IQGAP2	0.987
9606.ENSP00000269305	9606.ENSP00000359364	TP53	YTHDF1	0.156
9606.ENSP00000269305	9606.ENSP00000356530	TP53	RNASEL	0.157
9606.ENSP00000269305	9606.ENSP00000408411	TP53	LAMP2	0.165
9606.ENSP00000269305	9606.ENSP00000337332	TP53	SIRT6	0.168
9606.ENSP00000269305	9606.ENSP00000276925	TP53	CDKN2B	0.169
9606.ENSP00000269305	9606.ENSP00000287598	TP53	BUB1B	0.189
9606.ENSP00000269305	9606.ENSP00000326119	TP53	PMAIP1	0.2
9606.ENSP00000269305	9606.ENSP00000399518	TP53	SATB1	0.203
9606.ENSP00000269305	9606.ENSP00000495951	TP53	KITLG	0.203
9606.ENSP00000269305	9606.ENSP00000307305	TP53	DDIT4	0.206
9606.ENSP00000269305	9606.ENSP00000372191	TP53	SIRT3	0.206
9606.ENSP00000269305	9606.ENSP00000295025	TP53	REL	0.217
9606.ENSP00000269305	9606.ENSP00000495360	TP53	CTNNB1	0.219
9606.ENSP00000269305	9606.ENSP00000346694	TP53	HNRNPA2B1	0.237
9606.ENSP00000269305	9606.ENSP00000398698	TP53	TNF	0.248
9606.ENSP00000269305	9606.ENSP00000361405	TP53	MMP9	0.272
9606.ENSP00000269305	9606.ENSP00000478927	TP53	YAP1	0.279
9606.ENSP00000269305	9606.ENSP00000357625	TP53	BNIP3	0.281
9606.ENSP00000269305	9606.ENSP00000371067	TP53	JAK2	0.287
9606.ENSP00000269305	9606.ENSP00000420588	TP53	TFAM	0.289
9606.ENSP00000269305	9606.ENSP00000301178	TP53	AXL	0.338
9606.ENSP00000269305	9606.ENSP00000306157	TP53	IL7R	0.338
9606.ENSP00000269305	9606.ENSP00000347948	TP53	TNFRSF14	0.338
9606.ENSP00000269305	9606.ENSP00000497910	TP53	B2M	0.338
9606.ENSP00000269305	9606.ENSP00000483403	TP53	GHR	0.352
9606.ENSP00000269305	9606.ENSP00000305422	TP53	CEBPB	0.456
9606.ENSP00000269305	9606.ENSP00000356520	TP53	DHX9	0.456
9606.ENSP00000269305	9606.ENSP00000370745	TP53	DDX1	0.456
9606.ENSP00000269305	9606.ENSP00000320869	TP53	TRIM41	0.457
9606.ENSP00000269305	9606.ENSP00000336762	TP53	ANG	0.457
9606.ENSP00000269305	9606.ENSP00000346148	TP53	PRKAA1	0.457
9606.ENSP00000269305	9606.ENSP00000351273	TP53	CASP8	0.457
9606.ENSP00000269305	9606.ENSP00000364261	TP53	OTUD3	0.457
9606.ENSP00000269305	9606.ENSP00000385269	TP53	ELAVL1	0.457
9606.ENSP00000269305	9606.ENSP00000394085	TP53	JMJD6	0.457
9606.ENSP00000269305	9606.ENSP00000401980	TP53	MAVS	0.457
9606.ENSP00000269305	9606.ENSP00000437621	TP53	HMGA2	0.457
9606.ENSP00000269305	9606.ENSP00000497069	TP53	IGF1R	0.457
9606.ENSP00000269305	9606.ENSP00000498596	TP53	STING1	0.457
9606.ENSP00000269305	9606.ENSP00000357283	TP53	LMNA	0.495
9606.ENSP00000269305	9606.ENSP00000325376	TP53	HNRNPM	0.5
9606.ENSP00000269305	9606.ENSP00000354394	TP53	STAT1	0.501
9606.ENSP00000269305	9606.ENSP00000343129	TP53	TRIM29	0.505
9606.ENSP00000269305	9606.ENSP00000305556	TP53	PCBP1	0.508
9606.ENSP00000269305	9606.ENSP00000358983	TP53	NFKB2	0.521
9606.ENSP00000269305	9606.ENSP00000465759	TP53	POLRMT	0.522
9606.ENSP00000269305	9606.ENSP00000324560	TP53	ULK1	0.541
9606.ENSP00000269305	9606.ENSP00000354822	TP53	XAF1	0.552
9606.ENSP00000269305	9606.ENSP00000377681	TP53	G3BP1	0.554
9606.ENSP00000269305	9606.ENSP00000360290	TP53	PRKAA2	0.582
9606.ENSP00000269305	9606.ENSP00000442656	TP53	ACVR1B	0.582
9606.ENSP00000269305	9606.ENSP00000346437	TP53	ATG7	0.6
9606.ENSP00000269305	9606.ENSP00000446093	TP53	TUBGCP2	0.6
9606.ENSP00000269305	9606.ENSP00000399797	TP53	MOV10	0.62
9606.ENSP00000269305	9606.ENSP00000433102	TP53	TRIM3	0.622
9606.ENSP00000269305	9606.ENSP00000359424	TP53	CHUK	0.629
9606.ENSP00000269305	9606.ENSP00000271640	TP53	SETDB1	0.633
9606.ENSP00000269305	9606.ENSP00000368100	TP53	RAD50	0.658
9606.ENSP00000269305	9606.ENSP00000355865	TP53	PRKN	0.668
9606.ENSP00000269305	9606.ENSP00000433623	TP53	TRAF6	0.678
9606.ENSP00000269305	9606.ENSP00000451828	TP53	AKT1	0.714
9606.ENSP00000269305	9606.ENSP00000406162	TP53	PRMT1	0.716
9606.ENSP00000269305	9606.ENSP00000433138	TP53	CASP1	0.732
9606.ENSP00000269305	9606.ENSP00000363377	TP53	FOXO4	0.744
9606.ENSP00000269305	9606.ENSP00000451291	TP53	HNRNPC	0.754
9606.ENSP00000269305	9606.ENSP00000499900	TP53	JAK1	0.764
9606.ENSP00000269305	9606.ENSP00000275493	TP53	EGFR	0.772
9606.ENSP00000269305	9606.ENSP00000360266	TP53	JUN	0.788
9606.ENSP00000269305	9606.ENSP00000341779	TP53	PPP1CC	0.793
9606.ENSP00000269305	9606.ENSP00000399888	TP53	HMGA1	0.802
9606.ENSP00000269305	9606.ENSP00000434024	TP53	H2AX	0.802
9606.ENSP00000269305	9606.ENSP00000481570	TP53	TNFAIP3	0.802
9606.ENSP00000269305	9606.ENSP00000406549	TP53	TAF1	0.816
9606.ENSP00000269305	9606.ENSP00000392025	TP53	CYLD	0.831
9606.ENSP00000269305	9606.ENSP00000355231	TP53	BECN1	0.835
9606.ENSP00000269305	9606.ENSP00000352257	TP53	XRCC6	0.837
9606.ENSP00000269305	9606.ENSP00000358022	TP53	MCL1	0.864
9606.ENSP00000269305	9606.ENSP00000352738	TP53	G3BP2	0.89
9606.ENSP00000269305	9606.ENSP00000430684	TP53	IKBKB	0.898
9606.ENSP00000269305	9606.ENSP00000384273	TP53	RELA	0.903
9606.ENSP00000269305	9606.ENSP00000380697	TP53	IRF7	0.905
9606.ENSP00000269305	9606.ENSP00000354558	TP53	MTOR	0.911
9606.ENSP00000269305	9606.ENSP00000298139	TP53	WRN	0.917
9606.ENSP00000269305	9606.ENSP00000353344	TP53	ETS2	0.918
9606.ENSP00000269305	9606.ENSP00000319169	TP53	PRMT5	0.92
9606.ENSP00000269305	9606.ENSP00000352516	TP53	DNMT1	0.927
9606.ENSP00000269305	9606.ENSP00000354522	TP53	TOP1	0.937
9606.ENSP00000269305	9606.ENSP00000323889	TP53	TRIM25	0.943
9606.ENSP00000269305	9606.ENSP00000345571	TP53	E2F1	0.956
9606.ENSP00000269305	9606.ENSP00000357113	TP53	IFI16	0.957
9606.ENSP00000269305	9606.ENSP00000383042	TP53	KDM1A	0.977
9606.ENSP00000269305	9606.ENSP00000324856	TP53	STK11	0.979
9606.ENSP00000269305	9606.ENSP00000344352	TP53	ATF3	0.979
9606.ENSP00000269305	9606.ENSP00000496577	TP53	SOCS1	0.983
9606.ENSP00000269305	9606.ENSP00000374455	TP53	SQSTM1	0.985
9606.ENSP00000269305	9606.ENSP00000345347	TP53	HMGB1	0.987
9606.ENSP00000269305	9606.ENSP00000378699	TP53	CDK1	0.988
9606.ENSP00000269305	9606.ENSP00000325863	TP53	MRE11	0.995
9606.ENSP00000269305	9606.ENSP00000293288	TP53	BAX	0.997
9606.ENSP00000269305	9606.ENSP00000339527	TP53	FOXO3	0.998
9606.ENSP00000269305	9606.ENSP00000278616	TP53	ATM	0.999
9606.ENSP00000269305	9606.ENSP00000313420	TP53	PRKDC	0.999
9606.ENSP00000269305	9606.ENSP00000340330	TP53	KAT5	0.999
9606.ENSP00000269305	9606.ENSP00000343896	TP53	SMARCA4	0.999
9606.ENSP00000269305	9606.ENSP00000356438	TP53	PTGS2	0.999
9606.ENSP00000269305	9606.ENSP00000362649	TP53	HDAC1	0.999
9606.ENSP00000269305	9606.ENSP00000363591	TP53	BAK1	0.999
9606.ENSP00000269305	9606.ENSP00000365230	TP53	BCL2L1	0.999
9606.ENSP00000269305	9606.ENSP00000371475	TP53	TP53BP1	0.999
9606.ENSP00000269305	9606.ENSP00000381185	TP53	BCL2	0.999
9606.ENSP00000269305	9606.ENSP00000384849	TP53	CDKN1A	0.999
9606.ENSP00000269305	9606.ENSP00000391090	TP53	CHEK1	0.999
9606.ENSP00000269305	9606.ENSP00000418915	TP53	CDKN2A	0.999
9606.ENSP00000269593	9606.ENSP00000275525	IGFBP4	IGFBP1	0.905
9606.ENSP00000269593	9606.ENSP00000376637	IGFBP4	IGF1	0.999
9606.ENSP00000270139	9606.ENSP00000392025	IFNAR1	CYLD	0.185
9606.ENSP00000270139	9606.ENSP00000301178	IFNAR1	AXL	0.211
9606.ENSP00000270139	9606.ENSP00000346148	IFNAR1	PRKAA1	0.38
9606.ENSP00000270139	9606.ENSP00000330341	IFNAR1	SOCS3	0.5
9606.ENSP00000270139	9606.ENSP00000406162	IFNAR1	PRMT1	0.55
9606.ENSP00000270139	9606.ENSP00000496577	IFNAR1	SOCS1	0.766
9606.ENSP00000270139	9606.ENSP00000354394	IFNAR1	STAT1	0.787
9606.ENSP00000270139	9606.ENSP00000371067	IFNAR1	JAK2	0.845
9606.ENSP00000270139	9606.ENSP00000276927	IFNAR1	IFNA1	0.916
9606.ENSP00000270139	9606.ENSP00000369581	IFNAR1	IFNB1	0.993
9606.ENSP00000270139	9606.ENSP00000499900	IFNAR1	JAK1	0.995
9606.ENSP00000270139	9606.ENSP00000315768	IFNAR1	STAT2	0.999
9606.ENSP00000270139	9606.ENSP00000343957	IFNAR1	IFNAR2	0.999
9606.ENSP00000271640	9606.ENSP00000275493	SETDB1	EGFR	0.181
9606.ENSP00000271640	9606.ENSP00000343896	SETDB1	SMARCA4	0.182
9606.ENSP00000271640	9606.ENSP00000352516	SETDB1	DNMT1	0.456
9606.ENSP00000271640	9606.ENSP00000380763	SETDB1	MORC2	0.5
9606.ENSP00000271640	9606.ENSP00000434024	SETDB1	H2AX	0.5
9606.ENSP00000271640	9606.ENSP00000418037	SETDB1	IRF5	0.587
9606.ENSP00000271640	9606.ENSP00000378935	SETDB1	PPHLN1	0.652
9606.ENSP00000271640	9606.ENSP00000347845	SETDB1	TASOR	0.81
9606.ENSP00000271640	9606.ENSP00000451828	SETDB1	AKT1	0.87
9606.ENSP00000271640	9606.ENSP00000362649	SETDB1	HDAC1	0.902
9606.ENSP00000271640	9606.ENSP00000355388	SETDB1	MPHOSPH8	0.932
9606.ENSP00000271640	9606.ENSP00000440440	SETDB1	ATF7IP	0.999
9606.ENSP00000274364	9606.ENSP00000357283	IQGAP2	LMNA	0.444
9606.ENSP00000274364	9606.ENSP00000358983	IQGAP2	NFKB2	0.474
9606.ENSP00000274364	9606.ENSP00000430684	IQGAP2	IKBKB	0.486
9606.ENSP00000274364	9606.ENSP00000295025	IQGAP2	REL	0.594
9606.ENSP00000274364	9606.ENSP00000384273	IQGAP2	RELA	0.638
9606.ENSP00000274793	9606.ENSP00000384906	PLA2G7	SAA1	0.36
9606.ENSP00000274793	9606.ENSP00000436126	PLA2G7	SAA2	0.36
9606.ENSP00000274793	9606.ENSP00000497642	PLA2G7	LPL	0.36
9606.ENSP00000275493	9606.ENSP00000356030	EGFR	CD55	0.164
9606.ENSP00000275493	9606.ENSP00000361850	EGFR	PLAU	0.165
9606.ENSP00000275493	9606.ENSP00000308208	EGFR	MMP14	0.173
9606.ENSP00000275493	9606.ENSP00000384273	EGFR	RELA	0.177
9606.ENSP00000275493	9606.ENSP00000345571	EGFR	E2F1	0.178
9606.ENSP00000275493	9606.ENSP00000325863	EGFR	MRE11	0.181
9606.ENSP00000275493	9606.ENSP00000360290	EGFR	PRKAA2	0.181
9606.ENSP00000275493	9606.ENSP00000442656	EGFR	ACVR1B	0.181
9606.ENSP00000275493	9606.ENSP00000306157	EGFR	IL7R	0.182
9606.ENSP00000275493	9606.ENSP00000497910	EGFR	B2M	0.182
9606.ENSP00000275493	9606.ENSP00000419465	EGFR	WWTR1	0.183
9606.ENSP00000275493	9606.ENSP00000430684	EGFR	IKBKB	0.183
9606.ENSP00000275493	9606.ENSP00000464030	EGFR	IKBKE	0.183
9606.ENSP00000275493	9606.ENSP00000418915	EGFR	CDKN2A	0.188
9606.ENSP00000275493	9606.ENSP00000347948	EGFR	TNFRSF14	0.199
9606.ENSP00000275493	9606.ENSP00000306512	EGFR	CXCL8	0.201
9606.ENSP00000275493	9606.ENSP00000356438	EGFR	PTGS2	0.201
9606.ENSP00000275493	9606.ENSP00000327513	EGFR	CSF1	0.205
9606.ENSP00000275493	9606.ENSP00000330382	EGFR	PDGFB	0.206
9606.ENSP00000275493	9606.ENSP00000379140	EGFR	CXCL12	0.207
9606.ENSP00000275493	9606.ENSP00000324560	EGFR	ULK1	0.209
9606.ENSP00000275493	9606.ENSP00000384849	EGFR	CDKN1A	0.209
9606.ENSP00000275493	9606.ENSP00000357470	EGFR	IL6R	0.21
9606.ENSP00000275493	9606.ENSP00000336762	EGFR	ANG	0.211
9606.ENSP00000275493	9606.ENSP00000276925	EGFR	CDKN2B	0.221
9606.ENSP00000275493	9606.ENSP00000305556	EGFR	PCBP1	0.224
9606.ENSP00000275493	9606.ENSP00000357113	EGFR	IFI16	0.227
9606.ENSP00000275493	9606.ENSP00000385675	EGFR	IL6	0.231
9606.ENSP00000275493	9606.ENSP00000335062	EGFR	PDCD1	0.238
9606.ENSP00000275493	9606.ENSP00000395294	EGFR	CD70	0.238
9606.ENSP00000275493	9606.ENSP00000481570	EGFR	TNFAIP3	0.238
9606.ENSP00000275493	9606.ENSP00000358022	EGFR	MCL1	0.283
9606.ENSP00000275493	9606.ENSP00000391090	EGFR	CHEK1	0.287
9606.ENSP00000275493	9606.ENSP00000309572	EGFR	TERT	0.298
9606.ENSP00000275493	9606.ENSP00000365230	EGFR	BCL2L1	0.319
9606.ENSP00000275493	9606.ENSP00000362649	EGFR	HDAC1	0.324
9606.ENSP00000275493	9606.ENSP00000498587	EGFR	NOTCH1	0.335
9606.ENSP00000275493	9606.ENSP00000343129	EGFR	TRIM29	0.338
9606.ENSP00000275493	9606.ENSP00000389351	EGFR	RPSA	0.339
9606.ENSP00000275493	9606.ENSP00000360266	EGFR	JUN	0.35
9606.ENSP00000275493	9606.ENSP00000354558	EGFR	MTOR	0.354
9606.ENSP00000275493	9606.ENSP00000343896	EGFR	SMARCA4	0.366
9606.ENSP00000275493	9606.ENSP00000371958	EGFR	CD9	0.379
9606.ENSP00000275493	9606.ENSP00000363089	EGFR	TLR4	0.456
9606.ENSP00000275493	9606.ENSP00000465500	EGFR	TNFRSF11A	0.456
9606.ENSP00000275493	9606.ENSP00000296585	EGFR	ITGA2	0.457
9606.ENSP00000275493	9606.ENSP00000305422	EGFR	CEBPB	0.457
9606.ENSP00000275493	9606.ENSP00000346694	EGFR	HNRNPA2B1	0.457
9606.ENSP00000275493	9606.ENSP00000354900	EGFR	GJB1	0.457
9606.ENSP00000275493	9606.ENSP00000357283	EGFR	LMNA	0.457
9606.ENSP00000275493	9606.ENSP00000378487	EGFR	VDAC1	0.457
9606.ENSP00000275493	9606.ENSP00000415416	EGFR	TRIB3	0.457
9606.ENSP00000275493	9606.ENSP00000433138	EGFR	CASP1	0.457
9606.ENSP00000275493	9606.ENSP00000376637	EGFR	IGF1	0.46
9606.ENSP00000275493	9606.ENSP00000392025	EGFR	CYLD	0.47
9606.ENSP00000275493	9606.ENSP00000434024	EGFR	H2AX	0.537
9606.ENSP00000275493	9606.ENSP00000370473	EGFR	IGFBP3	0.552
9606.ENSP00000275493	9606.ENSP00000398698	EGFR	TNF	0.596
9606.ENSP00000275493	9606.ENSP00000478927	EGFR	YAP1	0.597
9606.ENSP00000275493	9606.ENSP00000377344	EGFR	DDX60	0.606
9606.ENSP00000275493	9606.ENSP00000355865	EGFR	PRKN	0.683
9606.ENSP00000275493	9606.ENSP00000355231	EGFR	BECN1	0.756
9606.ENSP00000275493	9606.ENSP00000296782	EGFR	RICTOR	0.805
9606.ENSP00000275493	9606.ENSP00000499900	EGFR	JAK1	0.81
9606.ENSP00000275493	9606.ENSP00000334100	EGFR	EXOC7	0.812
9606.ENSP00000275493	9606.ENSP00000307272	EGFR	RPTOR	0.829
9606.ENSP00000275493	9606.ENSP00000371420	EGFR	GPNMB	0.868
9606.ENSP00000275493	9606.ENSP00000496577	EGFR	SOCS1	0.886
9606.ENSP00000275493	9606.ENSP00000497069	EGFR	IGF1R	0.893
9606.ENSP00000275493	9606.ENSP00000301178	EGFR	AXL	0.894
9606.ENSP00000275493	9606.ENSP00000315768	EGFR	STAT2	0.907
9606.ENSP00000275493	9606.ENSP00000483825	EGFR	IKBKG	0.907
9606.ENSP00000275493	9606.ENSP00000313420	EGFR	PRKDC	0.959
9606.ENSP00000275493	9606.ENSP00000451828	EGFR	AKT1	0.963
9606.ENSP00000275493	9606.ENSP00000371067	EGFR	JAK2	0.974
9606.ENSP00000275493	9606.ENSP00000495360	EGFR	CTNNB1	0.989
9606.ENSP00000275493	9606.ENSP00000330341	EGFR	SOCS3	0.992
9606.ENSP00000275493	9606.ENSP00000287842	EGFR	NRG1	0.995
9606.ENSP00000275493	9606.ENSP00000379097	EGFR	AREG	0.998
9606.ENSP00000275493	9606.ENSP00000354394	EGFR	STAT1	0.999
9606.ENSP00000275493	9606.ENSP00000378699	EGFR	CDK1	0.999
9606.ENSP00000275493	9606.ENSP00000404131	EGFR	TGFA	0.999
9606.ENSP00000275525	9606.ENSP00000301464	IGFBP1	IGFBP6	0.205
9606.ENSP00000275525	9606.ENSP00000497069	IGFBP1	IGF1R	0.447
9606.ENSP00000275525	9606.ENSP00000376637	IGFBP1	IGF1	0.995
9606.ENSP00000276925	9606.ENSP00000343896	CDKN2B	SMARCA4	0.178
9606.ENSP00000276925	9606.ENSP00000451828	CDKN2B	AKT1	0.178
9606.ENSP00000276925	9606.ENSP00000309572	CDKN2B	TERT	0.183
9606.ENSP00000276925	9606.ENSP00000324856	CDKN2B	STK11	0.189
9606.ENSP00000276925	9606.ENSP00000355231	CDKN2B	BECN1	0.215
9606.ENSP00000276925	9606.ENSP00000497069	CDKN2B	IGF1R	0.425
9606.ENSP00000276925	9606.ENSP00000418915	CDKN2B	CDKN2A	0.984
9606.ENSP00000276927	9606.ENSP00000353874	IFNA1	TLR9	0.172
9606.ENSP00000276927	9606.ENSP00000370034	IFNA1	TLR7	0.271
9606.ENSP00000276927	9606.ENSP00000315768	IFNA1	STAT2	0.5
9606.ENSP00000276927	9606.ENSP00000330341	IFNA1	SOCS3	0.5
9606.ENSP00000276927	9606.ENSP00000354394	IFNA1	STAT1	0.5
9606.ENSP00000276927	9606.ENSP00000496577	IFNA1	SOCS1	0.5
9606.ENSP00000276927	9606.ENSP00000369581	IFNA1	IFNB1	0.55
9606.ENSP00000276927	9606.ENSP00000499900	IFNA1	JAK1	0.653
9606.ENSP00000276927	9606.ENSP00000343957	IFNA1	IFNAR2	0.935
9606.ENSP00000276927	9606.ENSP00000496832	IFNA1	ISG15	0.995
9606.ENSP00000278071	9606.ENSP00000497271	ITPRIP	IFIH1	0.274
9606.ENSP00000278616	9606.ENSP00000355231	ATM	BECN1	0.203
9606.ENSP00000278616	9606.ENSP00000357113	ATM	IFI16	0.207
9606.ENSP00000278616	9606.ENSP00000395294	ATM	CD70	0.218
9606.ENSP00000278616	9606.ENSP00000451828	ATM	AKT1	0.266
9606.ENSP00000278616	9606.ENSP00000354558	ATM	MTOR	0.29
9606.ENSP00000278616	9606.ENSP00000437621	ATM	HMGA2	0.456
9606.ENSP00000278616	9606.ENSP00000498587	ATM	NOTCH1	0.456
9606.ENSP00000278616	9606.ENSP00000343129	ATM	TRIM29	0.457
9606.ENSP00000278616	9606.ENSP00000346148	ATM	PRKAA1	0.457
9606.ENSP00000278616	9606.ENSP00000354394	ATM	STAT1	0.457
9606.ENSP00000278616	9606.ENSP00000355865	ATM	PRKN	0.457
9606.ENSP00000278616	9606.ENSP00000370745	ATM	DDX1	0.457
9606.ENSP00000278616	9606.ENSP00000375873	ATM	ATG16L1	0.457
9606.ENSP00000278616	9606.ENSP00000395535	ATM	MECP2	0.457
9606.ENSP00000278616	9606.ENSP00000399888	ATM	HMGA1	0.457
9606.ENSP00000278616	9606.ENSP00000430684	ATM	IKBKB	0.457
9606.ENSP00000278616	9606.ENSP00000384849	ATM	CDKN1A	0.459
9606.ENSP00000278616	9606.ENSP00000324856	ATM	STK11	0.489
9606.ENSP00000278616	9606.ENSP00000345571	ATM	E2F1	0.489
9606.ENSP00000278616	9606.ENSP00000433623	ATM	TRAF6	0.495
9606.ENSP00000278616	9606.ENSP00000298139	ATM	WRN	0.5
9606.ENSP00000278616	9606.ENSP00000374455	ATM	SQSTM1	0.5
9606.ENSP00000278616	9606.ENSP00000498476	ATM	MAP1LC3B	0.5
9606.ENSP00000278616	9606.ENSP00000362649	ATM	HDAC1	0.631
9606.ENSP00000278616	9606.ENSP00000496577	ATM	SOCS1	0.633
9606.ENSP00000278616	9606.ENSP00000343896	ATM	SMARCA4	0.742
9606.ENSP00000278616	9606.ENSP00000352257	ATM	XRCC6	0.768
9606.ENSP00000278616	9606.ENSP00000384273	ATM	RELA	0.78
9606.ENSP00000278616	9606.ENSP00000358335	ATM	MAP3K7	0.814
9606.ENSP00000278616	9606.ENSP00000391090	ATM	CHEK1	0.835
9606.ENSP00000278616	9606.ENSP00000359424	ATM	CHUK	0.836
9606.ENSP00000278616	9606.ENSP00000339527	ATM	FOXO3	0.838
9606.ENSP00000278616	9606.ENSP00000383042	ATM	KDM1A	0.9
9606.ENSP00000278616	9606.ENSP00000375978	ATM	XRCC5	0.982
9606.ENSP00000278616	9606.ENSP00000313420	ATM	PRKDC	0.988
9606.ENSP00000278616	9606.ENSP00000325863	ATM	MRE11	0.988
9606.ENSP00000278616	9606.ENSP00000340330	ATM	KAT5	0.992
9606.ENSP00000278616	9606.ENSP00000368100	ATM	RAD50	0.993
9606.ENSP00000278616	9606.ENSP00000371475	ATM	TP53BP1	0.999
9606.ENSP00000278616	9606.ENSP00000434024	ATM	H2AX	0.999
9606.ENSP00000278616	9606.ENSP00000483825	ATM	IKBKG	0.999
9606.ENSP00000279441	9606.ENSP00000323929	MMP10	A2M	0.5
9606.ENSP00000279441	9606.ENSP00000299855	MMP10	MMP3	0.999
9606.ENSP00000280357	9606.ENSP00000306512	IL18	CXCL8	0.153
9606.ENSP00000280357	9606.ENSP00000337383	IL18	NLRP3	0.161
9606.ENSP00000280357	9606.ENSP00000433209	IL18	GSDMD	0.191
9606.ENSP00000280357	9606.ENSP00000309767	IL18	NLRP6	0.203
9606.ENSP00000280357	9606.ENSP00000313420	IL18	PRKDC	0.312
9606.ENSP00000280357	9606.ENSP00000343445	IL18	SERPINB4	0.368
9606.ENSP00000280357	9606.ENSP00000498321	IL18	MYD88	0.373
9606.ENSP00000280357	9606.ENSP00000388566	IL18	CASP4	0.9
9606.ENSP00000280357	9606.ENSP00000433138	IL18	CASP1	0.957
9606.ENSP00000280357	9606.ENSP00000434717	IL18	IL18BP	0.971
9606.ENSP00000280357	9606.ENSP00000387211	IL18	IL18R1	0.997
9606.ENSP00000282561	9606.ENSP00000306866	GJA1	GABARAP	0.457
9606.ENSP00000282561	9606.ENSP00000355231	GJA1	BECN1	0.457
9606.ENSP00000282561	9606.ENSP00000358072	GJA1	ATG5	0.457
9606.ENSP00000282561	9606.ENSP00000375873	GJA1	ATG16L1	0.457
9606.ENSP00000282561	9606.ENSP00000451828	GJA1	AKT1	0.457
9606.ENSP00000282561	9606.ENSP00000498476	GJA1	MAP1LC3B	0.457
9606.ENSP00000282561	9606.ENSP00000374455	GJA1	SQSTM1	0.802
9606.ENSP00000282561	9606.ENSP00000354900	GJA1	GJB1	0.907
9606.ENSP00000282561	9606.ENSP00000467201	GJA1	GJC1	0.945
9606.ENSP00000283147	9606.ENSP00000368104	BMP6	BMP2	0.924
9606.ENSP00000284274	9606.ENSP00000408411	OTULIN	LAMP2	0.218
9606.ENSP00000284274	9606.ENSP00000354394	OTULIN	STAT1	0.457
9606.ENSP00000284274	9606.ENSP00000360215	OTULIN	ZBP1	0.457
9606.ENSP00000284274	9606.ENSP00000377845	OTULIN	ASNS	0.457
9606.ENSP00000284274	9606.ENSP00000471896	OTULIN	IRF3	0.457
9606.ENSP00000284274	9606.ENSP00000398698	OTULIN	TNF	0.994
9606.ENSP00000287598	9606.ENSP00000385519	BUB1B	CD14	0.188
9606.ENSP00000287598	9606.ENSP00000357643	BUB1B	MKI67	0.456
9606.ENSP00000287598	9606.ENSP00000378699	BUB1B	CDK1	0.663
9606.ENSP00000287598	9606.ENSP00000362649	BUB1B	HDAC1	0.831
9606.ENSP00000288828	9606.ENSP00000306866	WIPI2	GABARAP	0.167
9606.ENSP00000288828	9606.ENSP00000498476	WIPI2	MAP1LC3B	0.167
9606.ENSP00000288828	9606.ENSP00000355231	WIPI2	BECN1	0.208
9606.ENSP00000288828	9606.ENSP00000324560	WIPI2	ULK1	0.385
9606.ENSP00000288828	9606.ENSP00000354558	WIPI2	MTOR	0.457
9606.ENSP00000288828	9606.ENSP00000386710	WIPI2	ATG9A	0.499
9606.ENSP00000288828	9606.ENSP00000307272	WIPI2	RPTOR	0.601
9606.ENSP00000288828	9606.ENSP00000370003	WIPI2	BNIP3L	0.822
9606.ENSP00000288828	9606.ENSP00000358072	WIPI2	ATG5	0.999
9606.ENSP00000288828	9606.ENSP00000375873	WIPI2	ATG16L1	0.999
9606.ENSP00000293288	9606.ENSP00000398698	BAX	TNF	0.157
9606.ENSP00000293288	9606.ENSP00000355231	BAX	BECN1	0.198
9606.ENSP00000293288	9606.ENSP00000344208	BAX	TRIM14	0.219
9606.ENSP00000293288	9606.ENSP00000420617	BAX	MFN1	0.231
9606.ENSP00000293288	9606.ENSP00000343896	BAX	SMARCA4	0.298
9606.ENSP00000293288	9606.ENSP00000305556	BAX	PCBP1	0.323
9606.ENSP00000293288	9606.ENSP00000428845	BAX	VDAC3	0.4
9606.ENSP00000293288	9606.ENSP00000355865	BAX	PRKN	0.444
9606.ENSP00000293288	9606.ENSP00000351273	BAX	CASP8	0.456
9606.ENSP00000293288	9606.ENSP00000375978	BAX	XRCC5	0.457
9606.ENSP00000293288	9606.ENSP00000451828	BAX	AKT1	0.457
9606.ENSP00000293288	9606.ENSP00000361635	BAX	VDAC2	0.522
9606.ENSP00000293288	9606.ENSP00000471896	BAX	IRF3	0.749
9606.ENSP00000293288	9606.ENSP00000326119	BAX	PMAIP1	0.957
9606.ENSP00000293288	9606.ENSP00000378487	BAX	VDAC1	0.995
9606.ENSP00000293288	9606.ENSP00000352257	BAX	XRCC6	0.999
9606.ENSP00000293288	9606.ENSP00000358022	BAX	MCL1	0.999
9606.ENSP00000293288	9606.ENSP00000363591	BAX	BAK1	0.999
9606.ENSP00000293288	9606.ENSP00000365230	BAX	BCL2L1	0.999
9606.ENSP00000293288	9606.ENSP00000381185	BAX	BCL2	0.999
9606.ENSP00000293778	9606.ENSP00000362179	CXCL16	ZC3H12A	0.457
9606.ENSP00000293778	9606.ENSP00000351059	CXCL16	CX3CR1	0.727
9606.ENSP00000293778	9606.ENSP00000319635	CXCL16	CXCR2	0.754
9606.ENSP00000294728	9606.ENSP00000306512	VCAM1	CXCL8	0.184
9606.ENSP00000294728	9606.ENSP00000379140	VCAM1	CXCL12	0.184
9606.ENSP00000295025	9606.ENSP00000451828	REL	AKT1	0.156
9606.ENSP00000295025	9606.ENSP00000360266	REL	JUN	0.209
9606.ENSP00000295025	9606.ENSP00000343896	REL	SMARCA4	0.262
9606.ENSP00000295025	9606.ENSP00000297596	REL	GEM	0.374
9606.ENSP00000295025	9606.ENSP00000374455	REL	SQSTM1	0.415
9606.ENSP00000295025	9606.ENSP00000360290	REL	PRKAA2	0.43
9606.ENSP00000295025	9606.ENSP00000498587	REL	NOTCH1	0.456
9606.ENSP00000295025	9606.ENSP00000329967	REL	TBK1	0.457
9606.ENSP00000295025	9606.ENSP00000330341	REL	SOCS3	0.457
9606.ENSP00000295025	9606.ENSP00000428184	REL	SDCBP	0.474
9606.ENSP00000295025	9606.ENSP00000430684	REL	IKBKB	0.596
9606.ENSP00000295025	9606.ENSP00000358983	REL	NFKB2	0.999
9606.ENSP00000295025	9606.ENSP00000384273	REL	RELA	0.999
9606.ENSP00000295666	9606.ENSP00000360266	IGFBP7	JUN	0.456
9606.ENSP00000295666	9606.ENSP00000357470	IGFBP7	IL6R	0.622
9606.ENSP00000295666	9606.ENSP00000376637	IGFBP7	IGF1	0.873
9606.ENSP00000296026	9606.ENSP00000306512	CXCL3	CXCL8	0.546
9606.ENSP00000296026	9606.ENSP00000351059	CXCL3	CX3CR1	0.65
9606.ENSP00000296026	9606.ENSP00000319635	CXCL3	CXCR2	0.986
9606.ENSP00000296026	9606.ENSP00000379110	CXCL3	CXCL1	0.99
9606.ENSP00000296026	9606.ENSP00000427279	CXCL3	CXCL2	0.991
9606.ENSP00000296026	9606.ENSP00000302234	CXCL3	CCL11	0.999
9606.ENSP00000296257	9606.ENSP00000383044	SENP2	USP25	0.457
9606.ENSP00000296257	9606.ENSP00000483825	SENP2	IKBKG	0.802
9606.ENSP00000296503	9606.ENSP00000389351	HMGB2	RPSA	0.211
9606.ENSP00000296503	9606.ENSP00000437621	HMGB2	HMGA2	0.219
9606.ENSP00000296503	9606.ENSP00000305556	HMGB2	PCBP1	0.374
9606.ENSP00000296503	9606.ENSP00000399888	HMGB2	HMGA1	0.432
9606.ENSP00000296503	9606.ENSP00000345347	HMGB2	HMGB1	0.999
9606.ENSP00000296545	9606.ENSP00000357470	IL15	IL6R	0.204
9606.ENSP00000296545	9606.ENSP00000306157	IL15	IL7R	0.421
9606.ENSP00000296545	9606.ENSP00000499900	IL15	JAK1	0.531
9606.ENSP00000296585	9606.ENSP00000371958	ITGA2	CD9	0.456
9606.ENSP00000296585	9606.ENSP00000304408	ITGA2	COL3A1	0.511
9606.ENSP00000296585	9606.ENSP00000322788	ITGA2	MMP1	0.802
9606.ENSP00000296782	9606.ENSP00000343896	RICTOR	SMARCA4	0.159
9606.ENSP00000296782	9606.ENSP00000313420	RICTOR	PRKDC	0.239
9606.ENSP00000296782	9606.ENSP00000430684	RICTOR	IKBKB	0.457
9606.ENSP00000296782	9606.ENSP00000481570	RICTOR	TNFAIP3	0.457
9606.ENSP00000296782	9606.ENSP00000385269	RICTOR	ELAVL1	0.465
9606.ENSP00000296782	9606.ENSP00000364204	RICTOR	PINK1	0.491
9606.ENSP00000296782	9606.ENSP00000359424	RICTOR	CHUK	0.492
9606.ENSP00000296782	9606.ENSP00000406549	RICTOR	TAF1	0.654
9606.ENSP00000296782	9606.ENSP00000307272	RICTOR	RPTOR	0.996
9606.ENSP00000296782	9606.ENSP00000354558	RICTOR	MTOR	0.999
9606.ENSP00000296782	9606.ENSP00000451828	RICTOR	AKT1	0.999
9606.ENSP00000296795	9606.ENSP00000337383	TLR3	NLRP3	0.205
9606.ENSP00000296795	9606.ENSP00000345347	TLR3	HMGB1	0.208
9606.ENSP00000296795	9606.ENSP00000369213	TLR3	DDX58	0.264
9606.ENSP00000296795	9606.ENSP00000497271	TLR3	IFIH1	0.381
9606.ENSP00000296795	9606.ENSP00000401980	TLR3	MAVS	0.398
9606.ENSP00000296795	9606.ENSP00000345243	TLR3	SIGLEC10	0.432
9606.ENSP00000296795	9606.ENSP00000374455	TLR3	SQSTM1	0.457
9606.ENSP00000296795	9606.ENSP00000433102	TLR3	TRIM3	0.457
9606.ENSP00000296795	9606.ENSP00000415139	TLR3	TICAM2	0.476
9606.ENSP00000296795	9606.ENSP00000380697	TLR3	IRF7	0.5
9606.ENSP00000296795	9606.ENSP00000359424	TLR3	CHUK	0.545
9606.ENSP00000296795	9606.ENSP00000430684	TLR3	IKBKB	0.582
9606.ENSP00000296795	9606.ENSP00000471896	TLR3	IRF3	0.601
9606.ENSP00000296795	9606.ENSP00000312082	TLR3	TLR8	0.602
9606.ENSP00000296795	9606.ENSP00000353874	TLR3	TLR9	0.633
9606.ENSP00000296795	9606.ENSP00000464030	TLR3	IKBKE	0.657
9606.ENSP00000296795	9606.ENSP00000363089	TLR3	TLR4	0.659
9606.ENSP00000296795	9606.ENSP00000376445	TLR3	TIRAP	0.659
9606.ENSP00000296795	9606.ENSP00000370034	TLR3	TLR7	0.675
9606.ENSP00000296795	9606.ENSP00000369581	TLR3	IFNB1	0.7
9606.ENSP00000296795	9606.ENSP00000483825	TLR3	IKBKG	0.755
9606.ENSP00000296795	9606.ENSP00000351273	TLR3	CASP8	0.771
9606.ENSP00000296795	9606.ENSP00000376500	TLR3	TRAF3	0.775
9606.ENSP00000296795	9606.ENSP00000498321	TLR3	MYD88	0.904
9606.ENSP00000296795	9606.ENSP00000329967	TLR3	TBK1	0.921
9606.ENSP00000296795	9606.ENSP00000358335	TLR3	MAP3K7	0.983
9606.ENSP00000296795	9606.ENSP00000433623	TLR3	TRAF6	0.996
9606.ENSP00000296871	9606.ENSP00000327513	CSF2	CSF1	0.326
9606.ENSP00000296871	9606.ENSP00000385675	CSF2	IL6	0.374
9606.ENSP00000296871	9606.ENSP00000306512	CSF2	CXCL8	0.403
9606.ENSP00000296871	9606.ENSP00000346694	CSF2	HNRNPA2B1	0.457
9606.ENSP00000296871	9606.ENSP00000371067	CSF2	JAK2	0.917
9606.ENSP00000296871	9606.ENSP00000384053	CSF2	CSF2RB	0.997
9606.ENSP00000297350	9606.ENSP00000398698	TNFRSF11B	TNF	0.203
9606.ENSP00000297350	9606.ENSP00000465500	TNFRSF11B	TNFRSF11A	0.801
9606.ENSP00000297596	9606.ENSP00000483825	GEM	IKBKG	0.503
9606.ENSP00000298139	9606.ENSP00000399797	WRN	MOV10	0.2
9606.ENSP00000298139	9606.ENSP00000337332	WRN	SIRT6	0.206
9606.ENSP00000298139	9606.ENSP00000362649	WRN	HDAC1	0.457
9606.ENSP00000298139	9606.ENSP00000418915	WRN	CDKN2A	0.457
9606.ENSP00000298139	9606.ENSP00000340330	WRN	KAT5	0.5
9606.ENSP00000298139	9606.ENSP00000368100	WRN	RAD50	0.606
9606.ENSP00000298139	9606.ENSP00000325863	WRN	MRE11	0.634
9606.ENSP00000298139	9606.ENSP00000313420	WRN	PRKDC	0.659
9606.ENSP00000298139	9606.ENSP00000434024	WRN	H2AX	0.688
9606.ENSP00000298139	9606.ENSP00000356520	WRN	DHX9	0.824
9606.ENSP00000298139	9606.ENSP00000352257	WRN	XRCC6	0.999
9606.ENSP00000298139	9606.ENSP00000375978	WRN	XRCC5	0.999
9606.ENSP00000298717	9606.ENSP00000337332	METTL3	SIRT6	0.161
9606.ENSP00000298717	9606.ENSP00000354522	METTL3	TOP1	0.211
9606.ENSP00000298717	9606.ENSP00000327054	METTL3	LMNB2	0.247
9606.ENSP00000298717	9606.ENSP00000305556	METTL3	PCBP1	0.456
9606.ENSP00000298717	9606.ENSP00000313420	METTL3	PRKDC	0.456
9606.ENSP00000298717	9606.ENSP00000319169	METTL3	PRMT5	0.456
9606.ENSP00000298717	9606.ENSP00000325376	METTL3	HNRNPM	0.456
9606.ENSP00000298717	9606.ENSP00000349428	METTL3	PTBP1	0.456
9606.ENSP00000298717	9606.ENSP00000352257	METTL3	XRCC6	0.456
9606.ENSP00000298717	9606.ENSP00000352438	METTL3	PCBP2	0.456
9606.ENSP00000298717	9606.ENSP00000357283	METTL3	LMNA	0.456
9606.ENSP00000298717	9606.ENSP00000406162	METTL3	PRMT1	0.456
9606.ENSP00000298717	9606.ENSP00000418915	METTL3	CDKN2A	0.456
9606.ENSP00000298717	9606.ENSP00000362649	METTL3	HDAC1	0.487
9606.ENSP00000299855	9606.ENSP00000378517	MMP3	SPP1	0.417
9606.ENSP00000299855	9606.ENSP00000308208	MMP3	MMP14	0.457
9606.ENSP00000299855	9606.ENSP00000323929	MMP3	A2M	0.548
9606.ENSP00000299855	9606.ENSP00000322788	MMP3	MMP1	0.915
9606.ENSP00000299855	9606.ENSP00000361405	MMP3	MMP9	0.916
9606.ENSP00000300055	9606.ENSP00000374455	PLIN1	SQSTM1	0.78
9606.ENSP00000300589	9606.ENSP00000388001	NOD2	OAS1	0.207
9606.ENSP00000300589	9606.ENSP00000376500	NOD2	TRAF3	0.209
9606.ENSP00000300589	9606.ENSP00000342278	NOD2	OAS2	0.282
9606.ENSP00000300589	9606.ENSP00000369213	NOD2	DDX58	0.283
9606.ENSP00000300589	9606.ENSP00000401980	NOD2	MAVS	0.304
9606.ENSP00000300589	9606.ENSP00000337383	NOD2	NLRP3	0.334
9606.ENSP00000300589	9606.ENSP00000317891	NOD2	TNIP1	0.374
9606.ENSP00000300589	9606.ENSP00000357283	NOD2	LMNA	0.374
9606.ENSP00000300589	9606.ENSP00000340330	NOD2	KAT5	0.456
9606.ENSP00000300589	9606.ENSP00000384273	NOD2	RELA	0.456
9606.ENSP00000300589	9606.ENSP00000388566	NOD2	CASP4	0.456
9606.ENSP00000300589	9606.ENSP00000355865	NOD2	PRKN	0.457
9606.ENSP00000300589	9606.ENSP00000497271	NOD2	IFIH1	0.492
9606.ENSP00000300589	9606.ENSP00000358997	NOD2	IRAK1	0.5
9606.ENSP00000300589	9606.ENSP00000320869	NOD2	TRIM41	0.508
9606.ENSP00000300589	9606.ENSP00000460475	NOD2	NLRP1	0.626
9606.ENSP00000300589	9606.ENSP00000433623	NOD2	TRAF6	0.716
9606.ENSP00000300589	9606.ENSP00000483825	NOD2	IKBKG	0.716
9606.ENSP00000300589	9606.ENSP00000481570	NOD2	TNFAIP3	0.801
9606.ENSP00000300589	9606.ENSP00000433138	NOD2	CASP1	0.802
9606.ENSP00000300589	9606.ENSP00000385428	NOD2	NLRC4	0.857
9606.ENSP00000300589	9606.ENSP00000374455	NOD2	SQSTM1	0.924
9606.ENSP00000300589	9606.ENSP00000392025	NOD2	CYLD	0.942
9606.ENSP00000300589	9606.ENSP00000358335	NOD2	MAP3K7	0.957
9606.ENSP00000300589	9606.ENSP00000375873	NOD2	ATG16L1	0.963
9606.ENSP00000300619	9606.ENSP00000378067	ZNF91	SLFN11	0.219
9606.ENSP00000301178	9606.ENSP00000496577	AXL	SOCS1	0.164
9606.ENSP00000301178	9606.ENSP00000343896	AXL	SMARCA4	0.178
9606.ENSP00000301178	9606.ENSP00000451828	AXL	AKT1	0.198
9606.ENSP00000301455	9606.ENSP00000497642	ANGPTL4	LPL	0.432
9606.ENSP00000301455	9606.ENSP00000340330	ANGPTL4	KAT5	0.456
9606.ENSP00000301455	9606.ENSP00000343896	ANGPTL4	SMARCA4	0.457
9606.ENSP00000301455	9606.ENSP00000495360	ANGPTL4	CTNNB1	0.5
9606.ENSP00000301464	9606.ENSP00000497069	IGFBP6	IGF1R	0.302
9606.ENSP00000301464	9606.ENSP00000330382	IGFBP6	PDGFB	0.54
9606.ENSP00000301464	9606.ENSP00000346508	IGFBP6	PDGFA	0.54
9606.ENSP00000301464	9606.ENSP00000370473	IGFBP6	IGFBP3	0.54
9606.ENSP00000301464	9606.ENSP00000376637	IGFBP6	IGF1	0.839
9606.ENSP00000302234	9606.ENSP00000353731	CCL11	DPP4	0.491
9606.ENSP00000302234	9606.ENSP00000319635	CCL11	CXCR2	0.701
9606.ENSP00000302234	9606.ENSP00000351059	CCL11	CX3CR1	0.71
9606.ENSP00000302234	9606.ENSP00000305651	CCL11	CXCL10	0.999
9606.ENSP00000302234	9606.ENSP00000306884	CCL11	CXCL11	0.999
9606.ENSP00000302234	9606.ENSP00000354901	CCL11	CXCL9	0.999
9606.ENSP00000302234	9606.ENSP00000378118	CCL11	CCL8	0.999
9606.ENSP00000302234	9606.ENSP00000378365	CCL11	CCL26	0.999
9606.ENSP00000302234	9606.ENSP00000379110	CCL11	CXCL1	0.999
9606.ENSP00000302234	9606.ENSP00000379140	CCL11	CXCL12	0.999
9606.ENSP00000302234	9606.ENSP00000427279	CCL11	CXCL2	0.999
9606.ENSP00000302234	9606.ENSP00000474412	CCL11	CCL5	0.999
9606.ENSP00000304408	9606.ENSP00000330382	COL3A1	PDGFB	0.432
9606.ENSP00000304915	9606.ENSP00000357470	IL13	IL6R	0.202
9606.ENSP00000304915	9606.ENSP00000354394	IL13	STAT1	0.5
9606.ENSP00000304915	9606.ENSP00000371067	IL13	JAK2	0.5
9606.ENSP00000304915	9606.ENSP00000499900	IL13	JAK1	0.53
9606.ENSP00000304915	9606.ENSP00000349365	IL13	IL27	0.9
9606.ENSP00000304915	9606.ENSP00000385675	IL13	IL6	0.9
9606.ENSP00000305161	9606.ENSP00000399797	TRIM56	MOV10	0.219
9606.ENSP00000305161	9606.ENSP00000318176	TRIM56	PRKRA	0.233
9606.ENSP00000305161	9606.ENSP00000357113	TRIM56	IFI16	0.457
9606.ENSP00000305161	9606.ENSP00000358335	TRIM56	MAP3K7	0.457
9606.ENSP00000305161	9606.ENSP00000359339	TRIM56	CGAS	0.457
9606.ENSP00000305161	9606.ENSP00000377681	TRIM56	G3BP1	0.457
9606.ENSP00000305161	9606.ENSP00000484056	TRIM56	ZCCHC3	0.563
9606.ENSP00000305161	9606.ENSP00000305556	TRIM56	PCBP1	0.802
9606.ENSP00000305161	9606.ENSP00000498596	TRIM56	STING1	0.938
9606.ENSP00000305422	9606.ENSP00000360266	CEBPB	JUN	0.194
9606.ENSP00000305422	9606.ENSP00000306512	CEBPB	CXCL8	0.456
9606.ENSP00000305422	9606.ENSP00000356438	CEBPB	PTGS2	0.456
9606.ENSP00000305422	9606.ENSP00000385675	CEBPB	IL6	0.456
9606.ENSP00000305422	9606.ENSP00000399888	CEBPB	HMGA1	0.456
9606.ENSP00000305422	9606.ENSP00000464030	CEBPB	IKBKE	0.456
9606.ENSP00000305422	9606.ENSP00000477908	CEBPB	CCL3	0.456
9606.ENSP00000305422	9606.ENSP00000351273	CEBPB	CASP8	0.457
9606.ENSP00000305422	9606.ENSP00000362179	CEBPB	ZC3H12A	0.457
9606.ENSP00000305422	9606.ENSP00000433138	CEBPB	CASP1	0.457
9606.ENSP00000305422	9606.ENSP00000481570	CEBPB	TNFAIP3	0.457
9606.ENSP00000305422	9606.ENSP00000343896	CEBPB	SMARCA4	0.802
9606.ENSP00000305422	9606.ENSP00000362649	CEBPB	HDAC1	0.845
9606.ENSP00000305422	9606.ENSP00000336790	CEBPB	ATF4	0.931
9606.ENSP00000305422	9606.ENSP00000344352	CEBPB	ATF3	0.956
9606.ENSP00000305422	9606.ENSP00000384273	CEBPB	RELA	0.999
9606.ENSP00000305422	9606.ENSP00000448665	CEBPB	DDIT3	0.999
9606.ENSP00000305556	9606.ENSP00000451828	PCBP1	AKT1	0.153
9606.ENSP00000305556	9606.ENSP00000309767	PCBP1	NLRP6	0.219
9606.ENSP00000305556	9606.ENSP00000378699	PCBP1	CDK1	0.368
9606.ENSP00000305556	9606.ENSP00000481570	PCBP1	TNFAIP3	0.374
9606.ENSP00000305556	9606.ENSP00000330349	PCBP1	DDX41	0.456
9606.ENSP00000305556	9606.ENSP00000323889	PCBP1	TRIM25	0.457
9606.ENSP00000305556	9606.ENSP00000401980	PCBP1	MAVS	0.457
9606.ENSP00000305556	9606.ENSP00000399888	PCBP1	HMGA1	0.468
9606.ENSP00000305556	9606.ENSP00000355865	PCBP1	PRKN	0.537
9606.ENSP00000305556	9606.ENSP00000356520	PCBP1	DHX9	0.559
9606.ENSP00000305556	9606.ENSP00000359364	PCBP1	YTHDF1	0.587
9606.ENSP00000305556	9606.ENSP00000346694	PCBP1	HNRNPA2B1	0.813
9606.ENSP00000305556	9606.ENSP00000451291	PCBP1	HNRNPC	0.906
9606.ENSP00000305556	9606.ENSP00000357283	PCBP1	LMNA	0.926
9606.ENSP00000305556	9606.ENSP00000325376	PCBP1	HNRNPM	0.935
9606.ENSP00000305556	9606.ENSP00000349428	PCBP1	PTBP1	0.953
9606.ENSP00000305556	9606.ENSP00000352438	PCBP1	PCBP2	0.999
9606.ENSP00000305651	9606.ENSP00000412237	CXCL10	IL10	0.159
9606.ENSP00000305651	9606.ENSP00000357470	CXCL10	IL6R	0.205
9606.ENSP00000305651	9606.ENSP00000363089	CXCL10	TLR4	0.288
9606.ENSP00000305651	9606.ENSP00000354394	CXCL10	STAT1	0.327
9606.ENSP00000305651	9606.ENSP00000353731	CXCL10	DPP4	0.551
9606.ENSP00000305651	9606.ENSP00000351059	CXCL10	CX3CR1	0.721
9606.ENSP00000305651	9606.ENSP00000319635	CXCL10	CXCR2	0.804
9606.ENSP00000305651	9606.ENSP00000306884	CXCL10	CXCL11	0.999
9606.ENSP00000305651	9606.ENSP00000354901	CXCL10	CXCL9	0.999
9606.ENSP00000305651	9606.ENSP00000378118	CXCL10	CCL8	0.999
9606.ENSP00000305651	9606.ENSP00000378365	CXCL10	CCL26	0.999
9606.ENSP00000305651	9606.ENSP00000379140	CXCL10	CXCL12	0.999
9606.ENSP00000305651	9606.ENSP00000474412	CXCL10	CCL5	0.999
9606.ENSP00000306157	9606.ENSP00000451828	IL7R	AKT1	0.15
9606.ENSP00000306157	9606.ENSP00000343896	IL7R	SMARCA4	0.178
9606.ENSP00000306157	9606.ENSP00000496577	IL7R	SOCS1	0.457
9606.ENSP00000306157	9606.ENSP00000371067	IL7R	JAK2	0.8
9606.ENSP00000306157	9606.ENSP00000499900	IL7R	JAK1	0.981
9606.ENSP00000306512	9606.ENSP00000381185	CXCL8	BCL2	0.162
9606.ENSP00000306512	9606.ENSP00000363089	CXCL8	TLR4	0.182
9606.ENSP00000306512	9606.ENSP00000357470	CXCL8	IL6R	0.205
9606.ENSP00000306512	9606.ENSP00000360266	CXCL8	JUN	0.456
9606.ENSP00000306512	9606.ENSP00000455308	CXCL8	ZNF598	0.457
9606.ENSP00000306512	9606.ENSP00000471239	CXCL8	ZFP36	0.457
9606.ENSP00000306512	9606.ENSP00000385675	CXCL8	IL6	0.479
9606.ENSP00000306512	9606.ENSP00000308208	CXCL8	MMP14	0.49
9606.ENSP00000306512	9606.ENSP00000474412	CXCL8	CCL5	0.574
9606.ENSP00000306512	9606.ENSP00000379110	CXCL8	CXCL1	0.605
9606.ENSP00000306512	9606.ENSP00000427279	CXCL8	CXCL2	0.657
9606.ENSP00000306512	9606.ENSP00000351059	CXCL8	CX3CR1	0.752
9606.ENSP00000306512	9606.ENSP00000384273	CXCL8	RELA	0.993
9606.ENSP00000306512	9606.ENSP00000319635	CXCL8	CXCR2	0.999
9606.ENSP00000306512	9606.ENSP00000378118	CXCL8	CCL8	0.999
9606.ENSP00000306565	9606.ENSP00000360876	ISG20	IFIT3	0.205
9606.ENSP00000306565	9606.ENSP00000490935	ISG20	IFIT2	0.205
9606.ENSP00000306866	9606.ENSP00000346120	GABARAP	DDX21	0.156
9606.ENSP00000306866	9606.ENSP00000346694	GABARAP	HNRNPA2B1	0.156
9606.ENSP00000306866	9606.ENSP00000354522	GABARAP	TOP1	0.156
9606.ENSP00000306866	9606.ENSP00000375978	GABARAP	XRCC5	0.156
9606.ENSP00000306866	9606.ENSP00000368100	GABARAP	RAD50	0.19
9606.ENSP00000306866	9606.ENSP00000386710	GABARAP	ATG9A	0.311
9606.ENSP00000306866	9606.ENSP00000358072	GABARAP	ATG5	0.427
9606.ENSP00000306866	9606.ENSP00000355231	GABARAP	BECN1	0.447
9606.ENSP00000306866	9606.ENSP00000317891	GABARAP	TNIP1	0.456
9606.ENSP00000306866	9606.ENSP00000323889	GABARAP	TRIM25	0.456
9606.ENSP00000306866	9606.ENSP00000307272	GABARAP	RPTOR	0.491
9606.ENSP00000306866	9606.ENSP00000354558	GABARAP	MTOR	0.491
9606.ENSP00000306866	9606.ENSP00000377681	GABARAP	G3BP1	0.533
9606.ENSP00000306866	9606.ENSP00000498476	GABARAP	MAP1LC3B	0.794
9606.ENSP00000306866	9606.ENSP00000357625	GABARAP	BNIP3	0.957
9606.ENSP00000306866	9606.ENSP00000370003	GABARAP	BNIP3L	0.979
9606.ENSP00000306866	9606.ENSP00000398523	GABARAP	CALCOCO2	0.98
9606.ENSP00000306866	9606.ENSP00000346437	GABARAP	ATG7	0.993
9606.ENSP00000306866	9606.ENSP00000379612	GABARAP	TAX1BP1	0.993
9606.ENSP00000306866	9606.ENSP00000324560	GABARAP	ULK1	0.999
9606.ENSP00000306866	9606.ENSP00000374455	GABARAP	SQSTM1	0.999
9606.ENSP00000306884	9606.ENSP00000353731	CXCL11	DPP4	0.489
9606.ENSP00000306884	9606.ENSP00000351059	CXCL11	CX3CR1	0.65
9606.ENSP00000306884	9606.ENSP00000319635	CXCL11	CXCR2	0.727
9606.ENSP00000306884	9606.ENSP00000351671	CXCL11	CCL20	0.999
9606.ENSP00000306884	9606.ENSP00000354901	CXCL11	CXCL9	0.999
9606.ENSP00000306884	9606.ENSP00000378118	CXCL11	CCL8	0.999
9606.ENSP00000306884	9606.ENSP00000378365	CXCL11	CCL26	0.999
9606.ENSP00000306884	9606.ENSP00000379140	CXCL11	CXCL12	0.999
9606.ENSP00000306884	9606.ENSP00000400533	CXCL11	CCL24	0.999
9606.ENSP00000306884	9606.ENSP00000427279	CXCL11	CXCL2	0.999
9606.ENSP00000306884	9606.ENSP00000474412	CXCL11	CCL5	0.999
9606.ENSP00000306920	9606.ENSP00000339328	GLB1	PLAUR	0.18
9606.ENSP00000306920	9606.ENSP00000434024	GLB1	H2AX	0.456
9606.ENSP00000307272	9606.ENSP00000343896	RPTOR	SMARCA4	0.176
9606.ENSP00000307272	9606.ENSP00000335062	RPTOR	PDCD1	0.182
9606.ENSP00000307272	9606.ENSP00000376445	RPTOR	TIRAP	0.206
9606.ENSP00000307272	9606.ENSP00000313420	RPTOR	PRKDC	0.237
9606.ENSP00000307272	9606.ENSP00000408411	RPTOR	LAMP2	0.342
9606.ENSP00000307272	9606.ENSP00000377681	RPTOR	G3BP1	0.456
9606.ENSP00000307272	9606.ENSP00000359424	RPTOR	CHUK	0.457
9606.ENSP00000307272	9606.ENSP00000483825	RPTOR	IKBKG	0.457
9606.ENSP00000307272	9606.ENSP00000433623	RPTOR	TRAF6	0.492
9606.ENSP00000307272	9606.ENSP00000346148	RPTOR	PRKAA1	0.515
9606.ENSP00000307272	9606.ENSP00000360290	RPTOR	PRKAA2	0.515
9606.ENSP00000307272	9606.ENSP00000355865	RPTOR	PRKN	0.535
9606.ENSP00000307272	9606.ENSP00000329967	RPTOR	TBK1	0.801
9606.ENSP00000307272	9606.ENSP00000430684	RPTOR	IKBKB	0.802
9606.ENSP00000307272	9606.ENSP00000451828	RPTOR	AKT1	0.844
9606.ENSP00000307272	9606.ENSP00000351742	RPTOR	TFEB	0.9
9606.ENSP00000307272	9606.ENSP00000374455	RPTOR	SQSTM1	0.943
9606.ENSP00000307272	9606.ENSP00000324560	RPTOR	ULK1	0.99
9606.ENSP00000307272	9606.ENSP00000354558	RPTOR	MTOR	0.999
9606.ENSP00000307305	9606.ENSP00000355865	DDIT4	PRKN	0.457
9606.ENSP00000308193	9606.ENSP00000337623	RNASEH2C	RNASEH2B	0.999
9606.ENSP00000308208	9606.ENSP00000371958	MMP14	CD9	0.456
9606.ENSP00000308208	9606.ENSP00000398698	MMP14	TNF	0.457
9606.ENSP00000309572	9606.ENSP00000418915	TERT	CDKN2A	0.171
9606.ENSP00000309572	9606.ENSP00000355231	TERT	BECN1	0.174
9606.ENSP00000309572	9606.ENSP00000324856	TERT	STK11	0.188
9606.ENSP00000309572	9606.ENSP00000339527	TERT	FOXO3	0.457
9606.ENSP00000309572	9606.ENSP00000354558	TERT	MTOR	0.599
9606.ENSP00000309572	9606.ENSP00000434024	TERT	H2AX	0.8
9606.ENSP00000309572	9606.ENSP00000451828	TERT	AKT1	0.881
9606.ENSP00000309572	9606.ENSP00000340347	TERT	TCF7	0.9
9606.ENSP00000309572	9606.ENSP00000451291	TERT	HNRNPC	0.902
9606.ENSP00000309572	9606.ENSP00000495360	TERT	CTNNB1	0.953
9606.ENSP00000309572	9606.ENSP00000352257	TERT	XRCC6	0.977
9606.ENSP00000309572	9606.ENSP00000343896	TERT	SMARCA4	0.984
9606.ENSP00000309572	9606.ENSP00000375978	TERT	XRCC5	0.99
9606.ENSP00000309767	9606.ENSP00000352438	NLRP6	PCBP2	0.219
9606.ENSP00000309767	9606.ENSP00000357283	NLRP6	LMNA	0.219
9606.ENSP00000309767	9606.ENSP00000378487	NLRP6	VDAC1	0.219
9606.ENSP00000309767	9606.ENSP00000384053	NLRP6	CSF2RB	0.219
9606.ENSP00000309767	9606.ENSP00000399888	NLRP6	HMGA1	0.219
9606.ENSP00000309767	9606.ENSP00000406162	NLRP6	PRMT1	0.219
9606.ENSP00000309767	9606.ENSP00000497910	NLRP6	B2M	0.219
9606.ENSP00000309767	9606.ENSP00000401980	NLRP6	MAVS	0.291
9606.ENSP00000309767	9606.ENSP00000355231	NLRP6	BECN1	0.456
9606.ENSP00000309767	9606.ENSP00000358072	NLRP6	ATG5	0.456
9606.ENSP00000309767	9606.ENSP00000374455	NLRP6	SQSTM1	0.456
9606.ENSP00000309767	9606.ENSP00000375873	NLRP6	ATG16L1	0.456
9606.ENSP00000309767	9606.ENSP00000388566	NLRP6	CASP4	0.54
9606.ENSP00000309767	9606.ENSP00000433209	NLRP6	GSDMD	0.54
9606.ENSP00000309767	9606.ENSP00000376849	NLRP6	CASP5	0.72
9606.ENSP00000309767	9606.ENSP00000499211	NLRP6	CARD8	0.72
9606.ENSP00000309767	9606.ENSP00000337383	NLRP6	NLRP3	0.873
9606.ENSP00000309767	9606.ENSP00000357112	NLRP6	AIM2	0.882
9606.ENSP00000309767	9606.ENSP00000460475	NLRP6	NLRP1	0.902
9606.ENSP00000309767	9606.ENSP00000428657	NLRP6	NAIP	0.906
9606.ENSP00000309767	9606.ENSP00000433138	NLRP6	CASP1	0.947
9606.ENSP00000309767	9606.ENSP00000385428	NLRP6	NLRC4	0.966
9606.ENSP00000312082	9606.ENSP00000369213	TLR8	DDX58	0.173
9606.ENSP00000312082	9606.ENSP00000496577	TLR8	SOCS1	0.182
9606.ENSP00000312082	9606.ENSP00000483570	TLR8	BTK	0.374
9606.ENSP00000312082	9606.ENSP00000345243	TLR8	SIGLEC10	0.432
9606.ENSP00000312082	9606.ENSP00000356520	TLR8	DHX9	0.457
9606.ENSP00000312082	9606.ENSP00000376445	TLR8	TIRAP	0.476
9606.ENSP00000312082	9606.ENSP00000415139	TLR8	TICAM2	0.477
9606.ENSP00000312082	9606.ENSP00000363089	TLR8	TLR4	0.501
9606.ENSP00000312082	9606.ENSP00000353874	TLR8	TLR9	0.724
9606.ENSP00000312082	9606.ENSP00000370034	TLR8	TLR7	0.974
9606.ENSP00000312082	9606.ENSP00000498321	TLR8	MYD88	0.982
9606.ENSP00000312652	9606.ENSP00000385675	LEP	IL6	0.154
9606.ENSP00000312652	9606.ENSP00000323929	LEP	A2M	0.491
9606.ENSP00000312652	9606.ENSP00000330341	LEP	SOCS3	0.5
9606.ENSP00000312652	9606.ENSP00000371067	LEP	JAK2	0.626
9606.ENSP00000313420	9606.ENSP00000368100	PRKDC	RAD50	0.201
9606.ENSP00000313420	9606.ENSP00000355865	PRKDC	PRKN	0.208
9606.ENSP00000313420	9606.ENSP00000357459	PRKDC	ADAR	0.262
9606.ENSP00000313420	9606.ENSP00000497069	PRKDC	IGF1R	0.262
9606.ENSP00000313420	9606.ENSP00000437621	PRKDC	HMGA2	0.268
9606.ENSP00000313420	9606.ENSP00000495360	PRKDC	CTNNB1	0.303
9606.ENSP00000313420	9606.ENSP00000375857	PRKDC	LRRFIP1	0.32
9606.ENSP00000313420	9606.ENSP00000399888	PRKDC	HMGA1	0.33
9606.ENSP00000313420	9606.ENSP00000371475	PRKDC	TP53BP1	0.396
9606.ENSP00000313420	9606.ENSP00000498587	PRKDC	NOTCH1	0.456
9606.ENSP00000313420	9606.ENSP00000337332	PRKDC	SIRT6	0.457
9606.ENSP00000313420	9606.ENSP00000340330	PRKDC	KAT5	0.457
9606.ENSP00000313420	9606.ENSP00000343129	PRKDC	TRIM29	0.457
9606.ENSP00000313420	9606.ENSP00000359424	PRKDC	CHUK	0.457
9606.ENSP00000313420	9606.ENSP00000385610	PRKDC	MEX3C	0.457
9606.ENSP00000313420	9606.ENSP00000395535	PRKDC	MECP2	0.457
9606.ENSP00000313420	9606.ENSP00000430684	PRKDC	IKBKB	0.457
9606.ENSP00000313420	9606.ENSP00000451291	PRKDC	HNRNPC	0.457
9606.ENSP00000313420	9606.ENSP00000455308	PRKDC	ZNF598	0.457
9606.ENSP00000313420	9606.ENSP00000364204	PRKDC	PINK1	0.521
9606.ENSP00000313420	9606.ENSP00000360290	PRKDC	PRKAA2	0.555
9606.ENSP00000313420	9606.ENSP00000360266	PRKDC	JUN	0.561
9606.ENSP00000313420	9606.ENSP00000370473	PRKDC	IGFBP3	0.592
9606.ENSP00000313420	9606.ENSP00000357283	PRKDC	LMNA	0.594
9606.ENSP00000313420	9606.ENSP00000359364	PRKDC	YTHDF1	0.603
9606.ENSP00000313420	9606.ENSP00000356520	PRKDC	DHX9	0.623
9606.ENSP00000313420	9606.ENSP00000483825	PRKDC	IKBKG	0.637
9606.ENSP00000313420	9606.ENSP00000391090	PRKDC	CHEK1	0.645
9606.ENSP00000313420	9606.ENSP00000354558	PRKDC	MTOR	0.73
9606.ENSP00000313420	9606.ENSP00000384273	PRKDC	RELA	0.84
9606.ENSP00000313420	9606.ENSP00000383042	PRKDC	KDM1A	0.9
9606.ENSP00000313420	9606.ENSP00000354522	PRKDC	TOP1	0.917
9606.ENSP00000313420	9606.ENSP00000451828	PRKDC	AKT1	0.928
9606.ENSP00000313420	9606.ENSP00000352257	PRKDC	XRCC6	0.999
9606.ENSP00000313420	9606.ENSP00000375978	PRKDC	XRCC5	0.999
9606.ENSP00000313420	9606.ENSP00000434024	PRKDC	H2AX	0.999
9606.ENSP00000315768	9606.ENSP00000360876	STAT2	IFIT3	0.161
9606.ENSP00000315768	9606.ENSP00000385675	STAT2	IL6	0.168
9606.ENSP00000315768	9606.ENSP00000380697	STAT2	IRF7	0.207
9606.ENSP00000315768	9606.ENSP00000371067	STAT2	JAK2	0.273
9606.ENSP00000315768	9606.ENSP00000353512	STAT2	PARP9	0.457
9606.ENSP00000315768	9606.ENSP00000343896	STAT2	SMARCA4	0.494
9606.ENSP00000315768	9606.ENSP00000330341	STAT2	SOCS3	0.5
9606.ENSP00000315768	9606.ENSP00000369581	STAT2	IFNB1	0.5
9606.ENSP00000315768	9606.ENSP00000496577	STAT2	SOCS1	0.53
9606.ENSP00000315768	9606.ENSP00000496832	STAT2	ISG15	0.812
9606.ENSP00000315768	9606.ENSP00000499900	STAT2	JAK1	0.922
9606.ENSP00000315768	9606.ENSP00000343957	STAT2	IFNAR2	0.999
9606.ENSP00000315768	9606.ENSP00000354394	STAT2	STAT1	0.999
9606.ENSP00000315768	9606.ENSP00000380073	STAT2	IRF9	0.999
9606.ENSP00000317891	9606.ENSP00000358983	TNIP1	NFKB2	0.219
9606.ENSP00000317891	9606.ENSP00000374455	TNIP1	SQSTM1	0.31
9606.ENSP00000317891	9606.ENSP00000358997	TNIP1	IRAK1	0.457
9606.ENSP00000317891	9606.ENSP00000464030	TNIP1	IKBKE	0.457
9606.ENSP00000317891	9606.ENSP00000430684	TNIP1	IKBKB	0.517
9606.ENSP00000317891	9606.ENSP00000376500	TNIP1	TRAF3	0.523
9606.ENSP00000317891	9606.ENSP00000380150	TNIP1	CARD11	0.557
9606.ENSP00000317891	9606.ENSP00000362649	TNIP1	HDAC1	0.575
9606.ENSP00000317891	9606.ENSP00000498321	TNIP1	MYD88	0.802
9606.ENSP00000317891	9606.ENSP00000433623	TNIP1	TRAF6	0.819
9606.ENSP00000317891	9606.ENSP00000498476	TNIP1	MAP1LC3B	0.831
9606.ENSP00000317891	9606.ENSP00000379612	TNIP1	TAX1BP1	0.894
9606.ENSP00000317891	9606.ENSP00000329967	TNIP1	TBK1	0.905
9606.ENSP00000317891	9606.ENSP00000483825	TNIP1	IKBKG	0.948
9606.ENSP00000317891	9606.ENSP00000398698	TNIP1	TNF	0.999
9606.ENSP00000317891	9606.ENSP00000481570	TNIP1	TNFAIP3	0.999
9606.ENSP00000318176	9606.ENSP00000346120	PRKRA	DDX21	0.15
9606.ENSP00000318176	9606.ENSP00000357113	PRKRA	IFI16	0.457
9606.ENSP00000318176	9606.ENSP00000357459	PRKRA	ADAR	0.457
9606.ENSP00000318176	9606.ENSP00000377681	PRKRA	G3BP1	0.457
9606.ENSP00000318176	9606.ENSP00000395535	PRKRA	MECP2	0.457
9606.ENSP00000318176	9606.ENSP00000497271	PRKRA	IFIH1	0.49
9606.ENSP00000318176	9606.ENSP00000369213	PRKRA	DDX58	0.815
9606.ENSP00000318176	9606.ENSP00000478754	PRKRA	DDX6	0.9
9606.ENSP00000318176	9606.ENSP00000356520	PRKRA	DHX9	0.917
9606.ENSP00000318480	9606.ENSP00000428845	YME1L1	VDAC3	0.314
9606.ENSP00000318480	9606.ENSP00000354687	YME1L1	MT-ND1	0.5
9606.ENSP00000318480	9606.ENSP00000354665	YME1L1	MT-ND6	0.716
9606.ENSP00000319169	9606.ENSP00000344208	PRMT5	TRIM14	0.219
9606.ENSP00000319169	9606.ENSP00000399797	PRMT5	MOV10	0.279
9606.ENSP00000319169	9606.ENSP00000345571	PRMT5	E2F1	0.456
9606.ENSP00000319169	9606.ENSP00000415416	PRMT5	TRIB3	0.456
9606.ENSP00000319169	9606.ENSP00000481570	PRMT5	TNFAIP3	0.456
9606.ENSP00000319169	9606.ENSP00000499900	PRMT5	JAK1	0.456
9606.ENSP00000319169	9606.ENSP00000329466	PRMT5	SIRT7	0.457
9606.ENSP00000319169	9606.ENSP00000339587	PRMT5	GSDME	0.457
9606.ENSP00000319169	9606.ENSP00000346694	PRMT5	HNRNPA2B1	0.457
9606.ENSP00000319169	9606.ENSP00000352738	PRMT5	G3BP2	0.457
9606.ENSP00000319169	9606.ENSP00000357113	PRMT5	IFI16	0.457
9606.ENSP00000319169	9606.ENSP00000377681	PRMT5	G3BP1	0.457
9606.ENSP00000319169	9606.ENSP00000433623	PRMT5	TRAF6	0.457
9606.ENSP00000319169	9606.ENSP00000455308	PRMT5	ZNF598	0.457
9606.ENSP00000319169	9606.ENSP00000362649	PRMT5	HDAC1	0.57
9606.ENSP00000319169	9606.ENSP00000371067	PRMT5	JAK2	0.802
9606.ENSP00000319169	9606.ENSP00000384273	PRMT5	RELA	0.918
9606.ENSP00000319169	9606.ENSP00000406162	PRMT5	PRMT1	0.923
9606.ENSP00000319169	9606.ENSP00000343896	PRMT5	SMARCA4	0.926
9606.ENSP00000319635	9606.ENSP00000398698	CXCR2	TNF	0.193
9606.ENSP00000319635	9606.ENSP00000385675	CXCR2	IL6	0.342
9606.ENSP00000319635	9606.ENSP00000378365	CXCR2	CCL26	0.65
9606.ENSP00000319635	9606.ENSP00000400533	CXCR2	CCL24	0.65
9606.ENSP00000319635	9606.ENSP00000478024	CXCR2	CCL16	0.65
9606.ENSP00000319635	9606.ENSP00000354901	CXCR2	CXCL9	0.709
9606.ENSP00000319635	9606.ENSP00000480558	CXCR2	CCL3L1	0.732
9606.ENSP00000319635	9606.ENSP00000351671	CXCR2	CCL20	0.743
9606.ENSP00000319635	9606.ENSP00000378118	CXCR2	CCL8	0.757
9606.ENSP00000319635	9606.ENSP00000367832	CXCR2	CCL7	0.787
9606.ENSP00000319635	9606.ENSP00000482259	CXCR2	CCL4	0.79
9606.ENSP00000319635	9606.ENSP00000477908	CXCR2	CCL3	0.808
9606.ENSP00000319635	9606.ENSP00000474412	CXCR2	CCL5	0.822
9606.ENSP00000319635	9606.ENSP00000379140	CXCR2	CXCL12	0.864
9606.ENSP00000319635	9606.ENSP00000427279	CXCR2	CXCL2	0.993
9606.ENSP00000319635	9606.ENSP00000379110	CXCR2	CXCL1	0.995
9606.ENSP00000320309	9606.ENSP00000355865	FARSA	PRKN	0.208
9606.ENSP00000320309	9606.ENSP00000395535	FARSA	MECP2	0.457
9606.ENSP00000320309	9606.ENSP00000455308	FARSA	ZNF598	0.457
9606.ENSP00000320869	9606.ENSP00000348216	TRIM41	TRIM4	0.157
9606.ENSP00000320869	9606.ENSP00000483825	TRIM41	IKBKG	0.249
9606.ENSP00000320869	9606.ENSP00000330349	TRIM41	DDX41	0.456
9606.ENSP00000320869	9606.ENSP00000359339	TRIM41	CGAS	0.457
9606.ENSP00000322788	9606.ENSP00000323929	MMP1	A2M	0.532
9606.ENSP00000322788	9606.ENSP00000360266	MMP1	JUN	0.882
9606.ENSP00000322788	9606.ENSP00000361405	MMP1	MMP9	0.915
9606.ENSP00000323889	9606.ENSP00000478754	TRIM25	DDX6	0.295
9606.ENSP00000323889	9606.ENSP00000348216	TRIM25	TRIM4	0.4
9606.ENSP00000323889	9606.ENSP00000385269	TRIM25	ELAVL1	0.401
9606.ENSP00000323889	9606.ENSP00000498476	TRIM25	MAP1LC3B	0.456
9606.ENSP00000323889	9606.ENSP00000329466	TRIM25	SIRT7	0.457
9606.ENSP00000323889	9606.ENSP00000343957	TRIM25	IFNAR2	0.457
9606.ENSP00000323889	9606.ENSP00000356520	TRIM25	DHX9	0.457
9606.ENSP00000323889	9606.ENSP00000358335	TRIM25	MAP3K7	0.457
9606.ENSP00000323889	9606.ENSP00000364261	TRIM25	OTUD3	0.457
9606.ENSP00000323889	9606.ENSP00000375978	TRIM25	XRCC5	0.457
9606.ENSP00000323889	9606.ENSP00000383042	TRIM25	KDM1A	0.457
9606.ENSP00000323889	9606.ENSP00000460475	TRIM25	NLRP1	0.457
9606.ENSP00000323889	9606.ENSP00000484056	TRIM25	ZCCHC3	0.457
9606.ENSP00000323889	9606.ENSP00000329967	TRIM25	TBK1	0.5
9606.ENSP00000323889	9606.ENSP00000351273	TRIM25	CASP8	0.5
9606.ENSP00000323889	9606.ENSP00000352438	TRIM25	PCBP2	0.5
9606.ENSP00000323889	9606.ENSP00000358072	TRIM25	ATG5	0.5
9606.ENSP00000323889	9606.ENSP00000359424	TRIM25	CHUK	0.5
9606.ENSP00000323889	9606.ENSP00000376500	TRIM25	TRAF3	0.5
9606.ENSP00000323889	9606.ENSP00000380697	TRIM25	IRF7	0.5
9606.ENSP00000323889	9606.ENSP00000430684	TRIM25	IKBKB	0.5
9606.ENSP00000323889	9606.ENSP00000464030	TRIM25	IKBKE	0.5
9606.ENSP00000323889	9606.ENSP00000483825	TRIM25	IKBKG	0.5
9606.ENSP00000323889	9606.ENSP00000359339	TRIM25	CGAS	0.521
9606.ENSP00000323889	9606.ENSP00000433623	TRIM25	TRAF6	0.587
9606.ENSP00000323889	9606.ENSP00000328340	TRIM25	RNF135	0.681
9606.ENSP00000323889	9606.ENSP00000471896	TRIM25	IRF3	0.716
9606.ENSP00000323889	9606.ENSP00000496832	TRIM25	ISG15	0.716
9606.ENSP00000323889	9606.ENSP00000497271	TRIM25	IFIH1	0.735
9606.ENSP00000323889	9606.ENSP00000374455	TRIM25	SQSTM1	0.925
9606.ENSP00000323889	9606.ENSP00000401980	TRIM25	MAVS	0.957
9606.ENSP00000323889	9606.ENSP00000377681	TRIM25	G3BP1	0.966
9606.ENSP00000323889	9606.ENSP00000352738	TRIM25	G3BP2	0.987
9606.ENSP00000323889	9606.ENSP00000369213	TRIM25	DDX58	0.999
9606.ENSP00000323929	9606.ENSP00000398698	A2M	TNF	0.265
9606.ENSP00000323929	9606.ENSP00000385675	A2M	IL6	0.298
9606.ENSP00000323929	9606.ENSP00000497910	A2M	B2M	0.456
9606.ENSP00000323929	9606.ENSP00000458585	A2M	MMP12	0.5
9606.ENSP00000323929	9606.ENSP00000361405	A2M	MMP9	0.763
9606.ENSP00000323929	9606.ENSP00000412237	A2M	IL10	0.861
9606.ENSP00000324560	9606.ENSP00000451828	ULK1	AKT1	0.182
9606.ENSP00000324560	9606.ENSP00000377681	ULK1	G3BP1	0.433
9606.ENSP00000324560	9606.ENSP00000376500	ULK1	TRAF3	0.457
9606.ENSP00000324560	9606.ENSP00000392025	ULK1	CYLD	0.457
9606.ENSP00000324560	9606.ENSP00000428184	ULK1	SDCBP	0.457
9606.ENSP00000324560	9606.ENSP00000434024	ULK1	H2AX	0.457
9606.ENSP00000324560	9606.ENSP00000471896	ULK1	IRF3	0.457
9606.ENSP00000324560	9606.ENSP00000364204	ULK1	PINK1	0.48
9606.ENSP00000324560	9606.ENSP00000346437	ULK1	ATG7	0.501
9606.ENSP00000324560	9606.ENSP00000358072	ULK1	ATG5	0.78
9606.ENSP00000324560	9606.ENSP00000337383	ULK1	NLRP3	0.802
9606.ENSP00000324560	9606.ENSP00000329967	ULK1	TBK1	0.811
9606.ENSP00000324560	9606.ENSP00000398523	ULK1	CALCOCO2	0.892
9606.ENSP00000324560	9606.ENSP00000433623	ULK1	TRAF6	0.918
9606.ENSP00000324560	9606.ENSP00000386710	ULK1	ATG9A	0.923
9606.ENSP00000324560	9606.ENSP00000360290	ULK1	PRKAA2	0.948
9606.ENSP00000324560	9606.ENSP00000346148	ULK1	PRKAA1	0.979
9606.ENSP00000324560	9606.ENSP00000375873	ULK1	ATG16L1	0.988
9606.ENSP00000324560	9606.ENSP00000374455	ULK1	SQSTM1	0.995
9606.ENSP00000324560	9606.ENSP00000354558	ULK1	MTOR	0.998
9606.ENSP00000324560	9606.ENSP00000498476	ULK1	MAP1LC3B	0.998
9606.ENSP00000324560	9606.ENSP00000355231	ULK1	BECN1	0.999
9606.ENSP00000324856	9606.ENSP00000418915	STK11	CDKN2A	0.165
9606.ENSP00000324856	9606.ENSP00000355231	STK11	BECN1	0.194
9606.ENSP00000324856	9606.ENSP00000384849	STK11	CDKN1A	0.456
9606.ENSP00000324856	9606.ENSP00000451828	STK11	AKT1	0.558
9606.ENSP00000324856	9606.ENSP00000360290	STK11	PRKAA2	0.852
9606.ENSP00000324856	9606.ENSP00000343896	STK11	SMARCA4	0.92
9606.ENSP00000324856	9606.ENSP00000346148	STK11	PRKAA1	0.993
9606.ENSP00000324890	9606.ENSP00000398698	CD28	TNF	0.19
9606.ENSP00000324890	9606.ENSP00000380150	CD28	CARD11	0.207
9606.ENSP00000324890	9606.ENSP00000359663	CD28	CD40LG	0.519
9606.ENSP00000324890	9606.ENSP00000395294	CD28	CD70	0.569
9606.ENSP00000325376	9606.ENSP00000346120	HNRNPM	DDX21	0.151
9606.ENSP00000325376	9606.ENSP00000326031	HNRNPM	PPP1CA	0.173
9606.ENSP00000325376	9606.ENSP00000329967	HNRNPM	TBK1	0.22
9606.ENSP00000325376	9606.ENSP00000384273	HNRNPM	RELA	0.226
9606.ENSP00000325376	9606.ENSP00000389351	HNRNPM	RPSA	0.262
9606.ENSP00000325376	9606.ENSP00000325863	HNRNPM	MRE11	0.308
9606.ENSP00000325376	9606.ENSP00000357459	HNRNPM	ADAR	0.339
9606.ENSP00000325376	9606.ENSP00000374443	HNRNPM	LYST	0.374
9606.ENSP00000325376	9606.ENSP00000385269	HNRNPM	ELAVL1	0.374
9606.ENSP00000325376	9606.ENSP00000330349	HNRNPM	DDX41	0.456
9606.ENSP00000325376	9606.ENSP00000357113	HNRNPM	IFI16	0.457
9606.ENSP00000325376	9606.ENSP00000378067	HNRNPM	SLFN11	0.457
9606.ENSP00000325376	9606.ENSP00000411848	HNRNPM	MARCHF8	0.457
9606.ENSP00000325376	9606.ENSP00000357283	HNRNPM	LMNA	0.516
9606.ENSP00000325376	9606.ENSP00000355865	HNRNPM	PRKN	0.518
9606.ENSP00000325376	9606.ENSP00000478754	HNRNPM	DDX6	0.518
9606.ENSP00000325376	9606.ENSP00000395535	HNRNPM	MECP2	0.523
9606.ENSP00000325376	9606.ENSP00000398698	HNRNPM	TNF	0.524
9606.ENSP00000325376	9606.ENSP00000495360	HNRNPM	CTNNB1	0.559
9606.ENSP00000325376	9606.ENSP00000360266	HNRNPM	JUN	0.561
9606.ENSP00000325376	9606.ENSP00000354522	HNRNPM	TOP1	0.581
9606.ENSP00000325376	9606.ENSP00000356520	HNRNPM	DHX9	0.582
9606.ENSP00000325376	9606.ENSP00000359364	HNRNPM	YTHDF1	0.587
9606.ENSP00000325376	9606.ENSP00000370745	HNRNPM	DDX1	0.595
9606.ENSP00000325376	9606.ENSP00000352438	HNRNPM	PCBP2	0.8
9606.ENSP00000325376	9606.ENSP00000349428	HNRNPM	PTBP1	0.812
9606.ENSP00000325376	9606.ENSP00000346694	HNRNPM	HNRNPA2B1	0.912
9606.ENSP00000325376	9606.ENSP00000451291	HNRNPM	HNRNPC	0.958
9606.ENSP00000325663	9606.ENSP00000385675	NFKBIZ	IL6	0.456
9606.ENSP00000325663	9606.ENSP00000362179	NFKBIZ	ZC3H12A	0.457
9606.ENSP00000325663	9606.ENSP00000358983	NFKBIZ	NFKB2	0.811
9606.ENSP00000325663	9606.ENSP00000384273	NFKBIZ	RELA	0.906
9606.ENSP00000325863	9606.ENSP00000343896	MRE11	SMARCA4	0.182
9606.ENSP00000325863	9606.ENSP00000451828	MRE11	AKT1	0.183
9606.ENSP00000325863	9606.ENSP00000349428	MRE11	PTBP1	0.309
9606.ENSP00000325863	9606.ENSP00000356520	MRE11	DHX9	0.319
9606.ENSP00000325863	9606.ENSP00000357643	MRE11	MKI67	0.456
9606.ENSP00000325863	9606.ENSP00000343129	MRE11	TRIM29	0.457
9606.ENSP00000325863	9606.ENSP00000357122	MRE11	PYHIN1	0.457
9606.ENSP00000325863	9606.ENSP00000406162	MRE11	PRMT1	0.457
9606.ENSP00000325863	9606.ENSP00000365625	MRE11	DHX16	0.505
9606.ENSP00000325863	9606.ENSP00000375978	MRE11	XRCC5	0.553
9606.ENSP00000325863	9606.ENSP00000370745	MRE11	DDX1	0.698
9606.ENSP00000325863	9606.ENSP00000340330	MRE11	KAT5	0.716
9606.ENSP00000325863	9606.ENSP00000352257	MRE11	XRCC6	0.815
9606.ENSP00000325863	9606.ENSP00000371475	MRE11	TP53BP1	0.907
9606.ENSP00000325863	9606.ENSP00000368100	MRE11	RAD50	0.999
9606.ENSP00000325863	9606.ENSP00000434024	MRE11	H2AX	0.999
9606.ENSP00000326031	9606.ENSP00000361845	PPP1CA	ZMPSTE24	0.15
9606.ENSP00000326031	9606.ENSP00000451291	PPP1CA	HNRNPC	0.164
9606.ENSP00000326031	9606.ENSP00000354522	PPP1CA	TOP1	0.211
9606.ENSP00000326031	9606.ENSP00000498362	PPP1CA	PQBP1	0.215
9606.ENSP00000326031	9606.ENSP00000378067	PPP1CA	SLFN11	0.219
9606.ENSP00000326031	9606.ENSP00000370745	PPP1CA	DDX1	0.262
9606.ENSP00000326031	9606.ENSP00000340330	PPP1CA	KAT5	0.457
9606.ENSP00000326031	9606.ENSP00000359424	PPP1CA	CHUK	0.457
9606.ENSP00000326031	9606.ENSP00000395535	PPP1CA	MECP2	0.457
9606.ENSP00000326031	9606.ENSP00000434024	PPP1CA	H2AX	0.457
9606.ENSP00000326031	9606.ENSP00000375873	PPP1CA	ATG16L1	0.48
9606.ENSP00000326031	9606.ENSP00000497271	PPP1CA	IFIH1	0.496
9606.ENSP00000326031	9606.ENSP00000365230	PPP1CA	BCL2L1	0.551
9606.ENSP00000326031	9606.ENSP00000362649	PPP1CA	HDAC1	0.802
9606.ENSP00000326031	9606.ENSP00000419465	PPP1CA	WWTR1	0.802
9606.ENSP00000326031	9606.ENSP00000430684	PPP1CA	IKBKB	0.802
9606.ENSP00000326031	9606.ENSP00000478927	PPP1CA	YAP1	0.81
9606.ENSP00000326031	9606.ENSP00000357643	PPP1CA	MKI67	0.872
9606.ENSP00000326031	9606.ENSP00000361446	PPP1CA	POLR3A	0.933
9606.ENSP00000326031	9606.ENSP00000451828	PPP1CA	AKT1	0.976
9606.ENSP00000326031	9606.ENSP00000341779	PPP1CA	PPP1CC	0.999
9606.ENSP00000326119	9606.ENSP00000374455	PMAIP1	SQSTM1	0.457
9606.ENSP00000326119	9606.ENSP00000363591	PMAIP1	BAK1	0.906
9606.ENSP00000326119	9606.ENSP00000381185	PMAIP1	BCL2	0.971
9606.ENSP00000326119	9606.ENSP00000365230	PMAIP1	BCL2L1	0.998
9606.ENSP00000326119	9606.ENSP00000358022	PMAIP1	MCL1	0.999
9606.ENSP00000327054	9606.ENSP00000357643	LMNB2	MKI67	0.456
9606.ENSP00000327054	9606.ENSP00000378067	LMNB2	SLFN11	0.457
9606.ENSP00000327054	9606.ENSP00000395535	LMNB2	MECP2	0.457
9606.ENSP00000327054	9606.ENSP00000455308	LMNB2	ZNF598	0.457
9606.ENSP00000327054	9606.ENSP00000433760	LMNB2	BANF1	0.536
9606.ENSP00000327054	9606.ENSP00000357283	LMNB2	LMNA	0.999
9606.ENSP00000327459	9606.ENSP00000357643	APOBEC3B	MKI67	0.456
9606.ENSP00000327459	9606.ENSP00000357113	APOBEC3B	IFI16	0.457
9606.ENSP00000327513	9606.ENSP00000496577	CSF1	SOCS1	0.164
9606.ENSP00000327513	9606.ENSP00000427279	CSF1	CXCL2	0.188
9606.ENSP00000327513	9606.ENSP00000384053	CSF1	CSF2RB	0.206
9606.ENSP00000327513	9606.ENSP00000351059	CSF1	CX3CR1	0.35
9606.ENSP00000327513	9606.ENSP00000354394	CSF1	STAT1	0.5
9606.ENSP00000328340	9606.ENSP00000348216	RNF135	TRIM4	0.4
9606.ENSP00000328340	9606.ENSP00000383042	RNF135	KDM1A	0.457
9606.ENSP00000328340	9606.ENSP00000329967	RNF135	TBK1	0.5
9606.ENSP00000328340	9606.ENSP00000351273	RNF135	CASP8	0.5
9606.ENSP00000328340	9606.ENSP00000352438	RNF135	PCBP2	0.5
9606.ENSP00000328340	9606.ENSP00000358072	RNF135	ATG5	0.5
9606.ENSP00000328340	9606.ENSP00000359424	RNF135	CHUK	0.5
9606.ENSP00000328340	9606.ENSP00000376500	RNF135	TRAF3	0.5
9606.ENSP00000328340	9606.ENSP00000380697	RNF135	IRF7	0.5
9606.ENSP00000328340	9606.ENSP00000430684	RNF135	IKBKB	0.5
9606.ENSP00000328340	9606.ENSP00000433623	RNF135	TRAF6	0.5
9606.ENSP00000328340	9606.ENSP00000464030	RNF135	IKBKE	0.5
9606.ENSP00000328340	9606.ENSP00000471896	RNF135	IRF3	0.5
9606.ENSP00000328340	9606.ENSP00000483825	RNF135	IKBKG	0.5
9606.ENSP00000328340	9606.ENSP00000401980	RNF135	MAVS	0.716
9606.ENSP00000328340	9606.ENSP00000497271	RNF135	IFIH1	0.716
9606.ENSP00000328340	9606.ENSP00000369213	RNF135	DDX58	0.999
9606.ENSP00000329466	9606.ENSP00000352257	SIRT7	XRCC6	0.457
9606.ENSP00000329466	9606.ENSP00000378699	SIRT7	CDK1	0.457
9606.ENSP00000329466	9606.ENSP00000434024	SIRT7	H2AX	0.9
9606.ENSP00000329466	9606.ENSP00000372191	SIRT7	SIRT3	0.916
9606.ENSP00000329466	9606.ENSP00000337332	SIRT7	SIRT6	0.931
9606.ENSP00000329967	9606.ENSP00000471239	TBK1	ZFP36	0.172
9606.ENSP00000329967	9606.ENSP00000375873	TBK1	ATG16L1	0.173
9606.ENSP00000329967	9606.ENSP00000498321	TBK1	MYD88	0.206
9606.ENSP00000329967	9606.ENSP00000376445	TBK1	TIRAP	0.207
9606.ENSP00000329967	9606.ENSP00000330349	TBK1	DDX41	0.21
9606.ENSP00000329967	9606.ENSP00000359424	TBK1	CHUK	0.345
9606.ENSP00000329967	9606.ENSP00000369581	TBK1	IFNB1	0.386
9606.ENSP00000329967	9606.ENSP00000341874	TBK1	RIOK3	0.456
9606.ENSP00000329967	9606.ENSP00000330341	TBK1	SOCS3	0.457
9606.ENSP00000329967	9606.ENSP00000358983	TBK1	NFKB2	0.457
9606.ENSP00000329967	9606.ENSP00000360860	TBK1	IFIT5	0.457
9606.ENSP00000329967	9606.ENSP00000362179	TBK1	ZC3H12A	0.457
9606.ENSP00000329967	9606.ENSP00000385428	TBK1	NLRC4	0.457
9606.ENSP00000329967	9606.ENSP00000409555	TBK1	HERPUD1	0.457
9606.ENSP00000329967	9606.ENSP00000478927	TBK1	YAP1	0.457
9606.ENSP00000329967	9606.ENSP00000344208	TBK1	TRIM14	0.464
9606.ENSP00000329967	9606.ENSP00000348216	TBK1	TRIM4	0.5
9606.ENSP00000329967	9606.ENSP00000361635	TBK1	VDAC2	0.5
9606.ENSP00000329967	9606.ENSP00000378487	TBK1	VDAC1	0.5
9606.ENSP00000329967	9606.ENSP00000385519	TBK1	CD14	0.5
9606.ENSP00000329967	9606.ENSP00000420617	TBK1	MFN1	0.5
9606.ENSP00000329967	9606.ENSP00000428845	TBK1	VDAC3	0.5
9606.ENSP00000329967	9606.ENSP00000355865	TBK1	PRKN	0.535
9606.ENSP00000329967	9606.ENSP00000353874	TBK1	TLR9	0.541
9606.ENSP00000329967	9606.ENSP00000360876	TBK1	IFIT3	0.561
9606.ENSP00000329967	9606.ENSP00000415139	TBK1	TICAM2	0.586
9606.ENSP00000329967	9606.ENSP00000386710	TBK1	ATG9A	0.602
9606.ENSP00000329967	9606.ENSP00000379110	TBK1	CXCL1	0.604
9606.ENSP00000329967	9606.ENSP00000497271	TBK1	IFIH1	0.651
9606.ENSP00000329967	9606.ENSP00000430684	TBK1	IKBKB	0.702
9606.ENSP00000329967	9606.ENSP00000360215	TBK1	ZBP1	0.72
9606.ENSP00000329967	9606.ENSP00000334100	TBK1	EXOC7	0.801
9606.ENSP00000329967	9606.ENSP00000354558	TBK1	MTOR	0.813
9606.ENSP00000329967	9606.ENSP00000363089	TBK1	TLR4	0.824
9606.ENSP00000329967	9606.ENSP00000369213	TBK1	DDX58	0.837
9606.ENSP00000329967	9606.ENSP00000451828	TBK1	AKT1	0.917
9606.ENSP00000329967	9606.ENSP00000384273	TBK1	RELA	0.918
9606.ENSP00000329967	9606.ENSP00000379612	TBK1	TAX1BP1	0.937
9606.ENSP00000329967	9606.ENSP00000498476	TBK1	MAP1LC3B	0.939
9606.ENSP00000329967	9606.ENSP00000380697	TBK1	IRF7	0.953
9606.ENSP00000329967	9606.ENSP00000392025	TBK1	CYLD	0.957
9606.ENSP00000329967	9606.ENSP00000481570	TBK1	TNFAIP3	0.962
9606.ENSP00000329967	9606.ENSP00000354777	TBK1	TBKBP1	0.999
9606.ENSP00000329967	9606.ENSP00000374455	TBK1	SQSTM1	0.999
9606.ENSP00000329967	9606.ENSP00000376500	TBK1	TRAF3	0.999
9606.ENSP00000329967	9606.ENSP00000398523	TBK1	CALCOCO2	0.999
9606.ENSP00000329967	9606.ENSP00000398698	TBK1	TNF	0.999
9606.ENSP00000329967	9606.ENSP00000401980	TBK1	MAVS	0.999
9606.ENSP00000329967	9606.ENSP00000419371	TBK1	AZI2	0.999
9606.ENSP00000329967	9606.ENSP00000433623	TBK1	TRAF6	0.999
9606.ENSP00000329967	9606.ENSP00000464030	TBK1	IKBKE	0.999
9606.ENSP00000329967	9606.ENSP00000471896	TBK1	IRF3	0.999
9606.ENSP00000329967	9606.ENSP00000483825	TBK1	IKBKG	0.999
9606.ENSP00000329967	9606.ENSP00000498596	TBK1	STING1	0.999
9606.ENSP00000330341	9606.ENSP00000358335	SOCS3	MAP3K7	0.457
9606.ENSP00000330341	9606.ENSP00000380697	SOCS3	IRF7	0.457
9606.ENSP00000330341	9606.ENSP00000385269	SOCS3	ELAVL1	0.457
9606.ENSP00000330341	9606.ENSP00000385610	SOCS3	MEX3C	0.457
9606.ENSP00000330341	9606.ENSP00000497069	SOCS3	IGF1R	0.457
9606.ENSP00000330341	9606.ENSP00000343957	SOCS3	IFNAR2	0.5
9606.ENSP00000330341	9606.ENSP00000385675	SOCS3	IL6	0.522
9606.ENSP00000330341	9606.ENSP00000369581	SOCS3	IFNB1	0.53
9606.ENSP00000330341	9606.ENSP00000357470	SOCS3	IL6R	0.531
9606.ENSP00000330341	9606.ENSP00000483403	SOCS3	GHR	0.716
9606.ENSP00000330341	9606.ENSP00000384273	SOCS3	RELA	0.802
9606.ENSP00000330341	9606.ENSP00000433623	SOCS3	TRAF6	0.809
9606.ENSP00000330341	9606.ENSP00000496577	SOCS3	SOCS1	0.9
9606.ENSP00000330341	9606.ENSP00000370698	SOCS3	IL6ST	0.961
9606.ENSP00000330341	9606.ENSP00000499900	SOCS3	JAK1	0.99
9606.ENSP00000330341	9606.ENSP00000371067	SOCS3	JAK2	0.999
9606.ENSP00000330349	9606.ENSP00000357123	DDX41	MNDA	0.188
9606.ENSP00000330349	9606.ENSP00000394085	DDX41	JMJD6	0.354
9606.ENSP00000330349	9606.ENSP00000346694	DDX41	HNRNPA2B1	0.456
9606.ENSP00000330349	9606.ENSP00000349428	DDX41	PTBP1	0.456
9606.ENSP00000330349	9606.ENSP00000352438	DDX41	PCBP2	0.456
9606.ENSP00000330349	9606.ENSP00000356520	DDX41	DHX9	0.456
9606.ENSP00000330349	9606.ENSP00000357459	DDX41	ADAR	0.456
9606.ENSP00000330349	9606.ENSP00000451291	DDX41	HNRNPC	0.456
9606.ENSP00000330349	9606.ENSP00000357113	DDX41	IFI16	0.457
9606.ENSP00000330349	9606.ENSP00000378067	DDX41	SLFN11	0.457
9606.ENSP00000330349	9606.ENSP00000395535	DDX41	MECP2	0.457
9606.ENSP00000330349	9606.ENSP00000498596	DDX41	STING1	0.536
9606.ENSP00000330349	9606.ENSP00000498476	DDX41	MAP1LC3B	0.564
9606.ENSP00000330382	9606.ENSP00000496577	PDGFB	SOCS1	0.164
9606.ENSP00000330382	9606.ENSP00000389814	PDGFB	ADIPOQ	0.457
9606.ENSP00000330382	9606.ENSP00000354394	PDGFB	STAT1	0.5
9606.ENSP00000330382	9606.ENSP00000378517	PDGFB	SPP1	0.5
9606.ENSP00000330382	9606.ENSP00000370473	PDGFB	IGFBP3	0.54
9606.ENSP00000330382	9606.ENSP00000404131	PDGFB	TGFA	0.9
9606.ENSP00000330382	9606.ENSP00000376637	PDGFB	IGF1	0.906
9606.ENSP00000330382	9606.ENSP00000346508	PDGFB	PDGFA	0.987
9606.ENSP00000330658	9606.ENSP00000434024	PAPPA	H2AX	0.457
9606.ENSP00000330696	9606.ENSP00000433138	P2RX7	CASP1	0.252
9606.ENSP00000330825	9606.ENSP00000382707	IFITM1	IFITM3	0.163
9606.ENSP00000333657	9606.ENSP00000496832	MX2	ISG15	0.541
9606.ENSP00000333657	9606.ENSP00000381601	MX2	MX1	0.905
9606.ENSP00000335062	9606.ENSP00000451828	PDCD1	AKT1	0.258
9606.ENSP00000335062	9606.ENSP00000347948	PDCD1	TNFRSF14	0.279
9606.ENSP00000335062	9606.ENSP00000496577	PDCD1	SOCS1	0.633
9606.ENSP00000336762	9606.ENSP00000339328	ANG	PLAUR	0.456
9606.ENSP00000336762	9606.ENSP00000361850	ANG	PLAU	0.456
9606.ENSP00000336790	9606.ENSP00000396954	ATF4	ATF5	0.206
9606.ENSP00000336790	9606.ENSP00000360266	ATF4	JUN	0.951
9606.ENSP00000336790	9606.ENSP00000448665	ATF4	DDIT3	0.981
9606.ENSP00000336790	9606.ENSP00000344352	ATF4	ATF3	0.984
9606.ENSP00000336790	9606.ENSP00000415416	ATF4	TRIB3	0.985
9606.ENSP00000337332	9606.ENSP00000360266	SIRT6	JUN	0.214
9606.ENSP00000337332	9606.ENSP00000352257	SIRT6	XRCC6	0.457
9606.ENSP00000337332	9606.ENSP00000375978	SIRT6	XRCC5	0.457
9606.ENSP00000337332	9606.ENSP00000451828	SIRT6	AKT1	0.457
9606.ENSP00000337332	9606.ENSP00000434024	SIRT6	H2AX	0.5
9606.ENSP00000337332	9606.ENSP00000339527	SIRT6	FOXO3	0.545
9606.ENSP00000337332	9606.ENSP00000384273	SIRT6	RELA	0.838
9606.ENSP00000337332	9606.ENSP00000372191	SIRT6	SIRT3	0.922
9606.ENSP00000337383	9606.ENSP00000369213	NLRP3	DDX58	0.171
9606.ENSP00000337383	9606.ENSP00000354522	NLRP3	TOP1	0.172
9606.ENSP00000337383	9606.ENSP00000451291	NLRP3	HNRNPC	0.206
9606.ENSP00000337383	9606.ENSP00000354558	NLRP3	MTOR	0.209
9606.ENSP00000337383	9606.ENSP00000345672	NLRP3	CTSB	0.339
9606.ENSP00000337383	9606.ENSP00000357113	NLRP3	IFI16	0.382
9606.ENSP00000337383	9606.ENSP00000363089	NLRP3	TLR4	0.402
9606.ENSP00000337383	9606.ENSP00000364016	NLRP3	PSMB8	0.457
9606.ENSP00000337383	9606.ENSP00000375873	NLRP3	ATG16L1	0.457
9606.ENSP00000337383	9606.ENSP00000379826	NLRP3	TRIM40	0.457
9606.ENSP00000337383	9606.ENSP00000408411	NLRP3	LAMP2	0.457
9606.ENSP00000337383	9606.ENSP00000388566	NLRP3	CASP4	0.568
9606.ENSP00000337383	9606.ENSP00000355231	NLRP3	BECN1	0.593
9606.ENSP00000337383	9606.ENSP00000351273	NLRP3	CASP8	0.665
9606.ENSP00000337383	9606.ENSP00000376849	NLRP3	CASP5	0.768
9606.ENSP00000337383	9606.ENSP00000428657	NLRP3	NAIP	0.806
9606.ENSP00000337383	9606.ENSP00000374455	NLRP3	SQSTM1	0.811
9606.ENSP00000337383	9606.ENSP00000433209	NLRP3	GSDMD	0.905
9606.ENSP00000337383	9606.ENSP00000357112	NLRP3	AIM2	0.913
9606.ENSP00000337383	9606.ENSP00000355865	NLRP3	PRKN	0.918
9606.ENSP00000337383	9606.ENSP00000385428	NLRP3	NLRC4	0.957
9606.ENSP00000337383	9606.ENSP00000460475	NLRP3	NLRP1	0.974
9606.ENSP00000337383	9606.ENSP00000499211	NLRP3	CARD8	0.985
9606.ENSP00000337383	9606.ENSP00000401980	NLRP3	MAVS	0.998
9606.ENSP00000337383	9606.ENSP00000433138	NLRP3	CASP1	0.998
9606.ENSP00000337386	9606.ENSP00000478754	ZFP36L1	DDX6	0.259
9606.ENSP00000337386	9606.ENSP00000451828	ZFP36L1	AKT1	0.457
9606.ENSP00000337386	9606.ENSP00000356070	ZFP36L1	MAPKAPK2	0.814
9606.ENSP00000337623	9606.ENSP00000434024	RNASEH2B	H2AX	0.35
9606.ENSP00000337623	9606.ENSP00000383042	RNASEH2B	KDM1A	0.456
9606.ENSP00000339328	9606.ENSP00000415786	PLAUR	SERPINE2	0.152
9606.ENSP00000339328	9606.ENSP00000385675	PLAUR	IL6	0.205
9606.ENSP00000339328	9606.ENSP00000499900	PLAUR	JAK1	0.456
9606.ENSP00000339328	9606.ENSP00000361850	PLAUR	PLAU	0.999
9606.ENSP00000339527	9606.ENSP00000351273	FOXO3	CASP8	0.166
9606.ENSP00000339527	9606.ENSP00000340330	FOXO3	KAT5	0.208
9606.ENSP00000339527	9606.ENSP00000346437	FOXO3	ATG7	0.339
9606.ENSP00000339527	9606.ENSP00000378699	FOXO3	CDK1	0.363
9606.ENSP00000339527	9606.ENSP00000364204	FOXO3	PINK1	0.457
9606.ENSP00000339527	9606.ENSP00000359424	FOXO3	CHUK	0.464
9606.ENSP00000339527	9606.ENSP00000372191	FOXO3	SIRT3	0.573
9606.ENSP00000339527	9606.ENSP00000345571	FOXO3	E2F1	0.624
9606.ENSP00000339527	9606.ENSP00000384849	FOXO3	CDKN1A	0.8
9606.ENSP00000339527	9606.ENSP00000434024	FOXO3	H2AX	0.802
9606.ENSP00000339527	9606.ENSP00000363377	FOXO3	FOXO4	0.899
9606.ENSP00000339527	9606.ENSP00000495360	FOXO3	CTNNB1	0.932
9606.ENSP00000339527	9606.ENSP00000430684	FOXO3	IKBKB	0.948
9606.ENSP00000339527	9606.ENSP00000451828	FOXO3	AKT1	0.999
9606.ENSP00000339587	9606.ENSP00000433209	GSDME	GSDMD	0.159
9606.ENSP00000339587	9606.ENSP00000395294	GSDME	CD70	0.212
9606.ENSP00000340330	9606.ENSP00000391090	KAT5	CHEK1	0.18
9606.ENSP00000340330	9606.ENSP00000356520	KAT5	DHX9	0.209
9606.ENSP00000340330	9606.ENSP00000394085	KAT5	JMJD6	0.456
9606.ENSP00000340330	9606.ENSP00000343129	KAT5	TRIM29	0.457
9606.ENSP00000340330	9606.ENSP00000344352	KAT5	ATF3	0.457
9606.ENSP00000340330	9606.ENSP00000374455	KAT5	SQSTM1	0.457
9606.ENSP00000340330	9606.ENSP00000378699	KAT5	CDK1	0.457
9606.ENSP00000340330	9606.ENSP00000418915	KAT5	CDKN2A	0.457
9606.ENSP00000340330	9606.ENSP00000420617	KAT5	MFN1	0.457
9606.ENSP00000340330	9606.ENSP00000395535	KAT5	MECP2	0.485
9606.ENSP00000340330	9606.ENSP00000345571	KAT5	E2F1	0.492
9606.ENSP00000340330	9606.ENSP00000340347	KAT5	TCF7	0.5
9606.ENSP00000340330	9606.ENSP00000371475	KAT5	TP53BP1	0.5
9606.ENSP00000340330	9606.ENSP00000406162	KAT5	PRMT1	0.5
9606.ENSP00000340330	9606.ENSP00000495360	KAT5	CTNNB1	0.5
9606.ENSP00000340330	9606.ENSP00000362649	KAT5	HDAC1	0.632
9606.ENSP00000340330	9606.ENSP00000384273	KAT5	RELA	0.635
9606.ENSP00000340330	9606.ENSP00000368100	KAT5	RAD50	0.734
9606.ENSP00000340330	9606.ENSP00000498587	KAT5	NOTCH1	0.807
9606.ENSP00000340330	9606.ENSP00000352516	KAT5	DNMT1	0.836
9606.ENSP00000340330	9606.ENSP00000434024	KAT5	H2AX	0.957
9606.ENSP00000340347	9606.ENSP00000343896	TCF7	SMARCA4	0.5
9606.ENSP00000340347	9606.ENSP00000362649	TCF7	HDAC1	0.5
9606.ENSP00000340347	9606.ENSP00000478927	TCF7	YAP1	0.8
9606.ENSP00000340347	9606.ENSP00000495360	TCF7	CTNNB1	0.999
9606.ENSP00000341141	9606.ENSP00000415743	SIGLEC1	CD36	0.206
9606.ENSP00000341779	9606.ENSP00000361845	PPP1CC	ZMPSTE24	0.15
9606.ENSP00000341779	9606.ENSP00000451828	PPP1CC	AKT1	0.157
9606.ENSP00000341779	9606.ENSP00000360266	PPP1CC	JUN	0.163
9606.ENSP00000341779	9606.ENSP00000378935	PPP1CC	PPHLN1	0.175
9606.ENSP00000341779	9606.ENSP00000354522	PPP1CC	TOP1	0.211
9606.ENSP00000341779	9606.ENSP00000498362	PPP1CC	PQBP1	0.39
9606.ENSP00000341779	9606.ENSP00000386710	PPP1CC	ATG9A	0.408
9606.ENSP00000341779	9606.ENSP00000497271	PPP1CC	IFIH1	0.456
9606.ENSP00000341779	9606.ENSP00000356520	PPP1CC	DHX9	0.457
9606.ENSP00000341779	9606.ENSP00000358997	PPP1CC	IRAK1	0.457
9606.ENSP00000341779	9606.ENSP00000376500	PPP1CC	TRAF3	0.457
9606.ENSP00000341779	9606.ENSP00000395535	PPP1CC	MECP2	0.457
9606.ENSP00000341779	9606.ENSP00000433623	PPP1CC	TRAF6	0.492
9606.ENSP00000341779	9606.ENSP00000361446	PPP1CC	POLR3A	0.649
9606.ENSP00000341779	9606.ENSP00000483825	PPP1CC	IKBKG	0.678
9606.ENSP00000341779	9606.ENSP00000362649	PPP1CC	HDAC1	0.943
9606.ENSP00000341779	9606.ENSP00000357643	PPP1CC	MKI67	0.977
9606.ENSP00000341874	9606.ENSP00000389351	RIOK3	RPSA	0.156
9606.ENSP00000341874	9606.ENSP00000497271	RIOK3	IFIH1	0.456
9606.ENSP00000341874	9606.ENSP00000471896	RIOK3	IRF3	0.49
9606.ENSP00000342278	9606.ENSP00000356530	OAS2	RNASEL	0.195
9606.ENSP00000342278	9606.ENSP00000381601	OAS2	MX1	0.201
9606.ENSP00000342278	9606.ENSP00000388001	OAS2	OAS1	0.924
9606.ENSP00000342513	9606.ENSP00000369213	IFI6	DDX58	0.7
9606.ENSP00000343129	9606.ENSP00000360860	TRIM29	IFIT5	0.188
9606.ENSP00000343129	9606.ENSP00000356070	TRIM29	MAPKAPK2	0.457
9606.ENSP00000343129	9606.ENSP00000358335	TRIM29	MAP3K7	0.457
9606.ENSP00000343129	9606.ENSP00000368100	TRIM29	RAD50	0.457
9606.ENSP00000343129	9606.ENSP00000399888	TRIM29	HMGA1	0.457
9606.ENSP00000343129	9606.ENSP00000433623	TRIM29	TRAF6	0.457
9606.ENSP00000343129	9606.ENSP00000434024	TRIM29	H2AX	0.457
9606.ENSP00000343129	9606.ENSP00000498596	TRIM29	STING1	0.457
9606.ENSP00000343129	9606.ENSP00000483825	TRIM29	IKBKG	0.521
9606.ENSP00000343129	9606.ENSP00000346694	TRIM29	HNRNPA2B1	0.578
9606.ENSP00000343445	9606.ENSP00000364204	SERPINB4	PINK1	0.173
9606.ENSP00000343445	9606.ENSP00000357643	SERPINB4	MKI67	0.456
9606.ENSP00000343896	9606.ENSP00000355231	SMARCA4	BECN1	0.15
9606.ENSP00000343896	9606.ENSP00000371067	SMARCA4	JAK2	0.15
9606.ENSP00000343896	9606.ENSP00000451828	SMARCA4	AKT1	0.152
9606.ENSP00000343896	9606.ENSP00000354558	SMARCA4	MTOR	0.175
9606.ENSP00000343896	9606.ENSP00000358022	SMARCA4	MCL1	0.182
9606.ENSP00000343896	9606.ENSP00000442656	SMARCA4	ACVR1B	0.182
9606.ENSP00000343896	9606.ENSP00000499900	SMARCA4	JAK1	0.182
9606.ENSP00000343896	9606.ENSP00000360290	SMARCA4	PRKAA2	0.201
9606.ENSP00000343896	9606.ENSP00000464030	SMARCA4	IKBKE	0.205
9606.ENSP00000343896	9606.ENSP00000399888	SMARCA4	HMGA1	0.211
9606.ENSP00000343896	9606.ENSP00000361446	SMARCA4	POLR3A	0.217
9606.ENSP00000343896	9606.ENSP00000354522	SMARCA4	TOP1	0.262
9606.ENSP00000343896	9606.ENSP00000358983	SMARCA4	NFKB2	0.268
9606.ENSP00000343896	9606.ENSP00000497910	SMARCA4	B2M	0.281
9606.ENSP00000343896	9606.ENSP00000406549	SMARCA4	TAF1	0.293
9606.ENSP00000343896	9606.ENSP00000345347	SMARCA4	HMGB1	0.304
9606.ENSP00000343896	9606.ENSP00000384273	SMARCA4	RELA	0.329
9606.ENSP00000343896	9606.ENSP00000419465	SMARCA4	WWTR1	0.333
9606.ENSP00000343896	9606.ENSP00000345571	SMARCA4	E2F1	0.421
9606.ENSP00000343896	9606.ENSP00000478927	SMARCA4	YAP1	0.442
9606.ENSP00000343896	9606.ENSP00000360266	SMARCA4	JUN	0.449
9606.ENSP00000343896	9606.ENSP00000357113	SMARCA4	IFI16	0.456
9606.ENSP00000343896	9606.ENSP00000360869	SMARCA4	IFIT1	0.456
9606.ENSP00000343896	9606.ENSP00000370003	SMARCA4	BNIP3L	0.456
9606.ENSP00000343896	9606.ENSP00000357122	SMARCA4	PYHIN1	0.457
9606.ENSP00000343896	9606.ENSP00000378067	SMARCA4	SLFN11	0.457
9606.ENSP00000343896	9606.ENSP00000448665	SMARCA4	DDIT3	0.457
9606.ENSP00000343896	9606.ENSP00000418915	SMARCA4	CDKN2A	0.49
9606.ENSP00000343896	9606.ENSP00000498587	SMARCA4	NOTCH1	0.497
9606.ENSP00000343896	9606.ENSP00000355388	SMARCA4	MPHOSPH8	0.503
9606.ENSP00000343896	9606.ENSP00000391090	SMARCA4	CHEK1	0.525
9606.ENSP00000343896	9606.ENSP00000479667	SMARCA4	RPS6KA5	0.56
9606.ENSP00000343896	9606.ENSP00000359364	SMARCA4	YTHDF1	0.587
9606.ENSP00000343896	9606.ENSP00000451291	SMARCA4	HNRNPC	0.599
9606.ENSP00000343896	9606.ENSP00000383042	SMARCA4	KDM1A	0.648
9606.ENSP00000343896	9606.ENSP00000395535	SMARCA4	MECP2	0.676
9606.ENSP00000343896	9606.ENSP00000384849	SMARCA4	CDKN1A	0.689
9606.ENSP00000343896	9606.ENSP00000433760	SMARCA4	BANF1	0.689
9606.ENSP00000343896	9606.ENSP00000344352	SMARCA4	ATF3	0.814
9606.ENSP00000343896	9606.ENSP00000354394	SMARCA4	STAT1	0.902
9606.ENSP00000343896	9606.ENSP00000434024	SMARCA4	H2AX	0.976
9606.ENSP00000343896	9606.ENSP00000495360	SMARCA4	CTNNB1	0.991
9606.ENSP00000343896	9606.ENSP00000362649	SMARCA4	HDAC1	0.995
9606.ENSP00000343957	9606.ENSP00000496577	IFNAR2	SOCS1	0.5
9606.ENSP00000343957	9606.ENSP00000371067	IFNAR2	JAK2	0.849
9606.ENSP00000343957	9606.ENSP00000380073	IFNAR2	IRF9	0.867
9606.ENSP00000343957	9606.ENSP00000354394	IFNAR2	STAT1	0.986
9606.ENSP00000343957	9606.ENSP00000369581	IFNAR2	IFNB1	0.989
9606.ENSP00000343957	9606.ENSP00000499900	IFNAR2	JAK1	0.997
9606.ENSP00000344208	9606.ENSP00000352438	TRIM14	PCBP2	0.219
9606.ENSP00000344208	9606.ENSP00000352738	TRIM14	G3BP2	0.219
9606.ENSP00000344208	9606.ENSP00000358997	TRIM14	IRAK1	0.219
9606.ENSP00000344208	9606.ENSP00000360290	TRIM14	PRKAA2	0.219
9606.ENSP00000344208	9606.ENSP00000369915	TRIM14	NAP1L4	0.219
9606.ENSP00000344208	9606.ENSP00000371475	TRIM14	TP53BP1	0.219
9606.ENSP00000344208	9606.ENSP00000375857	TRIM14	LRRFIP1	0.219
9606.ENSP00000344208	9606.ENSP00000377845	TRIM14	ASNS	0.219
9606.ENSP00000344208	9606.ENSP00000420588	TRIM14	TFAM	0.219
9606.ENSP00000344208	9606.ENSP00000428845	TRIM14	VDAC3	0.219
9606.ENSP00000344208	9606.ENSP00000451291	TRIM14	HNRNPC	0.219
9606.ENSP00000344208	9606.ENSP00000493536	TRIM14	SAMHD1	0.219
9606.ENSP00000344208	9606.ENSP00000379612	TRIM14	TAX1BP1	0.374
9606.ENSP00000344208	9606.ENSP00000358335	TRIM14	MAP3K7	0.457
9606.ENSP00000344208	9606.ENSP00000369213	TRIM14	DDX58	0.457
9606.ENSP00000344208	9606.ENSP00000376500	TRIM14	TRAF3	0.457
9606.ENSP00000344208	9606.ENSP00000496577	TRIM14	SOCS1	0.457
9606.ENSP00000344208	9606.ENSP00000483825	TRIM14	IKBKG	0.814
9606.ENSP00000344208	9606.ENSP00000401980	TRIM14	MAVS	0.815
9606.ENSP00000344352	9606.ENSP00000384273	ATF3	RELA	0.456
9606.ENSP00000344352	9606.ENSP00000354394	ATF3	STAT1	0.525
9606.ENSP00000344352	9606.ENSP00000371475	ATF3	TP53BP1	0.745
9606.ENSP00000344352	9606.ENSP00000362649	ATF3	HDAC1	0.943
9606.ENSP00000344352	9606.ENSP00000360266	ATF3	JUN	0.999
9606.ENSP00000344352	9606.ENSP00000448665	ATF3	DDIT3	0.999
9606.ENSP00000345243	9606.ENSP00000345347	SIGLEC10	HMGB1	0.209
9606.ENSP00000345347	9606.ENSP00000496577	HMGB1	SOCS1	0.164
9606.ENSP00000345347	9606.ENSP00000359339	HMGB1	CGAS	0.219
9606.ENSP00000345347	9606.ENSP00000437621	HMGB1	HMGA2	0.219
9606.ENSP00000345347	9606.ENSP00000498476	HMGB1	MAP1LC3B	0.224
9606.ENSP00000345347	9606.ENSP00000440440	HMGB1	ATF7IP	0.374
9606.ENSP00000345347	9606.ENSP00000399888	HMGB1	HMGA1	0.432
9606.ENSP00000345347	9606.ENSP00000362649	HMGB1	HDAC1	0.457
9606.ENSP00000345347	9606.ENSP00000378699	HMGB1	CDK1	0.457
9606.ENSP00000345347	9606.ENSP00000353874	HMGB1	TLR9	0.563
9606.ENSP00000345347	9606.ENSP00000384273	HMGB1	RELA	0.583
9606.ENSP00000345347	9606.ENSP00000379140	HMGB1	CXCL12	0.694
9606.ENSP00000345347	9606.ENSP00000395535	HMGB1	MECP2	0.802
9606.ENSP00000345347	9606.ENSP00000355231	HMGB1	BECN1	0.965
9606.ENSP00000345347	9606.ENSP00000363089	HMGB1	TLR4	0.993
9606.ENSP00000345571	9606.ENSP00000451828	E2F1	AKT1	0.25
9606.ENSP00000345571	9606.ENSP00000376637	E2F1	IGF1	0.374
9606.ENSP00000345571	9606.ENSP00000357113	E2F1	IFI16	0.456
9606.ENSP00000345571	9606.ENSP00000371475	E2F1	TP53BP1	0.457
9606.ENSP00000345571	9606.ENSP00000378699	E2F1	CDK1	0.457
9606.ENSP00000345571	9606.ENSP00000384849	E2F1	CDKN1A	0.46
9606.ENSP00000345571	9606.ENSP00000352516	E2F1	DNMT1	0.494
9606.ENSP00000345571	9606.ENSP00000383042	E2F1	KDM1A	0.814
9606.ENSP00000345571	9606.ENSP00000418915	E2F1	CDKN2A	0.935
9606.ENSP00000345571	9606.ENSP00000362649	E2F1	HDAC1	0.996
9606.ENSP00000345672	9606.ENSP00000361405	CTSB	MMP9	0.457
9606.ENSP00000345672	9606.ENSP00000361850	CTSB	PLAU	0.54
9606.ENSP00000345672	9606.ENSP00000433138	CTSB	CASP1	0.54
9606.ENSP00000346120	9606.ENSP00000446271	DDX21	LSM14A	0.172
9606.ENSP00000346120	9606.ENSP00000357459	DDX21	ADAR	0.182
9606.ENSP00000346120	9606.ENSP00000361635	DDX21	VDAC2	0.188
9606.ENSP00000346120	9606.ENSP00000358983	DDX21	NFKB2	0.211
9606.ENSP00000346120	9606.ENSP00000385269	DDX21	ELAVL1	0.216
9606.ENSP00000346120	9606.ENSP00000384273	DDX21	RELA	0.218
9606.ENSP00000346120	9606.ENSP00000346694	DDX21	HNRNPA2B1	0.235
9606.ENSP00000346120	9606.ENSP00000408411	DDX21	LAMP2	0.262
9606.ENSP00000346120	9606.ENSP00000352738	DDX21	G3BP2	0.456
9606.ENSP00000346120	9606.ENSP00000385610	DDX21	MEX3C	0.456
9606.ENSP00000346120	9606.ENSP00000434024	DDX21	H2AX	0.456
9606.ENSP00000346120	9606.ENSP00000357113	DDX21	IFI16	0.463
9606.ENSP00000346120	9606.ENSP00000360266	DDX21	JUN	0.56
9606.ENSP00000346120	9606.ENSP00000399797	DDX21	MOV10	0.618
9606.ENSP00000346120	9606.ENSP00000395535	DDX21	MECP2	0.673
9606.ENSP00000346120	9606.ENSP00000478754	DDX21	DDX6	0.688
9606.ENSP00000346120	9606.ENSP00000354522	DDX21	TOP1	0.694
9606.ENSP00000346120	9606.ENSP00000417078	DDX21	DHX36	0.795
9606.ENSP00000346120	9606.ENSP00000377681	DDX21	G3BP1	0.802
9606.ENSP00000346120	9606.ENSP00000356520	DDX21	DHX9	0.853
9606.ENSP00000346120	9606.ENSP00000370745	DDX21	DDX1	0.86
9606.ENSP00000346120	9606.ENSP00000451291	DDX21	HNRNPC	0.897
9606.ENSP00000346148	9606.ENSP00000377681	PRKAA1	G3BP1	0.449
9606.ENSP00000346148	9606.ENSP00000391090	PRKAA1	CHEK1	0.457
9606.ENSP00000346148	9606.ENSP00000433623	PRKAA1	TRAF6	0.457
9606.ENSP00000346148	9606.ENSP00000355231	PRKAA1	BECN1	0.802
9606.ENSP00000346148	9606.ENSP00000478927	PRKAA1	YAP1	0.802
9606.ENSP00000346148	9606.ENSP00000358335	PRKAA1	MAP3K7	0.918
9606.ENSP00000346148	9606.ENSP00000360290	PRKAA1	PRKAA2	0.996
9606.ENSP00000346148	9606.ENSP00000358022	PRKAA1	MCL1	0.999
9606.ENSP00000346206	9606.ENSP00000363993	TAP1	PSMB9	0.374
9606.ENSP00000346206	9606.ENSP00000364016	TAP1	PSMB8	0.374
9606.ENSP00000346206	9606.ENSP00000497910	TAP1	B2M	0.994
9606.ENSP00000346437	9606.ENSP00000399888	ATG7	HMGA1	0.191
9606.ENSP00000346437	9606.ENSP00000386710	ATG7	ATG9A	0.269
9606.ENSP00000346437	9606.ENSP00000355231	ATG7	BECN1	0.323
9606.ENSP00000346437	9606.ENSP00000385269	ATG7	ELAVL1	0.457
9606.ENSP00000346437	9606.ENSP00000374455	ATG7	SQSTM1	0.464
9606.ENSP00000346437	9606.ENSP00000357283	ATG7	LMNA	0.5
9606.ENSP00000346437	9606.ENSP00000433209	ATG7	GSDMD	0.502
9606.ENSP00000346437	9606.ENSP00000375873	ATG7	ATG16L1	0.581
9606.ENSP00000346437	9606.ENSP00000358072	ATG7	ATG5	0.985
9606.ENSP00000346437	9606.ENSP00000498476	ATG7	MAP1LC3B	0.999
9606.ENSP00000346508	9606.ENSP00000354394	PDGFA	STAT1	0.5
9606.ENSP00000346508	9606.ENSP00000378517	PDGFA	SPP1	0.5
9606.ENSP00000346508	9606.ENSP00000370473	PDGFA	IGFBP3	0.54
9606.ENSP00000346508	9606.ENSP00000404131	PDGFA	TGFA	0.9
9606.ENSP00000346508	9606.ENSP00000376637	PDGFA	IGF1	0.906
9606.ENSP00000346694	9606.ENSP00000498476	HNRNPA2B1	MAP1LC3B	0.156
9606.ENSP00000346694	9606.ENSP00000384849	HNRNPA2B1	CDKN1A	0.159
9606.ENSP00000346694	9606.ENSP00000357643	HNRNPA2B1	MKI67	0.185
9606.ENSP00000346694	9606.ENSP00000359364	HNRNPA2B1	YTHDF1	0.279
9606.ENSP00000346694	9606.ENSP00000374455	HNRNPA2B1	SQSTM1	0.287
9606.ENSP00000346694	9606.ENSP00000394085	HNRNPA2B1	JMJD6	0.456
9606.ENSP00000346694	9606.ENSP00000434024	HNRNPA2B1	H2AX	0.456
9606.ENSP00000346694	9606.ENSP00000370473	HNRNPA2B1	IGFBP3	0.457
9606.ENSP00000346694	9606.ENSP00000378067	HNRNPA2B1	SLFN11	0.457
9606.ENSP00000346694	9606.ENSP00000395535	HNRNPA2B1	MECP2	0.457
9606.ENSP00000346694	9606.ENSP00000471239	HNRNPA2B1	ZFP36	0.457
9606.ENSP00000346694	9606.ENSP00000375873	HNRNPA2B1	ATG16L1	0.462
9606.ENSP00000346694	9606.ENSP00000495360	HNRNPA2B1	CTNNB1	0.559
9606.ENSP00000346694	9606.ENSP00000355865	HNRNPA2B1	PRKN	0.573
9606.ENSP00000346694	9606.ENSP00000371475	HNRNPA2B1	TP53BP1	0.66
9606.ENSP00000346694	9606.ENSP00000354522	HNRNPA2B1	TOP1	0.694
9606.ENSP00000346694	9606.ENSP00000352438	HNRNPA2B1	PCBP2	0.8
9606.ENSP00000346694	9606.ENSP00000356520	HNRNPA2B1	DHX9	0.919
9606.ENSP00000346694	9606.ENSP00000385269	HNRNPA2B1	ELAVL1	0.963
9606.ENSP00000346694	9606.ENSP00000349428	HNRNPA2B1	PTBP1	0.974
9606.ENSP00000346694	9606.ENSP00000451291	HNRNPA2B1	HNRNPC	0.994
9606.ENSP00000347845	9606.ENSP00000354522	TASOR	TOP1	0.211
9606.ENSP00000347845	9606.ENSP00000357113	TASOR	IFI16	0.457
9606.ENSP00000347845	9606.ENSP00000380763	TASOR	MORC2	0.5
9606.ENSP00000347845	9606.ENSP00000434024	TASOR	H2AX	0.5
9606.ENSP00000347845	9606.ENSP00000440440	TASOR	ATF7IP	0.531
9606.ENSP00000347845	9606.ENSP00000378935	TASOR	PPHLN1	0.958
9606.ENSP00000347845	9606.ENSP00000355388	TASOR	MPHOSPH8	0.999
9606.ENSP00000347948	9606.ENSP00000419085	TNFRSF14	TIGIT	0.206
9606.ENSP00000347948	9606.ENSP00000451828	TNFRSF14	AKT1	0.258
9606.ENSP00000347948	9606.ENSP00000398698	TNFRSF14	TNF	0.259
9606.ENSP00000347948	9606.ENSP00000376500	TNFRSF14	TRAF3	0.802
9606.ENSP00000348216	9606.ENSP00000383042	TRIM4	KDM1A	0.457
9606.ENSP00000348216	9606.ENSP00000389351	TRIM4	RPSA	0.457
9606.ENSP00000348216	9606.ENSP00000351273	TRIM4	CASP8	0.5
9606.ENSP00000348216	9606.ENSP00000352438	TRIM4	PCBP2	0.5
9606.ENSP00000348216	9606.ENSP00000358072	TRIM4	ATG5	0.5
9606.ENSP00000348216	9606.ENSP00000359424	TRIM4	CHUK	0.5
9606.ENSP00000348216	9606.ENSP00000369213	TRIM4	DDX58	0.5
9606.ENSP00000348216	9606.ENSP00000376500	TRIM4	TRAF3	0.5
9606.ENSP00000348216	9606.ENSP00000380697	TRIM4	IRF7	0.5
9606.ENSP00000348216	9606.ENSP00000401980	TRIM4	MAVS	0.5
9606.ENSP00000348216	9606.ENSP00000430684	TRIM4	IKBKB	0.5
9606.ENSP00000348216	9606.ENSP00000433623	TRIM4	TRAF6	0.5
9606.ENSP00000348216	9606.ENSP00000464030	TRIM4	IKBKE	0.5
9606.ENSP00000348216	9606.ENSP00000471896	TRIM4	IRF3	0.5
9606.ENSP00000348216	9606.ENSP00000483825	TRIM4	IKBKG	0.5
9606.ENSP00000348216	9606.ENSP00000497271	TRIM4	IFIH1	0.5
9606.ENSP00000349365	9606.ENSP00000354394	IL27	STAT1	0.5
9606.ENSP00000349365	9606.ENSP00000371067	IL27	JAK2	0.5
9606.ENSP00000349365	9606.ENSP00000499900	IL27	JAK1	0.5
9606.ENSP00000349365	9606.ENSP00000385675	IL27	IL6	0.9
9606.ENSP00000349365	9606.ENSP00000370698	IL27	IL6ST	0.947
9606.ENSP00000349428	9606.ENSP00000391090	PTBP1	CHEK1	0.288
9606.ENSP00000349428	9606.ENSP00000400646	PTBP1	PNPT1	0.331
9606.ENSP00000349428	9606.ENSP00000355865	PTBP1	PRKN	0.368
9606.ENSP00000349428	9606.ENSP00000399888	PTBP1	HMGA1	0.432
9606.ENSP00000349428	9606.ENSP00000385610	PTBP1	MEX3C	0.456
9606.ENSP00000349428	9606.ENSP00000437621	PTBP1	HMGA2	0.456
9606.ENSP00000349428	9606.ENSP00000378067	PTBP1	SLFN11	0.457
9606.ENSP00000349428	9606.ENSP00000395535	PTBP1	MECP2	0.457
9606.ENSP00000349428	9606.ENSP00000359364	PTBP1	YTHDF1	0.587
9606.ENSP00000349428	9606.ENSP00000365625	PTBP1	DHX16	0.721
9606.ENSP00000349428	9606.ENSP00000451291	PTBP1	HNRNPC	0.818
9606.ENSP00000349428	9606.ENSP00000352438	PTBP1	PCBP2	0.886
9606.ENSP00000349428	9606.ENSP00000385269	PTBP1	ELAVL1	0.967
9606.ENSP00000351059	9606.ENSP00000354901	CX3CR1	CXCL9	0.65
9606.ENSP00000351059	9606.ENSP00000427279	CX3CR1	CXCL2	0.65
9606.ENSP00000351059	9606.ENSP00000478024	CX3CR1	CCL16	0.668
9606.ENSP00000351059	9606.ENSP00000351671	CX3CR1	CCL20	0.671
9606.ENSP00000351059	9606.ENSP00000378118	CX3CR1	CCL8	0.671
9606.ENSP00000351059	9606.ENSP00000482259	CX3CR1	CCL4	0.671
9606.ENSP00000351059	9606.ENSP00000400533	CX3CR1	CCL24	0.674
9606.ENSP00000351059	9606.ENSP00000367832	CX3CR1	CCL7	0.689
9606.ENSP00000351059	9606.ENSP00000480558	CX3CR1	CCL3L1	0.717
9606.ENSP00000351059	9606.ENSP00000379110	CX3CR1	CXCL1	0.764
9606.ENSP00000351059	9606.ENSP00000378365	CX3CR1	CCL26	0.771
9606.ENSP00000351059	9606.ENSP00000379140	CX3CR1	CXCL12	0.803
9606.ENSP00000351059	9606.ENSP00000477908	CX3CR1	CCL3	0.824
9606.ENSP00000351059	9606.ENSP00000474412	CX3CR1	CCL5	0.829
9606.ENSP00000351273	9606.ENSP00000376849	CASP8	CASP5	0.156
9606.ENSP00000351273	9606.ENSP00000471896	CASP8	IRF3	0.191
9606.ENSP00000351273	9606.ENSP00000460475	CASP8	NLRP1	0.2
9606.ENSP00000351273	9606.ENSP00000495360	CASP8	CTNNB1	0.204
9606.ENSP00000351273	9606.ENSP00000354394	CASP8	STAT1	0.214
9606.ENSP00000351273	9606.ENSP00000499900	CASP8	JAK1	0.236
9606.ENSP00000351273	9606.ENSP00000379365	CASP8	EDA2R	0.456
9606.ENSP00000351273	9606.ENSP00000384273	CASP8	RELA	0.456
9606.ENSP00000351273	9606.ENSP00000378517	CASP8	SPP1	0.457
9606.ENSP00000351273	9606.ENSP00000355231	CASP8	BECN1	0.49
9606.ENSP00000351273	9606.ENSP00000392025	CASP8	CYLD	0.49
9606.ENSP00000351273	9606.ENSP00000385519	CASP8	CD14	0.5
9606.ENSP00000351273	9606.ENSP00000401980	CASP8	MAVS	0.5
9606.ENSP00000351273	9606.ENSP00000415139	CASP8	TICAM2	0.5
9606.ENSP00000351273	9606.ENSP00000497271	CASP8	IFIH1	0.5
9606.ENSP00000351273	9606.ENSP00000433209	CASP8	GSDMD	0.502
9606.ENSP00000351273	9606.ENSP00000369213	CASP8	DDX58	0.532
9606.ENSP00000351273	9606.ENSP00000380150	CASP8	CARD11	0.551
9606.ENSP00000351273	9606.ENSP00000360215	CASP8	ZBP1	0.553
9606.ENSP00000351273	9606.ENSP00000498476	CASP8	MAP1LC3B	0.56
9606.ENSP00000351273	9606.ENSP00000358072	CASP8	ATG5	0.594
9606.ENSP00000351273	9606.ENSP00000363089	CASP8	TLR4	0.627
9606.ENSP00000351273	9606.ENSP00000483825	CASP8	IKBKG	0.721
9606.ENSP00000351273	9606.ENSP00000365230	CASP8	BCL2L1	0.788
9606.ENSP00000351273	9606.ENSP00000388566	CASP8	CASP4	0.819
9606.ENSP00000351273	9606.ENSP00000359424	CASP8	CHUK	0.904
9606.ENSP00000351273	9606.ENSP00000381185	CASP8	BCL2	0.918
9606.ENSP00000351273	9606.ENSP00000481570	CASP8	TNFAIP3	0.918
9606.ENSP00000351273	9606.ENSP00000385428	CASP8	NLRC4	0.932
9606.ENSP00000351273	9606.ENSP00000430684	CASP8	IKBKB	0.933
9606.ENSP00000351273	9606.ENSP00000433138	CASP8	CASP1	0.984
9606.ENSP00000351273	9606.ENSP00000374455	CASP8	SQSTM1	0.993
9606.ENSP00000351273	9606.ENSP00000398698	CASP8	TNF	0.999
9606.ENSP00000351273	9606.ENSP00000433623	CASP8	TRAF6	0.999
9606.ENSP00000351273	9606.ENSP00000498466	CASP8	FAS	0.999
9606.ENSP00000351671	9606.ENSP00000363089	CCL20	TLR4	0.162
9606.ENSP00000351671	9606.ENSP00000497968	CCL20	IL17A	0.192
9606.ENSP00000351671	9606.ENSP00000433623	CCL20	TRAF6	0.456
9606.ENSP00000351671	9606.ENSP00000379140	CCL20	CXCL12	0.999
9606.ENSP00000351671	9606.ENSP00000474412	CCL20	CCL5	0.999
9606.ENSP00000351742	9606.ENSP00000371420	TFEB	GPNMB	0.185
9606.ENSP00000351742	9606.ENSP00000360869	TFEB	IFIT1	0.236
9606.ENSP00000351742	9606.ENSP00000354558	TFEB	MTOR	0.916
9606.ENSP00000352039	9606.ENSP00000433623	NLRC3	TRAF6	0.457
9606.ENSP00000352071	9606.ENSP00000415743	CD163	CD36	0.528
9606.ENSP00000352257	9606.ENSP00000357459	XRCC6	ADAR	0.183
9606.ENSP00000352257	9606.ENSP00000395538	XRCC6	TNRC18	0.236
9606.ENSP00000352257	9606.ENSP00000399888	XRCC6	HMGA1	0.432
9606.ENSP00000352257	9606.ENSP00000495360	XRCC6	CTNNB1	0.437
9606.ENSP00000352257	9606.ENSP00000358022	XRCC6	MCL1	0.457
9606.ENSP00000352257	9606.ENSP00000372191	XRCC6	SIRT3	0.457
9606.ENSP00000352257	9606.ENSP00000378699	XRCC6	CDK1	0.457
9606.ENSP00000352257	9606.ENSP00000391090	XRCC6	CHEK1	0.457
9606.ENSP00000352257	9606.ENSP00000395535	XRCC6	MECP2	0.457
9606.ENSP00000352257	9606.ENSP00000483825	XRCC6	IKBKG	0.457
9606.ENSP00000352257	9606.ENSP00000357113	XRCC6	IFI16	0.463
9606.ENSP00000352257	9606.ENSP00000355865	XRCC6	PRKN	0.518
9606.ENSP00000352257	9606.ENSP00000368100	XRCC6	RAD50	0.566
9606.ENSP00000352257	9606.ENSP00000356520	XRCC6	DHX9	0.631
9606.ENSP00000352257	9606.ENSP00000383042	XRCC6	KDM1A	0.72
9606.ENSP00000352257	9606.ENSP00000354522	XRCC6	TOP1	0.873
9606.ENSP00000352257	9606.ENSP00000371475	XRCC6	TP53BP1	0.917
9606.ENSP00000352257	9606.ENSP00000437621	XRCC6	HMGA2	0.996
9606.ENSP00000352257	9606.ENSP00000375978	XRCC6	XRCC5	0.999
9606.ENSP00000352257	9606.ENSP00000434024	XRCC6	H2AX	0.999
9606.ENSP00000352438	9606.ENSP00000355865	PCBP2	PRKN	0.347
9606.ENSP00000352438	9606.ENSP00000478927	PCBP2	YAP1	0.35
9606.ENSP00000352438	9606.ENSP00000399888	PCBP2	HMGA1	0.456
9606.ENSP00000352438	9606.ENSP00000434024	PCBP2	H2AX	0.456
9606.ENSP00000352438	9606.ENSP00000437621	PCBP2	HMGA2	0.456
9606.ENSP00000352438	9606.ENSP00000356520	PCBP2	DHX9	0.457
9606.ENSP00000352438	9606.ENSP00000357113	PCBP2	IFI16	0.457
9606.ENSP00000352438	9606.ENSP00000379612	PCBP2	TAX1BP1	0.457
9606.ENSP00000352438	9606.ENSP00000395535	PCBP2	MECP2	0.457
9606.ENSP00000352438	9606.ENSP00000369213	PCBP2	DDX58	0.503
9606.ENSP00000352438	9606.ENSP00000385269	PCBP2	ELAVL1	0.637
9606.ENSP00000352438	9606.ENSP00000497271	PCBP2	IFIH1	0.716
9606.ENSP00000352438	9606.ENSP00000451291	PCBP2	HNRNPC	0.8
9606.ENSP00000352438	9606.ENSP00000401980	PCBP2	MAVS	0.908
9606.ENSP00000352516	9606.ENSP00000360266	DNMT1	JUN	0.164
9606.ENSP00000352516	9606.ENSP00000384273	DNMT1	RELA	0.179
9606.ENSP00000352516	9606.ENSP00000357122	DNMT1	PYHIN1	0.457
9606.ENSP00000352516	9606.ENSP00000451828	DNMT1	AKT1	0.457
9606.ENSP00000352516	9606.ENSP00000360290	DNMT1	PRKAA2	0.47
9606.ENSP00000352516	9606.ENSP00000395535	DNMT1	MECP2	0.737
9606.ENSP00000352516	9606.ENSP00000434024	DNMT1	H2AX	0.772
9606.ENSP00000352516	9606.ENSP00000391090	DNMT1	CHEK1	0.802
9606.ENSP00000352516	9606.ENSP00000495360	DNMT1	CTNNB1	0.804
9606.ENSP00000352516	9606.ENSP00000383042	DNMT1	KDM1A	0.956
9606.ENSP00000352516	9606.ENSP00000362649	DNMT1	HDAC1	0.999
9606.ENSP00000352678	9606.ENSP00000360860	SUPV3L1	IFIT5	0.333
9606.ENSP00000352678	9606.ENSP00000471239	SUPV3L1	ZFP36	0.72
9606.ENSP00000352678	9606.ENSP00000400646	SUPV3L1	PNPT1	0.995
9606.ENSP00000352738	9606.ENSP00000389351	G3BP2	RPSA	0.241
9606.ENSP00000352738	9606.ENSP00000357643	G3BP2	MKI67	0.456
9606.ENSP00000352738	9606.ENSP00000361635	G3BP2	VDAC2	0.456
9606.ENSP00000352738	9606.ENSP00000385610	G3BP2	MEX3C	0.456
9606.ENSP00000352738	9606.ENSP00000428845	G3BP2	VDAC3	0.456
9606.ENSP00000352738	9606.ENSP00000357113	G3BP2	IFI16	0.457
9606.ENSP00000352738	9606.ENSP00000357122	G3BP2	PYHIN1	0.457
9606.ENSP00000352738	9606.ENSP00000374455	G3BP2	SQSTM1	0.457
9606.ENSP00000352738	9606.ENSP00000448665	G3BP2	DDIT3	0.508
9606.ENSP00000352738	9606.ENSP00000398698	G3BP2	TNF	0.524
9606.ENSP00000352738	9606.ENSP00000446271	G3BP2	LSM14A	0.596
9606.ENSP00000352738	9606.ENSP00000359364	G3BP2	YTHDF1	0.864
9606.ENSP00000352738	9606.ENSP00000478754	G3BP2	DDX6	0.952
9606.ENSP00000352738	9606.ENSP00000377681	G3BP2	G3BP1	0.999
9606.ENSP00000352798	9606.ENSP00000482259	COL18A1	CCL4	0.216
9606.ENSP00000352798	9606.ENSP00000361405	COL18A1	MMP9	0.328
9606.ENSP00000353344	9606.ENSP00000358983	ETS2	NFKB2	0.456
9606.ENSP00000353344	9606.ENSP00000360266	ETS2	JUN	0.485
9606.ENSP00000353512	9606.ENSP00000371067	PARP9	JAK2	0.457
9606.ENSP00000353512	9606.ENSP00000499900	PARP9	JAK1	0.457
9606.ENSP00000353512	9606.ENSP00000418194	PARP9	PARP14	0.492
9606.ENSP00000353512	9606.ENSP00000354394	PARP9	STAT1	0.837
9606.ENSP00000353731	9606.ENSP00000480558	DPP4	CCL3L1	0.33
9606.ENSP00000353731	9606.ENSP00000380150	DPP4	CARD11	0.457
9606.ENSP00000353731	9606.ENSP00000430684	DPP4	IKBKB	0.457
9606.ENSP00000353731	9606.ENSP00000446093	DPP4	TUBGCP2	0.457
9606.ENSP00000353731	9606.ENSP00000354901	DPP4	CXCL9	0.49
9606.ENSP00000353731	9606.ENSP00000379140	DPP4	CXCL12	0.493
9606.ENSP00000353731	9606.ENSP00000427279	DPP4	CXCL2	0.551
9606.ENSP00000353731	9606.ENSP00000371958	DPP4	CD9	0.597
9606.ENSP00000353874	9606.ENSP00000376500	TLR9	TRAF3	0.246
9606.ENSP00000353874	9606.ENSP00000359424	TLR9	CHUK	0.279
9606.ENSP00000353874	9606.ENSP00000355231	TLR9	BECN1	0.363
9606.ENSP00000353874	9606.ENSP00000483570	TLR9	BTK	0.482
9606.ENSP00000353874	9606.ENSP00000369442	TLR9	KL	0.5
9606.ENSP00000353874	9606.ENSP00000480791	TLR9	FGF1	0.5
9606.ENSP00000353874	9606.ENSP00000415139	TLR9	TICAM2	0.513
9606.ENSP00000353874	9606.ENSP00000479889	TLR9	IRAK4	0.595
9606.ENSP00000353874	9606.ENSP00000376445	TLR9	TIRAP	0.613
9606.ENSP00000353874	9606.ENSP00000380697	TLR9	IRF7	0.677
9606.ENSP00000353874	9606.ENSP00000358997	TLR9	IRAK1	0.817
9606.ENSP00000353874	9606.ENSP00000433623	TLR9	TRAF6	0.83
9606.ENSP00000353874	9606.ENSP00000363089	TLR9	TLR4	0.957
9606.ENSP00000353874	9606.ENSP00000370034	TLR9	TLR7	0.969
9606.ENSP00000353874	9606.ENSP00000498321	TLR9	MYD88	0.987
9606.ENSP00000354394	9606.ENSP00000495360	STAT1	CTNNB1	0.161
9606.ENSP00000354394	9606.ENSP00000478927	STAT1	YAP1	0.19
9606.ENSP00000354394	9606.ENSP00000471896	STAT1	IRF3	0.201
9606.ENSP00000354394	9606.ENSP00000363993	STAT1	PSMB9	0.203
9606.ENSP00000354394	9606.ENSP00000364016	STAT1	PSMB8	0.204
9606.ENSP00000354394	9606.ENSP00000381601	STAT1	MX1	0.259
9606.ENSP00000354394	9606.ENSP00000418037	STAT1	IRF5	0.288
9606.ENSP00000354394	9606.ENSP00000451828	STAT1	AKT1	0.29
9606.ENSP00000354394	9606.ENSP00000380697	STAT1	IRF7	0.355
9606.ENSP00000354394	9606.ENSP00000365048	STAT1	TNFSF13B	0.456
9606.ENSP00000354394	9606.ENSP00000434717	STAT1	IL18BP	0.456
9606.ENSP00000354394	9606.ENSP00000358997	STAT1	IRAK1	0.457
9606.ENSP00000354394	9606.ENSP00000374455	STAT1	SQSTM1	0.457
9606.ENSP00000354394	9606.ENSP00000377681	STAT1	G3BP1	0.457
9606.ENSP00000354394	9606.ENSP00000406162	STAT1	PRMT1	0.488
9606.ENSP00000354394	9606.ENSP00000360266	STAT1	JUN	0.491
9606.ENSP00000354394	9606.ENSP00000357470	STAT1	IL6R	0.5
9606.ENSP00000354394	9606.ENSP00000369581	STAT1	IFNB1	0.5
9606.ENSP00000354394	9606.ENSP00000495951	STAT1	KITLG	0.5
9606.ENSP00000354394	9606.ENSP00000385675	STAT1	IL6	0.516
9606.ENSP00000354394	9606.ENSP00000483403	STAT1	GHR	0.531
9606.ENSP00000354394	9606.ENSP00000369213	STAT1	DDX58	0.536
9606.ENSP00000354394	9606.ENSP00000498476	STAT1	MAP1LC3B	0.542
9606.ENSP00000354394	9606.ENSP00000362649	STAT1	HDAC1	0.554
9606.ENSP00000354394	9606.ENSP00000384273	STAT1	RELA	0.607
9606.ENSP00000354394	9606.ENSP00000496832	STAT1	ISG15	0.622
9606.ENSP00000354394	9606.ENSP00000370698	STAT1	IL6ST	0.802
9606.ENSP00000354394	9606.ENSP00000401980	STAT1	MAVS	0.802
9606.ENSP00000354394	9606.ENSP00000354558	STAT1	MTOR	0.948
9606.ENSP00000354394	9606.ENSP00000371067	STAT1	JAK2	0.998
9606.ENSP00000354394	9606.ENSP00000380073	STAT1	IRF9	0.999
9606.ENSP00000354394	9606.ENSP00000499900	STAT1	JAK1	0.999
9606.ENSP00000354522	9606.ENSP00000495360	TOP1	CTNNB1	0.201
9606.ENSP00000354522	9606.ENSP00000355388	TOP1	MPHOSPH8	0.211
9606.ENSP00000354522	9606.ENSP00000357459	TOP1	ADAR	0.211
9606.ENSP00000354522	9606.ENSP00000365625	TOP1	DHX16	0.211
9606.ENSP00000354522	9606.ENSP00000378935	TOP1	PPHLN1	0.211
9606.ENSP00000354522	9606.ENSP00000394085	TOP1	JMJD6	0.211
9606.ENSP00000354522	9606.ENSP00000433760	TOP1	BANF1	0.211
9606.ENSP00000354522	9606.ENSP00000498362	TOP1	PQBP1	0.211
9606.ENSP00000354522	9606.ENSP00000389351	TOP1	RPSA	0.254
9606.ENSP00000354522	9606.ENSP00000360266	TOP1	JUN	0.262
9606.ENSP00000354522	9606.ENSP00000378699	TOP1	CDK1	0.404
9606.ENSP00000354522	9606.ENSP00000437621	TOP1	HMGA2	0.408
9606.ENSP00000354522	9606.ENSP00000357643	TOP1	MKI67	0.456
9606.ENSP00000354522	9606.ENSP00000357113	TOP1	IFI16	0.457
9606.ENSP00000354522	9606.ENSP00000371475	TOP1	TP53BP1	0.66
9606.ENSP00000354522	9606.ENSP00000356520	TOP1	DHX9	0.694
9606.ENSP00000354522	9606.ENSP00000385269	TOP1	ELAVL1	0.694
9606.ENSP00000354522	9606.ENSP00000395535	TOP1	MECP2	0.709
9606.ENSP00000354522	9606.ENSP00000451291	TOP1	HNRNPC	0.857
9606.ENSP00000354522	9606.ENSP00000418915	TOP1	CDKN2A	0.918
9606.ENSP00000354522	9606.ENSP00000375978	TOP1	XRCC5	0.934
9606.ENSP00000354558	9606.ENSP00000376637	MTOR	IGF1	0.18
9606.ENSP00000354558	9606.ENSP00000363869	MTOR	VSIG4	0.204
9606.ENSP00000354558	9606.ENSP00000498321	MTOR	MYD88	0.223
9606.ENSP00000354558	9606.ENSP00000451291	MTOR	HNRNPC	0.261
9606.ENSP00000354558	9606.ENSP00000483570	MTOR	BTK	0.265
9606.ENSP00000354558	9606.ENSP00000483825	MTOR	IKBKG	0.457
9606.ENSP00000354558	9606.ENSP00000433623	MTOR	TRAF6	0.49
9606.ENSP00000354558	9606.ENSP00000355231	MTOR	BECN1	0.527
9606.ENSP00000354558	9606.ENSP00000359364	MTOR	YTHDF1	0.603
9606.ENSP00000354558	9606.ENSP00000408411	MTOR	LAMP2	0.72
9606.ENSP00000354558	9606.ENSP00000365230	MTOR	BCL2L1	0.802
9606.ENSP00000354558	9606.ENSP00000430684	MTOR	IKBKB	0.802
9606.ENSP00000354558	9606.ENSP00000359424	MTOR	CHUK	0.814
9606.ENSP00000354558	9606.ENSP00000355865	MTOR	PRKN	0.918
9606.ENSP00000354558	9606.ENSP00000481570	MTOR	TNFAIP3	0.918
9606.ENSP00000354558	9606.ENSP00000374455	MTOR	SQSTM1	0.976
9606.ENSP00000354558	9606.ENSP00000451828	MTOR	AKT1	0.999
9606.ENSP00000354665	9606.ENSP00000354687	MT-ND6	MT-ND1	0.999
9606.ENSP00000354687	9606.ENSP00000398698	MT-ND1	TNF	0.152
9606.ENSP00000354687	9606.ENSP00000355265	MT-ND1	MT-ATP8	0.201
9606.ENSP00000354687	9606.ENSP00000360266	MT-ND1	JUN	0.366
9606.ENSP00000354687	9606.ENSP00000363869	MT-ND1	VSIG4	0.445
9606.ENSP00000354777	9606.ENSP00000471239	TBKBP1	ZFP36	0.162
9606.ENSP00000354777	9606.ENSP00000376500	TBKBP1	TRAF3	0.336
9606.ENSP00000354777	9606.ENSP00000358997	TBKBP1	IRAK1	0.374
9606.ENSP00000354777	9606.ENSP00000419371	TBKBP1	AZI2	0.906
9606.ENSP00000354777	9606.ENSP00000464030	TBKBP1	IKBKE	0.95
9606.ENSP00000354777	9606.ENSP00000398523	TBKBP1	CALCOCO2	0.987
9606.ENSP00000354777	9606.ENSP00000398698	TBKBP1	TNF	0.999
9606.ENSP00000354822	9606.ENSP00000382707	XAF1	IFITM3	0.206
9606.ENSP00000354822	9606.ENSP00000391090	XAF1	CHEK1	0.457
9606.ENSP00000354822	9606.ENSP00000428657	XAF1	NAIP	0.457
9606.ENSP00000354822	9606.ENSP00000451828	XAF1	AKT1	0.903
9606.ENSP00000354900	9606.ENSP00000495360	GJB1	CTNNB1	0.28
9606.ENSP00000354900	9606.ENSP00000358072	GJB1	ATG5	0.457
9606.ENSP00000354900	9606.ENSP00000375873	GJB1	ATG16L1	0.457
9606.ENSP00000354900	9606.ENSP00000467201	GJB1	GJC1	0.906
9606.ENSP00000354901	9606.ENSP00000357470	CXCL9	IL6R	0.193
9606.ENSP00000354901	9606.ENSP00000378365	CXCL9	CCL26	0.999
9606.ENSP00000354901	9606.ENSP00000379140	CXCL9	CXCL12	0.999
9606.ENSP00000354901	9606.ENSP00000427279	CXCL9	CXCL2	0.999
9606.ENSP00000354901	9606.ENSP00000474412	CXCL9	CCL5	0.999
9606.ENSP00000355231	9606.ENSP00000370034	BECN1	TLR7	0.154
9606.ENSP00000355231	9606.ENSP00000483570	BECN1	BTK	0.191
9606.ENSP00000355231	9606.ENSP00000385428	BECN1	NLRC4	0.285
9606.ENSP00000355231	9606.ENSP00000359339	BECN1	CGAS	0.299
9606.ENSP00000355231	9606.ENSP00000358072	BECN1	ATG5	0.358
9606.ENSP00000355231	9606.ENSP00000386710	BECN1	ATG9A	0.358
9606.ENSP00000355231	9606.ENSP00000379826	BECN1	TRIM40	0.374
9606.ENSP00000355231	9606.ENSP00000395538	BECN1	TNRC18	0.374
9606.ENSP00000355231	9606.ENSP00000356070	BECN1	MAPKAPK2	0.457
9606.ENSP00000355231	9606.ENSP00000384273	BECN1	RELA	0.457
9606.ENSP00000355231	9606.ENSP00000392025	BECN1	CYLD	0.457
9606.ENSP00000355231	9606.ENSP00000481570	BECN1	TNFAIP3	0.457
9606.ENSP00000355231	9606.ENSP00000375873	BECN1	ATG16L1	0.464
9606.ENSP00000355231	9606.ENSP00000357625	BECN1	BNIP3	0.473
9606.ENSP00000355231	9606.ENSP00000357112	BECN1	AIM2	0.49
9606.ENSP00000355231	9606.ENSP00000385269	BECN1	ELAVL1	0.492
9606.ENSP00000355231	9606.ENSP00000363591	BECN1	BAK1	0.545
9606.ENSP00000355231	9606.ENSP00000498321	BECN1	MYD88	0.613
9606.ENSP00000355231	9606.ENSP00000418915	BECN1	CDKN2A	0.646
9606.ENSP00000355231	9606.ENSP00000433102	BECN1	TRIM3	0.802
9606.ENSP00000355231	9606.ENSP00000374455	BECN1	SQSTM1	0.811
9606.ENSP00000355231	9606.ENSP00000451828	BECN1	AKT1	0.867
9606.ENSP00000355231	9606.ENSP00000496832	BECN1	ISG15	0.9
9606.ENSP00000355231	9606.ENSP00000358022	BECN1	MCL1	0.921
9606.ENSP00000355231	9606.ENSP00000355865	BECN1	PRKN	0.957
9606.ENSP00000355231	9606.ENSP00000365230	BECN1	BCL2L1	0.999
9606.ENSP00000355231	9606.ENSP00000381185	BECN1	BCL2	0.999
9606.ENSP00000355231	9606.ENSP00000433623	BECN1	TRAF6	0.999
9606.ENSP00000355388	9606.ENSP00000457421	MPHOSPH8	PECAM1	0.185
9606.ENSP00000355388	9606.ENSP00000357113	MPHOSPH8	IFI16	0.457
9606.ENSP00000355388	9606.ENSP00000395535	MPHOSPH8	MECP2	0.457
9606.ENSP00000355388	9606.ENSP00000380763	MPHOSPH8	MORC2	0.5
9606.ENSP00000355388	9606.ENSP00000434024	MPHOSPH8	H2AX	0.5
9606.ENSP00000355388	9606.ENSP00000440440	MPHOSPH8	ATF7IP	0.533
9606.ENSP00000355388	9606.ENSP00000362649	MPHOSPH8	HDAC1	0.537
9606.ENSP00000355388	9606.ENSP00000359339	MPHOSPH8	CGAS	0.566
9606.ENSP00000355388	9606.ENSP00000378935	MPHOSPH8	PPHLN1	0.958
9606.ENSP00000355865	9606.ENSP00000356520	PRKN	DHX9	0.208
9606.ENSP00000355865	9606.ENSP00000498476	PRKN	MAP1LC3B	0.24
9606.ENSP00000355865	9606.ENSP00000375978	PRKN	XRCC5	0.241
9606.ENSP00000355865	9606.ENSP00000389351	PRKN	RPSA	0.243
9606.ENSP00000355865	9606.ENSP00000451828	PRKN	AKT1	0.328
9606.ENSP00000355865	9606.ENSP00000357283	PRKN	LMNA	0.347
9606.ENSP00000355865	9606.ENSP00000357625	PRKN	BNIP3	0.35
9606.ENSP00000355865	9606.ENSP00000358022	PRKN	MCL1	0.457
9606.ENSP00000355865	9606.ENSP00000358072	PRKN	ATG5	0.457
9606.ENSP00000355865	9606.ENSP00000369213	PRKN	DDX58	0.457
9606.ENSP00000355865	9606.ENSP00000376500	PRKN	TRAF3	0.457
9606.ENSP00000355865	9606.ENSP00000384849	PRKN	CDKN1A	0.457
9606.ENSP00000355865	9606.ENSP00000401980	PRKN	MAVS	0.457
9606.ENSP00000355865	9606.ENSP00000435712	PRKN	GATA4	0.457
9606.ENSP00000355865	9606.ENSP00000448665	PRKN	DDIT3	0.457
9606.ENSP00000355865	9606.ENSP00000497271	PRKN	IFIH1	0.457
9606.ENSP00000355865	9606.ENSP00000385269	PRKN	ELAVL1	0.499
9606.ENSP00000355865	9606.ENSP00000451291	PRKN	HNRNPC	0.518
9606.ENSP00000355865	9606.ENSP00000360290	PRKN	PRKAA2	0.535
9606.ENSP00000355865	9606.ENSP00000495360	PRKN	CTNNB1	0.535
9606.ENSP00000355865	9606.ENSP00000381185	PRKN	BCL2	0.571
9606.ENSP00000355865	9606.ENSP00000398523	PRKN	CALCOCO2	0.622
9606.ENSP00000355865	9606.ENSP00000478927	PRKN	YAP1	0.802
9606.ENSP00000355865	9606.ENSP00000379612	PRKN	TAX1BP1	0.812
9606.ENSP00000355865	9606.ENSP00000483825	PRKN	IKBKG	0.821
9606.ENSP00000355865	9606.ENSP00000433623	PRKN	TRAF6	0.836
9606.ENSP00000355865	9606.ENSP00000365230	PRKN	BCL2L1	0.93
9606.ENSP00000355865	9606.ENSP00000428845	PRKN	VDAC3	0.979
9606.ENSP00000355865	9606.ENSP00000374455	PRKN	SQSTM1	0.986
9606.ENSP00000355865	9606.ENSP00000361635	PRKN	VDAC2	0.989
9606.ENSP00000355865	9606.ENSP00000364204	PRKN	PINK1	0.999
9606.ENSP00000355865	9606.ENSP00000378487	PRKN	VDAC1	0.999
9606.ENSP00000355865	9606.ENSP00000420617	PRKN	MFN1	0.999
9606.ENSP00000356030	9606.ENSP00000361845	CD55	ZMPSTE24	0.349
9606.ENSP00000356030	9606.ENSP00000398523	CD55	CALCOCO2	0.457
9606.ENSP00000356070	9606.ENSP00000359504	MAPKAPK2	GBP1	0.191
9606.ENSP00000356070	9606.ENSP00000365230	MAPKAPK2	BCL2L1	0.457
9606.ENSP00000356070	9606.ENSP00000471239	MAPKAPK2	ZFP36	0.802
9606.ENSP00000356070	9606.ENSP00000451828	MAPKAPK2	AKT1	0.948
9606.ENSP00000356308	9606.ENSP00000356320	ULBP3	ULBP2	0.906
9606.ENSP00000356320	9606.ENSP00000413079	ULBP2	MICA	0.181
9606.ENSP00000356438	9606.ENSP00000385675	PTGS2	IL6	0.168
9606.ENSP00000356438	9606.ENSP00000371475	PTGS2	TP53BP1	0.219
9606.ENSP00000356438	9606.ENSP00000362649	PTGS2	HDAC1	0.456
9606.ENSP00000356438	9606.ENSP00000385269	PTGS2	ELAVL1	0.457
9606.ENSP00000356438	9606.ENSP00000495360	PTGS2	CTNNB1	0.488
9606.ENSP00000356520	9606.ENSP00000358983	DHX9	NFKB2	0.219
9606.ENSP00000356520	9606.ENSP00000399797	DHX9	MOV10	0.231
9606.ENSP00000356520	9606.ENSP00000401980	DHX9	MAVS	0.35
9606.ENSP00000356520	9606.ENSP00000383042	DHX9	KDM1A	0.456
9606.ENSP00000356520	9606.ENSP00000361635	DHX9	VDAC2	0.457
9606.ENSP00000356520	9606.ENSP00000364261	DHX9	OTUD3	0.457
9606.ENSP00000356520	9606.ENSP00000378067	DHX9	SLFN11	0.457
9606.ENSP00000356520	9606.ENSP00000378487	DHX9	VDAC1	0.457
9606.ENSP00000356520	9606.ENSP00000411848	DHX9	MARCHF8	0.457
9606.ENSP00000356520	9606.ENSP00000428845	DHX9	VDAC3	0.457
9606.ENSP00000356520	9606.ENSP00000357113	DHX9	IFI16	0.49
9606.ENSP00000356520	9606.ENSP00000395535	DHX9	MECP2	0.523
9606.ENSP00000356520	9606.ENSP00000495360	DHX9	CTNNB1	0.559
9606.ENSP00000356520	9606.ENSP00000359364	DHX9	YTHDF1	0.587
9606.ENSP00000356520	9606.ENSP00000360266	DHX9	JUN	0.603
9606.ENSP00000356520	9606.ENSP00000434024	DHX9	H2AX	0.669
9606.ENSP00000356520	9606.ENSP00000384273	DHX9	RELA	0.694
9606.ENSP00000356520	9606.ENSP00000406162	DHX9	PRMT1	0.695
9606.ENSP00000356520	9606.ENSP00000389351	DHX9	RPSA	0.742
9606.ENSP00000356520	9606.ENSP00000417078	DHX9	DHX36	0.754
9606.ENSP00000356520	9606.ENSP00000498362	DHX9	PQBP1	0.8
9606.ENSP00000356520	9606.ENSP00000385610	DHX9	MEX3C	0.802
9606.ENSP00000356520	9606.ENSP00000357459	DHX9	ADAR	0.853
9606.ENSP00000356520	9606.ENSP00000498321	DHX9	MYD88	0.884
9606.ENSP00000356520	9606.ENSP00000385269	DHX9	ELAVL1	0.918
9606.ENSP00000356520	9606.ENSP00000375978	DHX9	XRCC5	0.959
9606.ENSP00000356520	9606.ENSP00000478754	DHX9	DDX6	0.96
9606.ENSP00000356520	9606.ENSP00000451291	DHX9	HNRNPC	0.983
9606.ENSP00000357112	9606.ENSP00000369213	AIM2	DDX58	0.169
9606.ENSP00000357112	9606.ENSP00000357113	AIM2	IFI16	0.42
9606.ENSP00000357112	9606.ENSP00000433209	AIM2	GSDMD	0.566
9606.ENSP00000357112	9606.ENSP00000388566	AIM2	CASP4	0.567
9606.ENSP00000357112	9606.ENSP00000499211	AIM2	CARD8	0.72
9606.ENSP00000357112	9606.ENSP00000376849	AIM2	CASP5	0.789
9606.ENSP00000357112	9606.ENSP00000428657	AIM2	NAIP	0.839
9606.ENSP00000357112	9606.ENSP00000374455	AIM2	SQSTM1	0.918
9606.ENSP00000357112	9606.ENSP00000460475	AIM2	NLRP1	0.933
9606.ENSP00000357112	9606.ENSP00000385428	AIM2	NLRC4	0.937
9606.ENSP00000357112	9606.ENSP00000433138	AIM2	CASP1	0.998
9606.ENSP00000357113	9606.ENSP00000460475	IFI16	NLRP1	0.28
9606.ENSP00000357113	9606.ENSP00000385428	IFI16	NLRC4	0.381
9606.ENSP00000357113	9606.ENSP00000360266	IFI16	JUN	0.457
9606.ENSP00000357113	9606.ENSP00000365625	IFI16	DHX16	0.457
9606.ENSP00000357113	9606.ENSP00000369292	IFI16	SAMD9	0.457
9606.ENSP00000357113	9606.ENSP00000370745	IFI16	DDX1	0.457
9606.ENSP00000357113	9606.ENSP00000374455	IFI16	SQSTM1	0.457
9606.ENSP00000357113	9606.ENSP00000378699	IFI16	CDK1	0.457
9606.ENSP00000357113	9606.ENSP00000378935	IFI16	PPHLN1	0.457
9606.ENSP00000357113	9606.ENSP00000389351	IFI16	RPSA	0.457
9606.ENSP00000357113	9606.ENSP00000406162	IFI16	PRMT1	0.457
9606.ENSP00000357113	9606.ENSP00000417078	IFI16	DHX36	0.457
9606.ENSP00000357113	9606.ENSP00000428184	IFI16	SDCBP	0.457
9606.ENSP00000357113	9606.ENSP00000490935	IFI16	IFIT2	0.457
9606.ENSP00000357113	9606.ENSP00000499900	IFI16	JAK1	0.457
9606.ENSP00000357113	9606.ENSP00000357459	IFI16	ADAR	0.463
9606.ENSP00000357113	9606.ENSP00000375978	IFI16	XRCC5	0.463
9606.ENSP00000357113	9606.ENSP00000484056	IFI16	ZCCHC3	0.463
9606.ENSP00000357113	9606.ENSP00000375857	IFI16	LRRFIP1	0.48
9606.ENSP00000357113	9606.ENSP00000433623	IFI16	TRAF6	0.551
9606.ENSP00000357113	9606.ENSP00000359339	IFI16	CGAS	0.554
9606.ENSP00000357113	9606.ENSP00000433138	IFI16	CASP1	0.625
9606.ENSP00000357113	9606.ENSP00000371475	IFI16	TP53BP1	0.745
9606.ENSP00000357113	9606.ENSP00000357643	IFI16	MKI67	0.803
9606.ENSP00000357113	9606.ENSP00000498596	IFI16	STING1	0.991
9606.ENSP00000357122	9606.ENSP00000434024	PYHIN1	H2AX	0.35
9606.ENSP00000357122	9606.ENSP00000365625	PYHIN1	DHX16	0.457
9606.ENSP00000357122	9606.ENSP00000378935	PYHIN1	PPHLN1	0.457
9606.ENSP00000357122	9606.ENSP00000399797	PYHIN1	MOV10	0.457
9606.ENSP00000357122	9606.ENSP00000417078	PYHIN1	DHX36	0.457
9606.ENSP00000357122	9606.ENSP00000484056	PYHIN1	ZCCHC3	0.457
9606.ENSP00000357122	9606.ENSP00000420588	PYHIN1	TFAM	0.463
9606.ENSP00000357283	9606.ENSP00000368100	LMNA	RAD50	0.162
9606.ENSP00000357283	9606.ENSP00000420588	LMNA	TFAM	0.162
9606.ENSP00000357283	9606.ENSP00000357643	LMNA	MKI67	0.262
9606.ENSP00000357283	9606.ENSP00000418915	LMNA	CDKN2A	0.29
9606.ENSP00000357283	9606.ENSP00000451828	LMNA	AKT1	0.351
9606.ENSP00000357283	9606.ENSP00000370003	LMNA	BNIP3L	0.39
9606.ENSP00000357283	9606.ENSP00000483430	LMNA	IFI27	0.456
9606.ENSP00000357283	9606.ENSP00000377681	LMNA	G3BP1	0.457
9606.ENSP00000357283	9606.ENSP00000378067	LMNA	SLFN11	0.457
9606.ENSP00000357283	9606.ENSP00000371475	LMNA	TP53BP1	0.491
9606.ENSP00000357283	9606.ENSP00000395535	LMNA	MECP2	0.543
9606.ENSP00000357283	9606.ENSP00000495360	LMNA	CTNNB1	0.559
9606.ENSP00000357283	9606.ENSP00000361845	LMNA	ZMPSTE24	0.794
9606.ENSP00000357283	9606.ENSP00000434024	LMNA	H2AX	0.804
9606.ENSP00000357283	9606.ENSP00000433760	LMNA	BANF1	0.929
9606.ENSP00000357459	9606.ENSP00000385269	ADAR	ELAVL1	0.239
9606.ENSP00000357459	9606.ENSP00000375978	ADAR	XRCC5	0.242
9606.ENSP00000357459	9606.ENSP00000377681	ADAR	G3BP1	0.457
9606.ENSP00000357459	9606.ENSP00000385610	ADAR	MEX3C	0.457
9606.ENSP00000357459	9606.ENSP00000395535	ADAR	MECP2	0.457
9606.ENSP00000357459	9606.ENSP00000359364	ADAR	YTHDF1	0.587
9606.ENSP00000357470	9606.ENSP00000412237	IL6R	IL10	0.204
9606.ENSP00000357470	9606.ENSP00000434717	IL6R	IL18BP	0.244
9606.ENSP00000357470	9606.ENSP00000379140	IL6R	CXCL12	0.279
9606.ENSP00000357470	9606.ENSP00000450565	IL6R	IL11RA	0.337
9606.ENSP00000357470	9606.ENSP00000398698	IL6R	TNF	0.436
9606.ENSP00000357470	9606.ENSP00000371958	IL6R	CD9	0.457
9606.ENSP00000357470	9606.ENSP00000371067	IL6R	JAK2	0.852
9606.ENSP00000357470	9606.ENSP00000499900	IL6R	JAK1	0.913
9606.ENSP00000357470	9606.ENSP00000370698	IL6R	IL6ST	0.997
9606.ENSP00000357470	9606.ENSP00000385675	IL6R	IL6	0.999
9606.ENSP00000357625	9606.ENSP00000362649	BNIP3	HDAC1	0.457
9606.ENSP00000357625	9606.ENSP00000364204	BNIP3	PINK1	0.457
9606.ENSP00000357625	9606.ENSP00000374455	BNIP3	SQSTM1	0.457
9606.ENSP00000357625	9606.ENSP00000365230	BNIP3	BCL2L1	0.663
9606.ENSP00000357625	9606.ENSP00000498476	BNIP3	MAP1LC3B	0.955
9606.ENSP00000357625	9606.ENSP00000381185	BNIP3	BCL2	0.994
9606.ENSP00000357625	9606.ENSP00000370003	BNIP3	BNIP3L	0.999
9606.ENSP00000357643	9606.ENSP00000495360	MKI67	CTNNB1	0.163
9606.ENSP00000357643	9606.ENSP00000437621	MKI67	HMGA2	0.219
9606.ENSP00000357643	9606.ENSP00000451291	MKI67	HNRNPC	0.257
9606.ENSP00000357643	9606.ENSP00000358997	MKI67	IRAK1	0.456
9606.ENSP00000357643	9606.ENSP00000359364	MKI67	YTHDF1	0.456
9606.ENSP00000357643	9606.ENSP00000359783	MKI67	IFI44	0.456
9606.ENSP00000357643	9606.ENSP00000361635	MKI67	VDAC2	0.456
9606.ENSP00000357643	9606.ENSP00000378935	MKI67	PPHLN1	0.456
9606.ENSP00000357643	9606.ENSP00000389351	MKI67	RPSA	0.456
9606.ENSP00000357643	9606.ENSP00000399797	MKI67	MOV10	0.456
9606.ENSP00000357643	9606.ENSP00000417078	MKI67	DHX36	0.456
9606.ENSP00000357643	9606.ENSP00000418194	MKI67	PARP14	0.456
9606.ENSP00000357643	9606.ENSP00000434024	MKI67	H2AX	0.456
9606.ENSP00000357643	9606.ENSP00000378067	MKI67	SLFN11	0.457
9606.ENSP00000357643	9606.ENSP00000378699	MKI67	CDK1	0.55
9606.ENSP00000357643	9606.ENSP00000395535	MKI67	MECP2	0.618
9606.ENSP00000357643	9606.ENSP00000377681	MKI67	G3BP1	0.917
9606.ENSP00000358022	9606.ENSP00000451828	MCL1	AKT1	0.258
9606.ENSP00000358022	9606.ENSP00000364204	MCL1	PINK1	0.457
9606.ENSP00000358022	9606.ENSP00000372191	MCL1	SIRT3	0.457
9606.ENSP00000358022	9606.ENSP00000374455	MCL1	SQSTM1	0.457
9606.ENSP00000358022	9606.ENSP00000391090	MCL1	CHEK1	0.457
9606.ENSP00000358022	9606.ENSP00000433623	MCL1	TRAF6	0.457
9606.ENSP00000358022	9606.ENSP00000378699	MCL1	CDK1	0.494
9606.ENSP00000358022	9606.ENSP00000378487	MCL1	VDAC1	0.552
9606.ENSP00000358022	9606.ENSP00000381185	MCL1	BCL2	0.937
9606.ENSP00000358022	9606.ENSP00000363591	MCL1	BAK1	0.999
9606.ENSP00000358022	9606.ENSP00000365230	MCL1	BCL2L1	0.999
9606.ENSP00000358072	9606.ENSP00000386710	ATG5	ATG9A	0.314
9606.ENSP00000358072	9606.ENSP00000398523	ATG5	CALCOCO2	0.456
9606.ENSP00000358072	9606.ENSP00000364204	ATG5	PINK1	0.457
9606.ENSP00000358072	9606.ENSP00000392025	ATG5	CYLD	0.457
9606.ENSP00000358072	9606.ENSP00000498321	ATG5	MYD88	0.457
9606.ENSP00000358072	9606.ENSP00000361635	ATG5	VDAC2	0.5
9606.ENSP00000358072	9606.ENSP00000378487	ATG5	VDAC1	0.5
9606.ENSP00000358072	9606.ENSP00000420617	ATG5	MFN1	0.5
9606.ENSP00000358072	9606.ENSP00000498476	ATG5	MAP1LC3B	0.712
9606.ENSP00000358072	9606.ENSP00000365230	ATG5	BCL2L1	0.733
9606.ENSP00000358072	9606.ENSP00000498466	ATG5	FAS	0.802
9606.ENSP00000358072	9606.ENSP00000497271	ATG5	IFIH1	0.804
9606.ENSP00000358072	9606.ENSP00000374455	ATG5	SQSTM1	0.826
9606.ENSP00000358072	9606.ENSP00000369213	ATG5	DDX58	0.973
9606.ENSP00000358072	9606.ENSP00000401980	ATG5	MAVS	0.988
9606.ENSP00000358072	9606.ENSP00000375873	ATG5	ATG16L1	0.999
9606.ENSP00000358335	9606.ENSP00000360215	MAP3K7	ZBP1	0.457
9606.ENSP00000358335	9606.ENSP00000364204	MAP3K7	PINK1	0.457
9606.ENSP00000358335	9606.ENSP00000376500	MAP3K7	TRAF3	0.457
9606.ENSP00000358335	9606.ENSP00000465500	MAP3K7	TNFRSF11A	0.457
9606.ENSP00000358335	9606.ENSP00000493536	MAP3K7	SAMHD1	0.457
9606.ENSP00000358335	9606.ENSP00000428657	MAP3K7	NAIP	0.48
9606.ENSP00000358335	9606.ENSP00000401980	MAP3K7	MAVS	0.49
9606.ENSP00000358335	9606.ENSP00000385519	MAP3K7	CD14	0.5
9606.ENSP00000358335	9606.ENSP00000499211	MAP3K7	CARD8	0.5
9606.ENSP00000358335	9606.ENSP00000415139	MAP3K7	TICAM2	0.663
9606.ENSP00000358335	9606.ENSP00000360860	MAP3K7	IFIT5	0.671
9606.ENSP00000358335	9606.ENSP00000376445	MAP3K7	TIRAP	0.778
9606.ENSP00000358335	9606.ENSP00000363089	MAP3K7	TLR4	0.816
9606.ENSP00000358335	9606.ENSP00000384273	MAP3K7	RELA	0.892
9606.ENSP00000358335	9606.ENSP00000498321	MAP3K7	MYD88	0.912
9606.ENSP00000358335	9606.ENSP00000392025	MAP3K7	CYLD	0.92
9606.ENSP00000358335	9606.ENSP00000380150	MAP3K7	CARD11	0.959
9606.ENSP00000358335	9606.ENSP00000358997	MAP3K7	IRAK1	0.997
9606.ENSP00000358335	9606.ENSP00000359424	MAP3K7	CHUK	0.999
9606.ENSP00000358335	9606.ENSP00000398698	MAP3K7	TNF	0.999
9606.ENSP00000358335	9606.ENSP00000430684	MAP3K7	IKBKB	0.999
9606.ENSP00000358335	9606.ENSP00000433623	MAP3K7	TRAF6	0.999
9606.ENSP00000358335	9606.ENSP00000483825	MAP3K7	IKBKG	0.999
9606.ENSP00000358983	9606.ENSP00000375978	NFKB2	XRCC5	0.172
9606.ENSP00000358983	9606.ENSP00000446093	NFKB2	TUBGCP2	0.172
9606.ENSP00000358983	9606.ENSP00000451291	NFKB2	HNRNPC	0.192
9606.ENSP00000358983	9606.ENSP00000376500	NFKB2	TRAF3	0.211
9606.ENSP00000358983	9606.ENSP00000465759	NFKB2	POLRMT	0.219
9606.ENSP00000358983	9606.ENSP00000481570	NFKB2	TNFAIP3	0.457
9606.ENSP00000358983	9606.ENSP00000430684	NFKB2	IKBKB	0.824
9606.ENSP00000358983	9606.ENSP00000359424	NFKB2	CHUK	0.993
9606.ENSP00000358983	9606.ENSP00000384273	NFKB2	RELA	0.999
9606.ENSP00000358997	9606.ENSP00000498596	IRAK1	STING1	0.186
9606.ENSP00000358997	9606.ENSP00000378517	IRAK1	SPP1	0.208
9606.ENSP00000358997	9606.ENSP00000481570	IRAK1	TNFAIP3	0.457
9606.ENSP00000358997	9606.ENSP00000451828	IRAK1	AKT1	0.49
9606.ENSP00000358997	9606.ENSP00000496577	IRAK1	SOCS1	0.513
9606.ENSP00000358997	9606.ENSP00000364204	IRAK1	PINK1	0.521
9606.ENSP00000358997	9606.ENSP00000483570	IRAK1	BTK	0.554
9606.ENSP00000358997	9606.ENSP00000370842	IRAK1	IL33	0.584
9606.ENSP00000358997	9606.ENSP00000406549	IRAK1	TAF1	0.654
9606.ENSP00000358997	9606.ENSP00000376500	IRAK1	TRAF3	0.686
9606.ENSP00000358997	9606.ENSP00000370034	IRAK1	TLR7	0.701
9606.ENSP00000358997	9606.ENSP00000363089	IRAK1	TLR4	0.789
9606.ENSP00000358997	9606.ENSP00000371471	IRAK1	RSAD2	0.816
9606.ENSP00000358997	9606.ENSP00000376445	IRAK1	TIRAP	0.902
9606.ENSP00000358997	9606.ENSP00000430684	IRAK1	IKBKB	0.914
9606.ENSP00000358997	9606.ENSP00000359424	IRAK1	CHUK	0.947
9606.ENSP00000358997	9606.ENSP00000380697	IRAK1	IRF7	0.962
9606.ENSP00000358997	9606.ENSP00000374455	IRAK1	SQSTM1	0.972
9606.ENSP00000358997	9606.ENSP00000433623	IRAK1	TRAF6	0.999
9606.ENSP00000358997	9606.ENSP00000479889	IRAK1	IRAK4	0.999
9606.ENSP00000358997	9606.ENSP00000483825	IRAK1	IKBKG	0.999
9606.ENSP00000358997	9606.ENSP00000498321	IRAK1	MYD88	0.999
9606.ENSP00000359339	9606.ENSP00000377681	CGAS	G3BP1	0.217
9606.ENSP00000359339	9606.ENSP00000399888	CGAS	HMGA1	0.219
9606.ENSP00000359339	9606.ENSP00000451828	CGAS	AKT1	0.219
9606.ENSP00000359339	9606.ENSP00000455308	CGAS	ZNF598	0.219
9606.ENSP00000359339	9606.ENSP00000471896	CGAS	IRF3	0.221
9606.ENSP00000359339	9606.ENSP00000364261	CGAS	OTUD3	0.457
9606.ENSP00000359339	9606.ENSP00000383044	CGAS	USP25	0.457
9606.ENSP00000359339	9606.ENSP00000411848	CGAS	MARCHF8	0.457
9606.ENSP00000359339	9606.ENSP00000420588	CGAS	TFAM	0.489
9606.ENSP00000359339	9606.ENSP00000401980	CGAS	MAVS	0.503
9606.ENSP00000359339	9606.ENSP00000374455	CGAS	SQSTM1	0.521
9606.ENSP00000359339	9606.ENSP00000498596	CGAS	STING1	0.549
9606.ENSP00000359339	9606.ENSP00000484056	CGAS	ZCCHC3	0.581
9606.ENSP00000359339	9606.ENSP00000434024	CGAS	H2AX	0.9
9606.ENSP00000359364	9606.ENSP00000377344	YTHDF1	DDX60	0.207
9606.ENSP00000359364	9606.ENSP00000446271	YTHDF1	LSM14A	0.218
9606.ENSP00000359364	9606.ENSP00000385269	YTHDF1	ELAVL1	0.245
9606.ENSP00000359364	9606.ENSP00000406162	YTHDF1	PRMT1	0.582
9606.ENSP00000359364	9606.ENSP00000368100	YTHDF1	RAD50	0.587
9606.ENSP00000359364	9606.ENSP00000369915	YTHDF1	NAP1L4	0.587
9606.ENSP00000359364	9606.ENSP00000478754	YTHDF1	DDX6	0.653
9606.ENSP00000359364	9606.ENSP00000377681	YTHDF1	G3BP1	0.973
9606.ENSP00000359424	9606.ENSP00000498321	CHUK	MYD88	0.286
9606.ENSP00000359424	9606.ENSP00000378517	CHUK	SPP1	0.336
9606.ENSP00000359424	9606.ENSP00000479889	CHUK	IRAK4	0.382
9606.ENSP00000359424	9606.ENSP00000365435	CHUK	TNFRSF1B	0.457
9606.ENSP00000359424	9606.ENSP00000379612	CHUK	TAX1BP1	0.457
9606.ENSP00000359424	9606.ENSP00000385269	CHUK	ELAVL1	0.457
9606.ENSP00000359424	9606.ENSP00000481570	CHUK	TNFAIP3	0.457
9606.ENSP00000359424	9606.ENSP00000493536	CHUK	SAMHD1	0.457
9606.ENSP00000359424	9606.ENSP00000418037	CHUK	IRF5	0.46
9606.ENSP00000359424	9606.ENSP00000381185	CHUK	BCL2	0.464
9606.ENSP00000359424	9606.ENSP00000369213	CHUK	DDX58	0.5
9606.ENSP00000359424	9606.ENSP00000385519	CHUK	CD14	0.5
9606.ENSP00000359424	9606.ENSP00000392025	CHUK	CYLD	0.5
9606.ENSP00000359424	9606.ENSP00000415139	CHUK	TICAM2	0.5
9606.ENSP00000359424	9606.ENSP00000497271	CHUK	IFIH1	0.5
9606.ENSP00000359424	9606.ENSP00000363089	CHUK	TLR4	0.515
9606.ENSP00000359424	9606.ENSP00000380697	CHUK	IRF7	0.625
9606.ENSP00000359424	9606.ENSP00000464030	CHUK	IKBKE	0.678
9606.ENSP00000359424	9606.ENSP00000495360	CHUK	CTNNB1	0.802
9606.ENSP00000359424	9606.ENSP00000401980	CHUK	MAVS	0.804
9606.ENSP00000359424	9606.ENSP00000380150	CHUK	CARD11	0.905
9606.ENSP00000359424	9606.ENSP00000379826	CHUK	TRIM40	0.943
9606.ENSP00000359424	9606.ENSP00000376500	CHUK	TRAF3	0.962
9606.ENSP00000359424	9606.ENSP00000360860	CHUK	IFIT5	0.979
9606.ENSP00000359424	9606.ENSP00000384273	CHUK	RELA	0.999
9606.ENSP00000359424	9606.ENSP00000398698	CHUK	TNF	0.999
9606.ENSP00000359424	9606.ENSP00000430684	CHUK	IKBKB	0.999
9606.ENSP00000359424	9606.ENSP00000433623	CHUK	TRAF6	0.999
9606.ENSP00000359424	9606.ENSP00000451828	CHUK	AKT1	0.999
9606.ENSP00000359424	9606.ENSP00000483825	CHUK	IKBKG	0.999
9606.ENSP00000359483	9606.ENSP00000479953	LRRC8C	LRRC8E	0.768
9606.ENSP00000359488	9606.ENSP00000359504	GBP5	GBP1	0.783
9606.ENSP00000359663	9606.ENSP00000363089	CD40LG	TLR4	0.321
9606.ENSP00000359663	9606.ENSP00000395294	CD40LG	CD70	0.371
9606.ENSP00000359663	9606.ENSP00000365435	CD40LG	TNFRSF1B	0.5
9606.ENSP00000359663	9606.ENSP00000376500	CD40LG	TRAF3	0.5
9606.ENSP00000359663	9606.ENSP00000465500	CD40LG	TNFRSF11A	0.5
9606.ENSP00000359663	9606.ENSP00000398698	CD40LG	TNF	0.519
9606.ENSP00000359663	9606.ENSP00000365048	CD40LG	TNFSF13B	0.529
9606.ENSP00000360215	9606.ENSP00000383042	ZBP1	KDM1A	0.197
9606.ENSP00000360215	9606.ENSP00000433138	ZBP1	CASP1	0.208
9606.ENSP00000360215	9606.ENSP00000376500	ZBP1	TRAF3	0.456
9606.ENSP00000360215	9606.ENSP00000392025	ZBP1	CYLD	0.457
9606.ENSP00000360215	9606.ENSP00000430684	ZBP1	IKBKB	0.457
9606.ENSP00000360215	9606.ENSP00000380697	ZBP1	IRF7	0.9
9606.ENSP00000360215	9606.ENSP00000471896	ZBP1	IRF3	0.916
9606.ENSP00000360266	9606.ENSP00000385269	JUN	ELAVL1	0.174
9606.ENSP00000360266	9606.ENSP00000369581	JUN	IFNB1	0.204
9606.ENSP00000360266	9606.ENSP00000433138	JUN	CASP1	0.204
9606.ENSP00000360266	9606.ENSP00000385675	JUN	IL6	0.207
9606.ENSP00000360266	9606.ENSP00000381185	JUN	BCL2	0.276
9606.ENSP00000360266	9606.ENSP00000478927	JUN	YAP1	0.305
9606.ENSP00000360266	9606.ENSP00000374455	JUN	SQSTM1	0.457
9606.ENSP00000360266	9606.ENSP00000430684	JUN	IKBKB	0.457
9606.ENSP00000360266	9606.ENSP00000380697	JUN	IRF7	0.511
9606.ENSP00000360266	9606.ENSP00000406549	JUN	TAF1	0.55
9606.ENSP00000360266	9606.ENSP00000362649	JUN	HDAC1	0.591
9606.ENSP00000360266	9606.ENSP00000448665	JUN	DDIT3	0.64
9606.ENSP00000360266	9606.ENSP00000434024	JUN	H2AX	0.716
9606.ENSP00000360266	9606.ENSP00000361405	JUN	MMP9	0.802
9606.ENSP00000360266	9606.ENSP00000384849	JUN	CDKN1A	0.802
9606.ENSP00000360266	9606.ENSP00000399888	JUN	HMGA1	0.861
9606.ENSP00000360266	9606.ENSP00000471896	JUN	IRF3	0.915
9606.ENSP00000360266	9606.ENSP00000384273	JUN	RELA	0.924
9606.ENSP00000360290	9606.ENSP00000398523	PRKAA2	CALCOCO2	0.169
9606.ENSP00000360290	9606.ENSP00000451828	PRKAA2	AKT1	0.258
9606.ENSP00000360290	9606.ENSP00000377681	PRKAA2	G3BP1	0.457
9606.ENSP00000360860	9606.ENSP00000417078	IFIT5	DHX36	0.228
9606.ENSP00000360860	9606.ENSP00000360876	IFIT5	IFIT3	0.457
9606.ENSP00000360860	9606.ENSP00000464030	IFIT5	IKBKE	0.457
9606.ENSP00000360860	9606.ENSP00000471896	IFIT5	IRF3	0.457
9606.ENSP00000360860	9606.ENSP00000401980	IFIT5	MAVS	0.492
9606.ENSP00000360860	9606.ENSP00000360869	IFIT5	IFIT1	0.766
9606.ENSP00000360860	9606.ENSP00000379826	IFIT5	TRIM40	0.9
9606.ENSP00000360860	9606.ENSP00000430684	IFIT5	IKBKB	0.979
9606.ENSP00000360860	9606.ENSP00000483825	IFIT5	IKBKG	0.979
9606.ENSP00000360869	9606.ENSP00000498596	IFIT1	STING1	0.456
9606.ENSP00000360869	9606.ENSP00000401980	IFIT1	MAVS	0.531
9606.ENSP00000360869	9606.ENSP00000496832	IFIT1	ISG15	0.561
9606.ENSP00000360869	9606.ENSP00000490935	IFIT1	IFIT2	0.997
9606.ENSP00000360869	9606.ENSP00000360876	IFIT1	IFIT3	0.999
9606.ENSP00000360876	9606.ENSP00000496832	IFIT3	ISG15	0.173
9606.ENSP00000360876	9606.ENSP00000376500	IFIT3	TRAF3	0.457
9606.ENSP00000360876	9606.ENSP00000464030	IFIT3	IKBKE	0.457
9606.ENSP00000360876	9606.ENSP00000369213	IFIT3	DDX58	0.489
9606.ENSP00000360876	9606.ENSP00000433623	IFIT3	TRAF6	0.491
9606.ENSP00000360876	9606.ENSP00000401980	IFIT3	MAVS	0.851
9606.ENSP00000360876	9606.ENSP00000490935	IFIT3	IFIT2	0.999
9606.ENSP00000361405	9606.ENSP00000458585	MMP9	MMP12	0.164
9606.ENSP00000361405	9606.ENSP00000378517	MMP9	SPP1	0.204
9606.ENSP00000361405	9606.ENSP00000384273	MMP9	RELA	0.456
9606.ENSP00000361405	9606.ENSP00000362108	MMP9	LCN2	0.959
9606.ENSP00000361446	9606.ENSP00000362649	POLR3A	HDAC1	0.178
9606.ENSP00000361635	9606.ENSP00000382342	VDAC2	ABCC1	0.18
9606.ENSP00000361635	9606.ENSP00000389351	VDAC2	RPSA	0.262
9606.ENSP00000361635	9606.ENSP00000385269	VDAC2	ELAVL1	0.349
9606.ENSP00000361635	9606.ENSP00000377681	VDAC2	G3BP1	0.456
9606.ENSP00000361635	9606.ENSP00000371958	VDAC2	CD9	0.457
9606.ENSP00000361635	9606.ENSP00000395535	VDAC2	MECP2	0.457
9606.ENSP00000361635	9606.ENSP00000455308	VDAC2	ZNF598	0.457
9606.ENSP00000361635	9606.ENSP00000374455	VDAC2	SQSTM1	0.5
9606.ENSP00000361635	9606.ENSP00000386710	VDAC2	ATG9A	0.5
9606.ENSP00000361635	9606.ENSP00000498476	VDAC2	MAP1LC3B	0.5
9606.ENSP00000361635	9606.ENSP00000398698	VDAC2	TNF	0.524
9606.ENSP00000361635	9606.ENSP00000381185	VDAC2	BCL2	0.551
9606.ENSP00000361635	9606.ENSP00000451291	VDAC2	HNRNPC	0.589
9606.ENSP00000361635	9606.ENSP00000363591	VDAC2	BAK1	0.733
9606.ENSP00000361635	9606.ENSP00000378487	VDAC2	VDAC1	0.999
9606.ENSP00000361635	9606.ENSP00000428845	VDAC2	VDAC3	0.999
9606.ENSP00000361845	9606.ENSP00000378487	ZMPSTE24	VDAC1	0.342
9606.ENSP00000361845	9606.ENSP00000382707	ZMPSTE24	IFITM3	0.549
9606.ENSP00000361850	9606.ENSP00000385675	PLAU	IL6	0.203
9606.ENSP00000361850	9606.ENSP00000433138	PLAU	CASP1	0.54
9606.ENSP00000361850	9606.ENSP00000415786	PLAU	SERPINE2	0.914
9606.ENSP00000362179	9606.ENSP00000430684	ZC3H12A	IKBKB	0.456
9606.ENSP00000362179	9606.ENSP00000367832	ZC3H12A	CCL7	0.457
9606.ENSP00000362179	9606.ENSP00000376500	ZC3H12A	TRAF3	0.457
9606.ENSP00000362179	9606.ENSP00000378365	ZC3H12A	CCL26	0.457
9606.ENSP00000362179	9606.ENSP00000400533	ZC3H12A	CCL24	0.457
9606.ENSP00000362179	9606.ENSP00000401980	ZC3H12A	MAVS	0.457
9606.ENSP00000362179	9606.ENSP00000464030	ZC3H12A	IKBKE	0.457
9606.ENSP00000362179	9606.ENSP00000471896	ZC3H12A	IRF3	0.457
9606.ENSP00000362179	9606.ENSP00000474412	ZC3H12A	CCL5	0.457
9606.ENSP00000362179	9606.ENSP00000433623	ZC3H12A	TRAF6	0.491
9606.ENSP00000362179	9606.ENSP00000385675	ZC3H12A	IL6	0.579
9606.ENSP00000362179	9606.ENSP00000483825	ZC3H12A	IKBKG	0.802
9606.ENSP00000362205	9606.ENSP00000497910	TREM2	B2M	0.4
9606.ENSP00000362205	9606.ENSP00000483570	TREM2	BTK	0.5
9606.ENSP00000362649	9606.ENSP00000370745	HDAC1	DDX1	0.168
9606.ENSP00000362649	9606.ENSP00000378067	HDAC1	SLFN11	0.219
9606.ENSP00000362649	9606.ENSP00000451291	HDAC1	HNRNPC	0.22
9606.ENSP00000362649	9606.ENSP00000451828	HDAC1	AKT1	0.231
9606.ENSP00000362649	9606.ENSP00000377681	HDAC1	G3BP1	0.456
9606.ENSP00000362649	9606.ENSP00000497968	HDAC1	IL17A	0.456
9606.ENSP00000362649	9606.ENSP00000380697	HDAC1	IRF7	0.457
9606.ENSP00000362649	9606.ENSP00000418037	HDAC1	IRF5	0.457
9606.ENSP00000362649	9606.ENSP00000418915	HDAC1	CDKN2A	0.457
9606.ENSP00000362649	9606.ENSP00000471239	HDAC1	ZFP36	0.457
9606.ENSP00000362649	9606.ENSP00000498587	HDAC1	NOTCH1	0.475
9606.ENSP00000362649	9606.ENSP00000433760	HDAC1	BANF1	0.492
9606.ENSP00000362649	9606.ENSP00000406162	HDAC1	PRMT1	0.626
9606.ENSP00000362649	9606.ENSP00000434024	HDAC1	H2AX	0.65
9606.ENSP00000362649	9606.ENSP00000448665	HDAC1	DDIT3	0.802
9606.ENSP00000362649	9606.ENSP00000395538	HDAC1	TNRC18	0.85
9606.ENSP00000362649	9606.ENSP00000399518	HDAC1	SATB1	0.949
9606.ENSP00000362649	9606.ENSP00000384849	HDAC1	CDKN1A	0.985
9606.ENSP00000362649	9606.ENSP00000395535	HDAC1	MECP2	0.997
9606.ENSP00000362649	9606.ENSP00000495360	HDAC1	CTNNB1	0.998
9606.ENSP00000362649	9606.ENSP00000383042	HDAC1	KDM1A	0.999
9606.ENSP00000362649	9606.ENSP00000384273	HDAC1	RELA	0.999
9606.ENSP00000363081	9606.ENSP00000495360	DKK1	CTNNB1	0.708
9606.ENSP00000363089	9606.ENSP00000497968	TLR4	IL17A	0.189
9606.ENSP00000363089	9606.ENSP00000395294	TLR4	CD70	0.21
9606.ENSP00000363089	9606.ENSP00000420588	TLR4	TFAM	0.21
9606.ENSP00000363089	9606.ENSP00000385675	TLR4	IL6	0.219
9606.ENSP00000363089	9606.ENSP00000483570	TLR4	BTK	0.374
9606.ENSP00000363089	9606.ENSP00000420617	TLR4	MFN1	0.491
9606.ENSP00000363089	9606.ENSP00000380697	TLR4	IRF7	0.5
9606.ENSP00000363089	9606.ENSP00000430684	TLR4	IKBKB	0.5
9606.ENSP00000363089	9606.ENSP00000398698	TLR4	TNF	0.507
9606.ENSP00000363089	9606.ENSP00000471896	TLR4	IRF3	0.534
9606.ENSP00000363089	9606.ENSP00000370034	TLR4	TLR7	0.554
9606.ENSP00000363089	9606.ENSP00000464030	TLR4	IKBKE	0.598
9606.ENSP00000363089	9606.ENSP00000369581	TLR4	IFNB1	0.679
9606.ENSP00000363089	9606.ENSP00000483825	TLR4	IKBKG	0.777
9606.ENSP00000363089	9606.ENSP00000479889	TLR4	IRAK4	0.88
9606.ENSP00000363089	9606.ENSP00000415743	TLR4	CD36	0.912
9606.ENSP00000363089	9606.ENSP00000385519	TLR4	CD14	0.933
9606.ENSP00000363089	9606.ENSP00000376500	TLR4	TRAF3	0.954
9606.ENSP00000363089	9606.ENSP00000433623	TLR4	TRAF6	0.984
9606.ENSP00000363089	9606.ENSP00000376445	TLR4	TIRAP	0.999
9606.ENSP00000363089	9606.ENSP00000415139	TLR4	TICAM2	0.999
9606.ENSP00000363089	9606.ENSP00000498321	TLR4	MYD88	0.999
9606.ENSP00000363377	9606.ENSP00000451828	FOXO4	AKT1	0.802
9606.ENSP00000363377	9606.ENSP00000495360	FOXO4	CTNNB1	0.854
9606.ENSP00000363591	9606.ENSP00000428845	BAK1	VDAC3	0.367
9606.ENSP00000363591	9606.ENSP00000420617	BAK1	MFN1	0.808
9606.ENSP00000363591	9606.ENSP00000378487	BAK1	VDAC1	0.943
9606.ENSP00000363591	9606.ENSP00000365230	BAK1	BCL2L1	0.999
9606.ENSP00000363591	9606.ENSP00000381185	BAK1	BCL2	0.999
9606.ENSP00000363993	9606.ENSP00000364016	PSMB9	PSMB8	0.999
9606.ENSP00000364204	9606.ENSP00000398523	PINK1	CALCOCO2	0.285
9606.ENSP00000364204	9606.ENSP00000478927	PINK1	YAP1	0.35
9606.ENSP00000364204	9606.ENSP00000378487	PINK1	VDAC1	0.429
9606.ENSP00000364204	9606.ENSP00000376500	PINK1	TRAF3	0.457
9606.ENSP00000364204	9606.ENSP00000451828	PINK1	AKT1	0.457
9606.ENSP00000364204	9606.ENSP00000471896	PINK1	IRF3	0.457
9606.ENSP00000364204	9606.ENSP00000374455	PINK1	SQSTM1	0.649
9606.ENSP00000364204	9606.ENSP00000365230	PINK1	BCL2L1	0.825
9606.ENSP00000364204	9606.ENSP00000498476	PINK1	MAP1LC3B	0.832
9606.ENSP00000364204	9606.ENSP00000433623	PINK1	TRAF6	0.836
9606.ENSP00000364261	9606.ENSP00000471239	OTUD3	ZFP36	0.457
9606.ENSP00000364543	9606.ENSP00000378067	SKIV2L	SLFN11	0.457
9606.ENSP00000365048	9606.ENSP00000365435	TNFSF13B	TNFRSF1B	0.5
9606.ENSP00000365048	9606.ENSP00000376500	TNFSF13B	TRAF3	0.5
9606.ENSP00000365048	9606.ENSP00000465500	TNFSF13B	TNFRSF11A	0.5
9606.ENSP00000365048	9606.ENSP00000398698	TNFSF13B	TNF	0.584
9606.ENSP00000365230	9606.ENSP00000384273	BCL2L1	RELA	0.456
9606.ENSP00000365230	9606.ENSP00000478927	BCL2L1	YAP1	0.456
9606.ENSP00000365230	9606.ENSP00000391090	BCL2L1	CHEK1	0.457
9606.ENSP00000365230	9606.ENSP00000433138	BCL2L1	CASP1	0.457
9606.ENSP00000365230	9606.ENSP00000418915	BCL2L1	CDKN2A	0.55
9606.ENSP00000365230	9606.ENSP00000495360	BCL2L1	CTNNB1	0.558
9606.ENSP00000365230	9606.ENSP00000370003	BCL2L1	BNIP3L	0.623
9606.ENSP00000365230	9606.ENSP00000378699	BCL2L1	CDK1	0.802
9606.ENSP00000365230	9606.ENSP00000451828	BCL2L1	AKT1	0.814
9606.ENSP00000365230	9606.ENSP00000460475	BCL2L1	NLRP1	0.963
9606.ENSP00000365230	9606.ENSP00000378487	BCL2L1	VDAC1	0.996
9606.ENSP00000365230	9606.ENSP00000381185	BCL2L1	BCL2	0.999
9606.ENSP00000365435	9606.ENSP00000451291	TNFRSF1B	HNRNPC	0.174
9606.ENSP00000365435	9606.ENSP00000385675	TNFRSF1B	IL6	0.307
9606.ENSP00000365435	9606.ENSP00000433623	TNFRSF1B	TRAF6	0.49
9606.ENSP00000365435	9606.ENSP00000465500	TNFRSF1B	TNFRSF11A	0.716
9606.ENSP00000365435	9606.ENSP00000376500	TNFRSF1B	TRAF3	0.896
9606.ENSP00000365435	9606.ENSP00000398698	TNFRSF1B	TNF	0.999
9606.ENSP00000365625	9606.ENSP00000369213	DHX16	DDX58	0.457
9606.ENSP00000365625	9606.ENSP00000395535	DHX16	MECP2	0.457
9606.ENSP00000365625	9606.ENSP00000401980	DHX16	MAVS	0.457
9606.ENSP00000368100	9606.ENSP00000375978	RAD50	XRCC5	0.373
9606.ENSP00000368100	9606.ENSP00000370745	RAD50	DDX1	0.457
9606.ENSP00000368100	9606.ENSP00000378067	RAD50	SLFN11	0.457
9606.ENSP00000368100	9606.ENSP00000371475	RAD50	TP53BP1	0.946
9606.ENSP00000368100	9606.ENSP00000434024	RAD50	H2AX	0.999
9606.ENSP00000368245	9606.ENSP00000370034	CXorf21	TLR7	0.195
9606.ENSP00000368245	9606.ENSP00000392025	CXorf21	CYLD	0.309
9606.ENSP00000368245	9606.ENSP00000418037	CXorf21	IRF5	0.5
9606.ENSP00000369213	9606.ENSP00000385428	DDX58	NLRC4	0.205
9606.ENSP00000369213	9606.ENSP00000377344	DDX58	DDX60	0.215
9606.ENSP00000369213	9606.ENSP00000369442	DDX58	KL	0.457
9606.ENSP00000369213	9606.ENSP00000383042	DDX58	KDM1A	0.457
9606.ENSP00000369213	9606.ENSP00000385610	DDX58	MEX3C	0.457
9606.ENSP00000369213	9606.ENSP00000395590	DDX58	IFI35	0.457
9606.ENSP00000369213	9606.ENSP00000417078	DDX58	DHX36	0.457
9606.ENSP00000369213	9606.ENSP00000484056	DDX58	ZCCHC3	0.457
9606.ENSP00000369213	9606.ENSP00000498476	DDX58	MAP1LC3B	0.457
9606.ENSP00000369213	9606.ENSP00000455308	DDX58	ZNF598	0.474
9606.ENSP00000369213	9606.ENSP00000392025	DDX58	CYLD	0.48
9606.ENSP00000369213	9606.ENSP00000430684	DDX58	IKBKB	0.5
9606.ENSP00000369213	9606.ENSP00000433623	DDX58	TRAF6	0.5
9606.ENSP00000369213	9606.ENSP00000380697	DDX58	IRF7	0.584
9606.ENSP00000369213	9606.ENSP00000377681	DDX58	G3BP1	0.594
9606.ENSP00000369213	9606.ENSP00000483825	DDX58	IKBKG	0.725
9606.ENSP00000369213	9606.ENSP00000464030	DDX58	IKBKE	0.734
9606.ENSP00000369213	9606.ENSP00000497271	DDX58	IFIH1	0.792
9606.ENSP00000369213	9606.ENSP00000379826	DDX58	TRIM40	0.812
9606.ENSP00000369213	9606.ENSP00000498596	DDX58	STING1	0.814
9606.ENSP00000369213	9606.ENSP00000483430	DDX58	IFI27	0.83
9606.ENSP00000369213	9606.ENSP00000376500	DDX58	TRAF3	0.837
9606.ENSP00000369213	9606.ENSP00000471896	DDX58	IRF3	0.896
9606.ENSP00000369213	9606.ENSP00000383044	DDX58	USP25	0.9
9606.ENSP00000369213	9606.ENSP00000496832	DDX58	ISG15	0.943
9606.ENSP00000369213	9606.ENSP00000374455	DDX58	SQSTM1	0.994
9606.ENSP00000369213	9606.ENSP00000401980	DDX58	MAVS	0.999
9606.ENSP00000369292	9606.ENSP00000433623	SAMD9	TRAF6	0.457
9606.ENSP00000369442	9606.ENSP00000480791	KL	FGF1	0.41
9606.ENSP00000369581	9606.ENSP00000401980	IFNB1	MAVS	0.15
9606.ENSP00000369581	9606.ENSP00000398698	IFNB1	TNF	0.163
9606.ENSP00000369581	9606.ENSP00000471896	IFNB1	IRF3	0.167
9606.ENSP00000369581	9606.ENSP00000370034	IFNB1	TLR7	0.2
9606.ENSP00000369581	9606.ENSP00000415139	IFNB1	TICAM2	0.202
9606.ENSP00000369581	9606.ENSP00000498321	IFNB1	MYD88	0.203
9606.ENSP00000369581	9606.ENSP00000464030	IFNB1	IKBKE	0.334
9606.ENSP00000369581	9606.ENSP00000433623	IFNB1	TRAF6	0.411
9606.ENSP00000369581	9606.ENSP00000376500	IFNB1	TRAF3	0.526
9606.ENSP00000369581	9606.ENSP00000496577	IFNB1	SOCS1	0.53
9606.ENSP00000369581	9606.ENSP00000499900	IFNB1	JAK1	0.584
9606.ENSP00000369915	9606.ENSP00000395535	NAP1L4	MECP2	0.457
9606.ENSP00000370003	9606.ENSP00000374455	BNIP3L	SQSTM1	0.457
9606.ENSP00000370003	9606.ENSP00000430684	BNIP3L	IKBKB	0.457
9606.ENSP00000370003	9606.ENSP00000389814	BNIP3L	ADIPOQ	0.745
9606.ENSP00000370003	9606.ENSP00000381185	BNIP3L	BCL2	0.927
9606.ENSP00000370003	9606.ENSP00000498476	BNIP3L	MAP1LC3B	0.965
9606.ENSP00000370034	9606.ENSP00000401980	TLR7	MAVS	0.182
9606.ENSP00000370034	9606.ENSP00000497271	TLR7	IFIH1	0.2
9606.ENSP00000370034	9606.ENSP00000376445	TLR7	TIRAP	0.476
9606.ENSP00000370034	9606.ENSP00000415139	TLR7	TICAM2	0.476
9606.ENSP00000370034	9606.ENSP00000380697	TLR7	IRF7	0.529
9606.ENSP00000370034	9606.ENSP00000433623	TLR7	TRAF6	0.532
9606.ENSP00000370034	9606.ENSP00000479889	TLR7	IRAK4	0.622
9606.ENSP00000370034	9606.ENSP00000498321	TLR7	MYD88	0.986
9606.ENSP00000370473	9606.ENSP00000497069	IGFBP3	IGF1R	0.492
9606.ENSP00000370473	9606.ENSP00000376637	IGFBP3	IGF1	0.999
9606.ENSP00000370698	9606.ENSP00000496577	IL6ST	SOCS1	0.206
9606.ENSP00000370698	9606.ENSP00000371958	IL6ST	CD9	0.457
9606.ENSP00000370698	9606.ENSP00000371067	IL6ST	JAK2	0.906
9606.ENSP00000370698	9606.ENSP00000450565	IL6ST	IL11RA	0.98
9606.ENSP00000370698	9606.ENSP00000385675	IL6ST	IL6	0.999
9606.ENSP00000370698	9606.ENSP00000499900	IL6ST	JAK1	0.999
9606.ENSP00000370745	9606.ENSP00000446271	DDX1	LSM14A	0.431
9606.ENSP00000370745	9606.ENSP00000377681	DDX1	G3BP1	0.457
9606.ENSP00000370745	9606.ENSP00000395535	DDX1	MECP2	0.457
9606.ENSP00000370745	9606.ENSP00000478754	DDX1	DDX6	0.518
9606.ENSP00000370745	9606.ENSP00000495360	DDX1	CTNNB1	0.559
9606.ENSP00000370745	9606.ENSP00000417078	DDX1	DHX36	0.823
9606.ENSP00000370812	9606.ENSP00000495360	ESM1	CTNNB1	0.457
9606.ENSP00000370842	9606.ENSP00000433623	IL33	TRAF6	0.5
9606.ENSP00000370842	9606.ENSP00000479889	IL33	IRAK4	0.622
9606.ENSP00000370842	9606.ENSP00000498321	IL33	MYD88	0.654
9606.ENSP00000370842	9606.ENSP00000433138	IL33	CASP1	0.802
9606.ENSP00000371067	9606.ENSP00000412237	JAK2	IL10	0.202
9606.ENSP00000371067	9606.ENSP00000483825	JAK2	IKBKG	0.249
9606.ENSP00000371067	9606.ENSP00000433623	JAK2	TRAF6	0.283
9606.ENSP00000371067	9606.ENSP00000495951	JAK2	KITLG	0.4
9606.ENSP00000371067	9606.ENSP00000451828	JAK2	AKT1	0.403
9606.ENSP00000371067	9606.ENSP00000377681	JAK2	G3BP1	0.456
9606.ENSP00000371067	9606.ENSP00000497069	JAK2	IGF1R	0.492
9606.ENSP00000371067	9606.ENSP00000385675	JAK2	IL6	0.635
9606.ENSP00000371067	9606.ENSP00000450565	JAK2	IL11RA	0.8
9606.ENSP00000371067	9606.ENSP00000499900	JAK2	JAK1	0.993
9606.ENSP00000371067	9606.ENSP00000384053	JAK2	CSF2RB	0.999
9606.ENSP00000371067	9606.ENSP00000483403	JAK2	GHR	0.999
9606.ENSP00000371067	9606.ENSP00000496577	JAK2	SOCS1	0.999
9606.ENSP00000371471	9606.ENSP00000433623	RSAD2	TRAF6	0.933
9606.ENSP00000371475	9606.ENSP00000372191	TP53BP1	SIRT3	0.35
9606.ENSP00000371475	9606.ENSP00000378067	TP53BP1	SLFN11	0.457
9606.ENSP00000371475	9606.ENSP00000375978	TP53BP1	XRCC5	0.549
9606.ENSP00000371475	9606.ENSP00000383042	TP53BP1	KDM1A	0.636
9606.ENSP00000371475	9606.ENSP00000384849	TP53BP1	CDKN1A	0.745
9606.ENSP00000371475	9606.ENSP00000416534	TP53BP1	DDX46	0.745
9606.ENSP00000371475	9606.ENSP00000378699	TP53BP1	CDK1	0.813
9606.ENSP00000371475	9606.ENSP00000391090	TP53BP1	CHEK1	0.895
9606.ENSP00000371475	9606.ENSP00000434024	TP53BP1	H2AX	0.999
9606.ENSP00000371958	9606.ENSP00000495360	CD9	CTNNB1	0.22
9606.ENSP00000371958	9606.ENSP00000415743	CD9	CD36	0.457
9606.ENSP00000371958	9606.ENSP00000385269	CD9	ELAVL1	0.497
9606.ENSP00000371958	9606.ENSP00000428184	CD9	SDCBP	0.604
9606.ENSP00000374455	9606.ENSP00000375873	SQSTM1	ATG16L1	0.408
9606.ENSP00000374455	9606.ENSP00000385269	SQSTM1	ELAVL1	0.457
9606.ENSP00000374455	9606.ENSP00000408411	SQSTM1	LAMP2	0.457
9606.ENSP00000374455	9606.ENSP00000498321	SQSTM1	MYD88	0.457
9606.ENSP00000374455	9606.ENSP00000498466	SQSTM1	FAS	0.457
9606.ENSP00000374455	9606.ENSP00000481570	SQSTM1	TNFAIP3	0.496
9606.ENSP00000374455	9606.ENSP00000386710	SQSTM1	ATG9A	0.517
9606.ENSP00000374455	9606.ENSP00000495360	SQSTM1	CTNNB1	0.527
9606.ENSP00000374455	9606.ENSP00000496832	SQSTM1	ISG15	0.552
9606.ENSP00000374455	9606.ENSP00000383042	SQSTM1	KDM1A	0.566
9606.ENSP00000374455	9606.ENSP00000378699	SQSTM1	CDK1	0.802
9606.ENSP00000374455	9606.ENSP00000381185	SQSTM1	BCL2	0.802
9606.ENSP00000374455	9606.ENSP00000497271	SQSTM1	IFIH1	0.802
9606.ENSP00000374455	9606.ENSP00000498587	SQSTM1	NOTCH1	0.802
9606.ENSP00000374455	9606.ENSP00000377681	SQSTM1	G3BP1	0.812
9606.ENSP00000374455	9606.ENSP00000384273	SQSTM1	RELA	0.833
9606.ENSP00000374455	9606.ENSP00000420617	SQSTM1	MFN1	0.906
9606.ENSP00000374455	9606.ENSP00000430684	SQSTM1	IKBKB	0.908
9606.ENSP00000374455	9606.ENSP00000401980	SQSTM1	MAVS	0.918
9606.ENSP00000374455	9606.ENSP00000415416	SQSTM1	TRIB3	0.918
9606.ENSP00000374455	9606.ENSP00000483825	SQSTM1	IKBKG	0.918
9606.ENSP00000374455	9606.ENSP00000378487	SQSTM1	VDAC1	0.943
9606.ENSP00000374455	9606.ENSP00000398523	SQSTM1	CALCOCO2	0.948
9606.ENSP00000374455	9606.ENSP00000471896	SQSTM1	IRF3	0.976
9606.ENSP00000374455	9606.ENSP00000379612	SQSTM1	TAX1BP1	0.979
9606.ENSP00000374455	9606.ENSP00000392025	SQSTM1	CYLD	0.982
9606.ENSP00000374455	9606.ENSP00000433623	SQSTM1	TRAF6	0.999
9606.ENSP00000374455	9606.ENSP00000498476	SQSTM1	MAP1LC3B	0.999
9606.ENSP00000375857	9606.ENSP00000455308	LRRFIP1	ZNF598	0.457
9606.ENSP00000375857	9606.ENSP00000498321	LRRFIP1	MYD88	0.457
9606.ENSP00000375857	9606.ENSP00000495360	LRRFIP1	CTNNB1	0.773
9606.ENSP00000375873	9606.ENSP00000398523	ATG16L1	CALCOCO2	0.39
9606.ENSP00000375873	9606.ENSP00000481570	ATG16L1	TNFAIP3	0.456
9606.ENSP00000375873	9606.ENSP00000394085	ATG16L1	JMJD6	0.457
9606.ENSP00000375873	9606.ENSP00000433138	ATG16L1	CASP1	0.457
9606.ENSP00000375873	9606.ENSP00000471239	ATG16L1	ZFP36	0.457
9606.ENSP00000375873	9606.ENSP00000383042	ATG16L1	KDM1A	0.491
9606.ENSP00000375873	9606.ENSP00000483825	ATG16L1	IKBKG	0.637
9606.ENSP00000375873	9606.ENSP00000498476	ATG16L1	MAP1LC3B	0.709
9606.ENSP00000375873	9606.ENSP00000385269	ATG16L1	ELAVL1	0.804
9606.ENSP00000375873	9606.ENSP00000386710	ATG16L1	ATG9A	0.83
9606.ENSP00000375978	9606.ENSP00000399888	XRCC5	HMGA1	0.211
9606.ENSP00000375978	9606.ENSP00000495360	XRCC5	CTNNB1	0.227
9606.ENSP00000375978	9606.ENSP00000380763	XRCC5	MORC2	0.457
9606.ENSP00000375978	9606.ENSP00000391090	XRCC5	CHEK1	0.457
9606.ENSP00000375978	9606.ENSP00000395535	XRCC5	MECP2	0.457
9606.ENSP00000375978	9606.ENSP00000451291	XRCC5	HNRNPC	0.457
9606.ENSP00000375978	9606.ENSP00000483825	XRCC5	IKBKG	0.457
9606.ENSP00000375978	9606.ENSP00000437621	XRCC5	HMGA2	0.607
9606.ENSP00000375978	9606.ENSP00000383042	XRCC5	KDM1A	0.72
9606.ENSP00000375978	9606.ENSP00000434024	XRCC5	H2AX	0.924
9606.ENSP00000376445	9606.ENSP00000493536	TIRAP	SAMHD1	0.206
9606.ENSP00000376445	9606.ENSP00000499900	TIRAP	JAK1	0.206
9606.ENSP00000376445	9606.ENSP00000483570	TIRAP	BTK	0.493
9606.ENSP00000376445	9606.ENSP00000415139	TIRAP	TICAM2	0.591
9606.ENSP00000376445	9606.ENSP00000496577	TIRAP	SOCS1	0.658
9606.ENSP00000376445	9606.ENSP00000433138	TIRAP	CASP1	0.802
9606.ENSP00000376445	9606.ENSP00000479889	TIRAP	IRAK4	0.908
9606.ENSP00000376445	9606.ENSP00000433623	TIRAP	TRAF6	0.985
9606.ENSP00000376445	9606.ENSP00000498321	TIRAP	MYD88	0.999
9606.ENSP00000376500	9606.ENSP00000416534	TRAF3	DDX46	0.211
9606.ENSP00000376500	9606.ENSP00000382342	TRAF3	ABCC1	0.338
9606.ENSP00000376500	9606.ENSP00000498466	TRAF3	FAS	0.456
9606.ENSP00000376500	9606.ENSP00000383044	TRAF3	USP25	0.457
9606.ENSP00000376500	9606.ENSP00000419371	TRAF3	AZI2	0.49
9606.ENSP00000376500	9606.ENSP00000420617	TRAF3	MFN1	0.491
9606.ENSP00000376500	9606.ENSP00000385519	TRAF3	CD14	0.5
9606.ENSP00000376500	9606.ENSP00000415139	TRAF3	TICAM2	0.546
9606.ENSP00000376500	9606.ENSP00000379612	TRAF3	TAX1BP1	0.552
9606.ENSP00000376500	9606.ENSP00000483825	TRAF3	IKBKG	0.592
9606.ENSP00000376500	9606.ENSP00000398523	TRAF3	CALCOCO2	0.604
9606.ENSP00000376500	9606.ENSP00000378517	TRAF3	SPP1	0.624
9606.ENSP00000376500	9606.ENSP00000497271	TRAF3	IFIH1	0.625
9606.ENSP00000376500	9606.ENSP00000479889	TRAF3	IRAK4	0.674
9606.ENSP00000376500	9606.ENSP00000380697	TRAF3	IRF7	0.724
9606.ENSP00000376500	9606.ENSP00000430684	TRAF3	IKBKB	0.903
9606.ENSP00000376500	9606.ENSP00000498596	TRAF3	STING1	0.918
9606.ENSP00000376500	9606.ENSP00000471896	TRAF3	IRF3	0.934
9606.ENSP00000376500	9606.ENSP00000498321	TRAF3	MYD88	0.939
9606.ENSP00000376500	9606.ENSP00000465500	TRAF3	TNFRSF11A	0.957
9606.ENSP00000376500	9606.ENSP00000433623	TRAF3	TRAF6	0.993
9606.ENSP00000376500	9606.ENSP00000379365	TRAF3	EDA2R	0.996
9606.ENSP00000376500	9606.ENSP00000398698	TRAF3	TNF	0.999
9606.ENSP00000376500	9606.ENSP00000401980	TRAF3	MAVS	0.999
9606.ENSP00000376500	9606.ENSP00000464030	TRAF3	IKBKE	0.999
9606.ENSP00000376637	9606.ENSP00000496577	IGF1	SOCS1	0.164
9606.ENSP00000376637	9606.ENSP00000483403	IGF1	GHR	0.198
9606.ENSP00000376637	9606.ENSP00000385675	IGF1	IL6	0.236
9606.ENSP00000376637	9606.ENSP00000451828	IGF1	AKT1	0.41
9606.ENSP00000376637	9606.ENSP00000404131	IGF1	TGFA	0.905
9606.ENSP00000376637	9606.ENSP00000497069	IGF1	IGF1R	0.999
9606.ENSP00000376849	9606.ENSP00000378935	CASP5	PPHLN1	0.457
9606.ENSP00000376849	9606.ENSP00000433209	CASP5	GSDMD	0.584
9606.ENSP00000376849	9606.ENSP00000385428	CASP5	NLRC4	0.72
9606.ENSP00000376849	9606.ENSP00000428657	CASP5	NAIP	0.72
9606.ENSP00000376849	9606.ENSP00000499211	CASP5	CARD8	0.737
9606.ENSP00000376849	9606.ENSP00000433138	CASP5	CASP1	0.964
9606.ENSP00000376849	9606.ENSP00000460475	CASP5	NLRP1	0.976
9606.ENSP00000376849	9606.ENSP00000388566	CASP5	CASP4	0.995
9606.ENSP00000377344	9606.ENSP00000497271	DDX60	IFIH1	0.199
9606.ENSP00000377681	9606.ENSP00000497271	G3BP1	IFIH1	0.172
9606.ENSP00000377681	9606.ENSP00000389351	G3BP1	RPSA	0.207
9606.ENSP00000377681	9606.ENSP00000481570	G3BP1	TNFAIP3	0.38
9606.ENSP00000377681	9606.ENSP00000483825	G3BP1	IKBKG	0.401
9606.ENSP00000377681	9606.ENSP00000378067	G3BP1	SLFN11	0.456
9606.ENSP00000377681	9606.ENSP00000385610	G3BP1	MEX3C	0.456
9606.ENSP00000377681	9606.ENSP00000394085	G3BP1	JMJD6	0.456
9606.ENSP00000377681	9606.ENSP00000428845	G3BP1	VDAC3	0.456
9606.ENSP00000377681	9606.ENSP00000398523	G3BP1	CALCOCO2	0.457
9606.ENSP00000377681	9606.ENSP00000399797	G3BP1	MOV10	0.457
9606.ENSP00000377681	9606.ENSP00000399888	G3BP1	HMGA1	0.457
9606.ENSP00000377681	9606.ENSP00000408411	G3BP1	LAMP2	0.457
9606.ENSP00000377681	9606.ENSP00000417078	G3BP1	DHX36	0.457
9606.ENSP00000377681	9606.ENSP00000433760	G3BP1	BANF1	0.457
9606.ENSP00000377681	9606.ENSP00000385269	G3BP1	ELAVL1	0.465
9606.ENSP00000377681	9606.ENSP00000448665	G3BP1	DDIT3	0.508
9606.ENSP00000377681	9606.ENSP00000495360	G3BP1	CTNNB1	0.584
9606.ENSP00000377681	9606.ENSP00000446271	G3BP1	LSM14A	0.723
9606.ENSP00000377681	9606.ENSP00000378699	G3BP1	CDK1	0.802
9606.ENSP00000377681	9606.ENSP00000406162	G3BP1	PRMT1	0.83
9606.ENSP00000377681	9606.ENSP00000478754	G3BP1	DDX6	0.968
9606.ENSP00000377845	9606.ENSP00000471239	ASNS	ZFP36	0.5
9606.ENSP00000378067	9606.ENSP00000399797	SLFN11	MOV10	0.457
9606.ENSP00000378067	9606.ENSP00000399888	SLFN11	HMGA1	0.457
9606.ENSP00000378067	9606.ENSP00000417078	SLFN11	DHX36	0.457
9606.ENSP00000378067	9606.ENSP00000418194	SLFN11	PARP14	0.457
9606.ENSP00000378067	9606.ENSP00000478754	SLFN11	DDX6	0.457
9606.ENSP00000378118	9606.ENSP00000378365	CCL8	CCL26	0.999
9606.ENSP00000378118	9606.ENSP00000427279	CCL8	CXCL2	0.999
9606.ENSP00000378118	9606.ENSP00000474412	CCL8	CCL5	0.999
9606.ENSP00000378365	9606.ENSP00000379140	CCL26	CXCL12	0.999
9606.ENSP00000378365	9606.ENSP00000474412	CCL26	CCL5	0.999
9606.ENSP00000378487	9606.ENSP00000382342	VDAC1	ABCC1	0.179
9606.ENSP00000378487	9606.ENSP00000398523	VDAC1	CALCOCO2	0.207
9606.ENSP00000378487	9606.ENSP00000497069	VDAC1	IGF1R	0.207
9606.ENSP00000378487	9606.ENSP00000378699	VDAC1	CDK1	0.456
9606.ENSP00000378487	9606.ENSP00000395535	VDAC1	MECP2	0.457
9606.ENSP00000378487	9606.ENSP00000455308	VDAC1	ZNF598	0.457
9606.ENSP00000378487	9606.ENSP00000386710	VDAC1	ATG9A	0.5
9606.ENSP00000378487	9606.ENSP00000498476	VDAC1	MAP1LC3B	0.5
9606.ENSP00000378487	9606.ENSP00000430684	VDAC1	IKBKB	0.564
9606.ENSP00000378487	9606.ENSP00000381185	VDAC1	BCL2	0.969
9606.ENSP00000378487	9606.ENSP00000428845	VDAC1	VDAC3	0.999
9606.ENSP00000378517	9606.ENSP00000498466	SPP1	FAS	0.193
9606.ENSP00000378517	9606.ENSP00000379140	SPP1	CXCL12	0.285
9606.ENSP00000378699	9606.ENSP00000391090	CDK1	CHEK1	0.299
9606.ENSP00000378699	9606.ENSP00000495360	CDK1	CTNNB1	0.457
9606.ENSP00000378699	9606.ENSP00000498476	CDK1	MAP1LC3B	0.457
9606.ENSP00000378699	9606.ENSP00000451828	CDK1	AKT1	0.486
9606.ENSP00000378699	9606.ENSP00000399888	CDK1	HMGA1	0.918
9606.ENSP00000378699	9606.ENSP00000381185	CDK1	BCL2	0.922
9606.ENSP00000378699	9606.ENSP00000493536	CDK1	SAMHD1	0.976
9606.ENSP00000378699	9606.ENSP00000384849	CDK1	CDKN1A	0.999
9606.ENSP00000378935	9606.ENSP00000385269	PPHLN1	ELAVL1	0.184
9606.ENSP00000378935	9606.ENSP00000451291	PPHLN1	HNRNPC	0.275
9606.ENSP00000378935	9606.ENSP00000434024	PPHLN1	H2AX	0.5
9606.ENSP00000378935	9606.ENSP00000380763	PPHLN1	MORC2	0.526
9606.ENSP00000378935	9606.ENSP00000440440	PPHLN1	ATF7IP	0.531
9606.ENSP00000379097	9606.ENSP00000404131	AREG	TGFA	0.4
9606.ENSP00000379110	9606.ENSP00000398698	CXCL1	TNF	0.17
9606.ENSP00000379110	9606.ENSP00000474412	CXCL1	CCL5	0.187
9606.ENSP00000379110	9606.ENSP00000477908	CXCL1	CCL3	0.189
9606.ENSP00000379110	9606.ENSP00000385675	CXCL1	IL6	0.331
9606.ENSP00000379110	9606.ENSP00000427279	CXCL1	CXCL2	0.991
9606.ENSP00000379140	9606.ENSP00000482259	CXCL12	CCL4	0.166
9606.ENSP00000379140	9606.ENSP00000477908	CXCL12	CCL3	0.199
9606.ENSP00000379140	9606.ENSP00000497069	CXCL12	IGF1R	0.206
9606.ENSP00000379140	9606.ENSP00000495951	CXCL12	KITLG	0.212
9606.ENSP00000379140	9606.ENSP00000427279	CXCL12	CXCL2	0.999
9606.ENSP00000379140	9606.ENSP00000474412	CXCL12	CCL5	0.999
9606.ENSP00000379365	9606.ENSP00000433623	EDA2R	TRAF6	0.999
9606.ENSP00000379612	9606.ENSP00000401980	TAX1BP1	MAVS	0.457
9606.ENSP00000379612	9606.ENSP00000408411	TAX1BP1	LAMP2	0.457
9606.ENSP00000379612	9606.ENSP00000464030	TAX1BP1	IKBKE	0.721
9606.ENSP00000379612	9606.ENSP00000419371	TAX1BP1	AZI2	0.9
9606.ENSP00000379612	9606.ENSP00000420617	TAX1BP1	MFN1	0.9
9606.ENSP00000379612	9606.ENSP00000398698	TAX1BP1	TNF	0.939
9606.ENSP00000379612	9606.ENSP00000433623	TAX1BP1	TRAF6	0.955
9606.ENSP00000379612	9606.ENSP00000398523	TAX1BP1	CALCOCO2	0.98
9606.ENSP00000379612	9606.ENSP00000498476	TAX1BP1	MAP1LC3B	0.98
9606.ENSP00000379612	9606.ENSP00000481570	TAX1BP1	TNFAIP3	0.999
9606.ENSP00000379826	9606.ENSP00000401980	TRIM40	MAVS	0.457
9606.ENSP00000379826	9606.ENSP00000497271	TRIM40	IFIH1	0.487
9606.ENSP00000379826	9606.ENSP00000430684	TRIM40	IKBKB	0.943
9606.ENSP00000379826	9606.ENSP00000483825	TRIM40	IKBKG	0.943
9606.ENSP00000380073	9606.ENSP00000380697	IRF9	IRF7	0.277
9606.ENSP00000380073	9606.ENSP00000384273	IRF9	RELA	0.49
9606.ENSP00000380073	9606.ENSP00000499900	IRF9	JAK1	0.58
9606.ENSP00000380150	9606.ENSP00000451828	CARD11	AKT1	0.457
9606.ENSP00000380150	9606.ENSP00000481570	CARD11	TNFAIP3	0.557
9606.ENSP00000380150	9606.ENSP00000430684	CARD11	IKBKB	0.586
9606.ENSP00000380150	9606.ENSP00000433623	CARD11	TRAF6	0.832
9606.ENSP00000380150	9606.ENSP00000483825	CARD11	IKBKG	0.967
9606.ENSP00000380697	9606.ENSP00000418037	IRF7	IRF5	0.186
9606.ENSP00000380697	9606.ENSP00000399888	IRF7	HMGA1	0.207
9606.ENSP00000380697	9606.ENSP00000418915	IRF7	CDKN2A	0.457
9606.ENSP00000380697	9606.ENSP00000481570	IRF7	TNFAIP3	0.457
9606.ENSP00000380697	9606.ENSP00000496577	IRF7	SOCS1	0.457
9606.ENSP00000380697	9606.ENSP00000385519	IRF7	CD14	0.5
9606.ENSP00000380697	9606.ENSP00000415139	IRF7	TICAM2	0.5
9606.ENSP00000380697	9606.ENSP00000497271	IRF7	IFIH1	0.526
9606.ENSP00000380697	9606.ENSP00000479889	IRF7	IRAK4	0.611
9606.ENSP00000380697	9606.ENSP00000401980	IRF7	MAVS	0.733
9606.ENSP00000380697	9606.ENSP00000498321	IRF7	MYD88	0.966
9606.ENSP00000380697	9606.ENSP00000464030	IRF7	IKBKE	0.98
9606.ENSP00000380697	9606.ENSP00000471896	IRF7	IRF3	0.992
9606.ENSP00000380697	9606.ENSP00000433623	IRF7	TRAF6	0.999
9606.ENSP00000380763	9606.ENSP00000440440	MORC2	ATF7IP	0.5
9606.ENSP00000380763	9606.ENSP00000434024	MORC2	H2AX	0.661
9606.ENSP00000381185	9606.ENSP00000398698	BCL2	TNF	0.17
9606.ENSP00000381185	9606.ENSP00000495360	BCL2	CTNNB1	0.192
9606.ENSP00000381185	9606.ENSP00000428845	BCL2	VDAC3	0.376
9606.ENSP00000381185	9606.ENSP00000451828	BCL2	AKT1	0.398
9606.ENSP00000381185	9606.ENSP00000430684	BCL2	IKBKB	0.457
9606.ENSP00000381185	9606.ENSP00000483825	BCL2	IKBKG	0.457
9606.ENSP00000381185	9606.ENSP00000384273	BCL2	RELA	0.488
9606.ENSP00000381185	9606.ENSP00000460475	BCL2	NLRP1	0.957
9606.ENSP00000381601	9606.ENSP00000384273	MX1	RELA	0.374
9606.ENSP00000381601	9606.ENSP00000496832	MX1	ISG15	0.576
9606.ENSP00000382342	9606.ENSP00000498596	ABCC1	STING1	0.208
9606.ENSP00000382342	9606.ENSP00000495360	ABCC1	CTNNB1	0.415
9606.ENSP00000382342	9606.ENSP00000428845	ABCC1	VDAC3	0.667
9606.ENSP00000383042	9606.ENSP00000384273	KDM1A	RELA	0.167
9606.ENSP00000383042	9606.ENSP00000384849	KDM1A	CDKN1A	0.35
9606.ENSP00000383042	9606.ENSP00000498587	KDM1A	NOTCH1	0.456
9606.ENSP00000383042	9606.ENSP00000406162	KDM1A	PRMT1	0.457
9606.ENSP00000383042	9606.ENSP00000455308	KDM1A	ZNF598	0.457
9606.ENSP00000383042	9606.ENSP00000434024	KDM1A	H2AX	0.5
9606.ENSP00000383042	9606.ENSP00000480791	KDM1A	FGF1	0.605
9606.ENSP00000383042	9606.ENSP00000495360	KDM1A	CTNNB1	0.836
9606.ENSP00000383044	9606.ENSP00000433623	USP25	TRAF6	0.456
9606.ENSP00000383044	9606.ENSP00000401980	USP25	MAVS	0.457
9606.ENSP00000384053	9606.ENSP00000430684	CSF2RB	IKBKB	0.374
9606.ENSP00000384053	9606.ENSP00000451828	CSF2RB	AKT1	0.456
9606.ENSP00000384053	9606.ENSP00000496577	CSF2RB	SOCS1	0.633
9606.ENSP00000384053	9606.ENSP00000499900	CSF2RB	JAK1	0.918
9606.ENSP00000384273	9606.ENSP00000471896	RELA	IRF3	0.21
9606.ENSP00000384273	9606.ENSP00000451828	RELA	AKT1	0.294
9606.ENSP00000384273	9606.ENSP00000385675	RELA	IL6	0.456
9606.ENSP00000384273	9606.ENSP00000427279	RELA	CXCL2	0.456
9606.ENSP00000384273	9606.ENSP00000433760	RELA	BANF1	0.456
9606.ENSP00000384273	9606.ENSP00000437621	RELA	HMGA2	0.456
9606.ENSP00000384273	9606.ENSP00000481570	RELA	TNFAIP3	0.456
9606.ENSP00000384273	9606.ENSP00000391090	RELA	CHEK1	0.457
9606.ENSP00000384273	9606.ENSP00000406162	RELA	PRMT1	0.457
9606.ENSP00000384273	9606.ENSP00000415416	RELA	TRIB3	0.457
9606.ENSP00000384273	9606.ENSP00000464030	RELA	IKBKE	0.457
9606.ENSP00000384273	9606.ENSP00000478927	RELA	YAP1	0.457
9606.ENSP00000384273	9606.ENSP00000497069	RELA	IGF1R	0.457
9606.ENSP00000384273	9606.ENSP00000498466	RELA	FAS	0.457
9606.ENSP00000384273	9606.ENSP00000433623	RELA	TRAF6	0.5
9606.ENSP00000384273	9606.ENSP00000418915	RELA	CDKN2A	0.55
9606.ENSP00000384273	9606.ENSP00000406549	RELA	TAF1	0.583
9606.ENSP00000384273	9606.ENSP00000384849	RELA	CDKN1A	0.802
9606.ENSP00000384273	9606.ENSP00000418037	RELA	IRF5	0.802
9606.ENSP00000384273	9606.ENSP00000498587	RELA	NOTCH1	0.802
9606.ENSP00000384273	9606.ENSP00000479667	RELA	RPS6KA5	0.849
9606.ENSP00000384273	9606.ENSP00000495360	RELA	CTNNB1	0.886
9606.ENSP00000384273	9606.ENSP00000496577	RELA	SOCS1	0.954
9606.ENSP00000384273	9606.ENSP00000483825	RELA	IKBKG	0.971
9606.ENSP00000384273	9606.ENSP00000398698	RELA	TNF	0.99
9606.ENSP00000384273	9606.ENSP00000430684	RELA	IKBKB	0.999
9606.ENSP00000384359	9606.ENSP00000415416	APOBEC3A	TRIB3	0.491
9606.ENSP00000384849	9606.ENSP00000418915	CDKN1A	CDKN2A	0.188
9606.ENSP00000384849	9606.ENSP00000483825	CDKN1A	IKBKG	0.374
9606.ENSP00000384849	9606.ENSP00000385269	CDKN1A	ELAVL1	0.457
9606.ENSP00000384849	9606.ENSP00000391090	CDKN1A	CHEK1	0.457
9606.ENSP00000384849	9606.ENSP00000433102	CDKN1A	TRIM3	0.457
9606.ENSP00000384849	9606.ENSP00000451828	CDKN1A	AKT1	0.993
9606.ENSP00000384906	9606.ENSP00000497642	SAA1	LPL	0.36
9606.ENSP00000384906	9606.ENSP00000436126	SAA1	SAA2	0.925
9606.ENSP00000385269	9606.ENSP00000406162	ELAVL1	PRMT1	0.169
9606.ENSP00000385269	9606.ENSP00000399797	ELAVL1	MOV10	0.18
9606.ENSP00000385269	9606.ENSP00000434024	ELAVL1	H2AX	0.456
9606.ENSP00000385269	9606.ENSP00000451828	ELAVL1	AKT1	0.457
9606.ENSP00000385269	9606.ENSP00000481570	ELAVL1	TNFAIP3	0.457
9606.ENSP00000385269	9606.ENSP00000395535	ELAVL1	MECP2	0.465
9606.ENSP00000385269	9606.ENSP00000398698	ELAVL1	TNF	0.492
9606.ENSP00000385269	9606.ENSP00000495360	ELAVL1	CTNNB1	0.586
9606.ENSP00000385269	9606.ENSP00000478754	ELAVL1	DDX6	0.596
9606.ENSP00000385269	9606.ENSP00000451291	ELAVL1	HNRNPC	0.8
9606.ENSP00000385428	9606.ENSP00000389351	NLRC4	RPSA	0.391
9606.ENSP00000385428	9606.ENSP00000433209	NLRC4	GSDMD	0.54
9606.ENSP00000385428	9606.ENSP00000388566	NLRC4	CASP4	0.568
9606.ENSP00000385428	9606.ENSP00000499211	NLRC4	CARD8	0.737
9606.ENSP00000385428	9606.ENSP00000460475	NLRC4	NLRP1	0.968
9606.ENSP00000385428	9606.ENSP00000428657	NLRC4	NAIP	0.997
9606.ENSP00000385428	9606.ENSP00000433138	NLRC4	CASP1	0.999
9606.ENSP00000385519	9606.ENSP00000406549	CD14	TAF1	0.226
9606.ENSP00000385519	9606.ENSP00000428572	CD14	LY6E	0.457
9606.ENSP00000385519	9606.ENSP00000415139	CD14	TICAM2	0.5
9606.ENSP00000385519	9606.ENSP00000430684	CD14	IKBKB	0.5
9606.ENSP00000385519	9606.ENSP00000433623	CD14	TRAF6	0.5
9606.ENSP00000385519	9606.ENSP00000464030	CD14	IKBKE	0.5
9606.ENSP00000385519	9606.ENSP00000471896	CD14	IRF3	0.5
9606.ENSP00000385519	9606.ENSP00000483825	CD14	IKBKG	0.5
9606.ENSP00000385610	9606.ENSP00000389351	MEX3C	RPSA	0.456
9606.ENSP00000385610	9606.ENSP00000465759	MEX3C	POLRMT	0.457
9606.ENSP00000385675	9606.ENSP00000498321	IL6	MYD88	0.171
9606.ENSP00000385675	9606.ENSP00000433138	IL6	CASP1	0.185
9606.ENSP00000385675	9606.ENSP00000481570	IL6	TNFAIP3	0.278
9606.ENSP00000385675	9606.ENSP00000398698	IL6	TNF	0.328
9606.ENSP00000385675	9606.ENSP00000499900	IL6	JAK1	0.717
9606.ENSP00000386710	9606.ENSP00000398523	ATG9A	CALCOCO2	0.163
9606.ENSP00000386710	9606.ENSP00000409555	ATG9A	HERPUD1	0.218
9606.ENSP00000386710	9606.ENSP00000498476	ATG9A	MAP1LC3B	0.219
9606.ENSP00000386710	9606.ENSP00000420617	ATG9A	MFN1	0.5
9606.ENSP00000386710	9606.ENSP00000428845	ATG9A	VDAC3	0.5
9606.ENSP00000387050	9606.ENSP00000395535	PLD3	MECP2	0.457
9606.ENSP00000387050	9606.ENSP00000438677	PLD3	PLD4	0.9
9606.ENSP00000387211	9606.ENSP00000498321	IL18R1	MYD88	0.316
9606.ENSP00000388566	9606.ENSP00000433623	CASP4	TRAF6	0.457
9606.ENSP00000388566	9606.ENSP00000428657	CASP4	NAIP	0.54
9606.ENSP00000388566	9606.ENSP00000499211	CASP4	CARD8	0.54
9606.ENSP00000388566	9606.ENSP00000460475	CASP4	NLRP1	0.9
9606.ENSP00000388566	9606.ENSP00000433138	CASP4	CASP1	0.94
9606.ENSP00000388566	9606.ENSP00000433209	CASP4	GSDMD	0.963
9606.ENSP00000389351	9606.ENSP00000395590	RPSA	IFI35	0.254
9606.ENSP00000389351	9606.ENSP00000478754	RPSA	DDX6	0.3
9606.ENSP00000389351	9606.ENSP00000415416	RPSA	TRIB3	0.374
9606.ENSP00000389351	9606.ENSP00000395535	RPSA	MECP2	0.457
9606.ENSP00000389351	9606.ENSP00000495360	RPSA	CTNNB1	0.559
9606.ENSP00000389814	9606.ENSP00000398698	ADIPOQ	TNF	0.242
9606.ENSP00000391090	9606.ENSP00000451828	CHEK1	AKT1	0.461
9606.ENSP00000391090	9606.ENSP00000495951	CHEK1	KITLG	0.5
9606.ENSP00000392025	9606.ENSP00000451828	CYLD	AKT1	0.457
9606.ENSP00000392025	9606.ENSP00000495360	CYLD	CTNNB1	0.457
9606.ENSP00000392025	9606.ENSP00000498321	CYLD	MYD88	0.457
9606.ENSP00000392025	9606.ENSP00000498596	CYLD	STING1	0.457
9606.ENSP00000392025	9606.ENSP00000430684	CYLD	IKBKB	0.5
9606.ENSP00000392025	9606.ENSP00000401980	CYLD	MAVS	0.802
9606.ENSP00000392025	9606.ENSP00000464030	CYLD	IKBKE	0.959
9606.ENSP00000392025	9606.ENSP00000433623	CYLD	TRAF6	0.992
9606.ENSP00000392025	9606.ENSP00000398698	CYLD	TNF	0.999
9606.ENSP00000392025	9606.ENSP00000483825	CYLD	IKBKG	0.999
9606.ENSP00000394085	9606.ENSP00000416534	JMJD6	DDX46	0.232
9606.ENSP00000394085	9606.ENSP00000399888	JMJD6	HMGA1	0.457
9606.ENSP00000394085	9606.ENSP00000471896	JMJD6	IRF3	0.457
9606.ENSP00000395294	9606.ENSP00000451828	CD70	AKT1	0.258
9606.ENSP00000395294	9606.ENSP00000398698	CD70	TNF	0.28
9606.ENSP00000395535	9606.ENSP00000400646	MECP2	PNPT1	0.457
9606.ENSP00000395535	9606.ENSP00000406162	MECP2	PRMT1	0.457
9606.ENSP00000395535	9606.ENSP00000416534	MECP2	DDX46	0.457
9606.ENSP00000395535	9606.ENSP00000417078	MECP2	DHX36	0.457
9606.ENSP00000395535	9606.ENSP00000420588	MECP2	TFAM	0.457
9606.ENSP00000395535	9606.ENSP00000428845	MECP2	VDAC3	0.457
9606.ENSP00000395535	9606.ENSP00000437621	MECP2	HMGA2	0.457
9606.ENSP00000395535	9606.ENSP00000451291	MECP2	HNRNPC	0.457
9606.ENSP00000395535	9606.ENSP00000478754	MECP2	DDX6	0.457
9606.ENSP00000395535	9606.ENSP00000479889	MECP2	IRAK4	0.457
9606.ENSP00000395535	9606.ENSP00000399888	MECP2	HMGA1	0.7
9606.ENSP00000395590	9606.ENSP00000497271	IFI35	IFIH1	0.457
9606.ENSP00000396954	9606.ENSP00000415416	ATF5	TRIB3	0.786
9606.ENSP00000398523	9606.ENSP00000398698	CALCOCO2	TNF	0.457
9606.ENSP00000398523	9606.ENSP00000464030	CALCOCO2	IKBKE	0.457
9606.ENSP00000398523	9606.ENSP00000433623	CALCOCO2	TRAF6	0.574
9606.ENSP00000398523	9606.ENSP00000481570	CALCOCO2	TNFAIP3	0.604
9606.ENSP00000398523	9606.ENSP00000483825	CALCOCO2	IKBKG	0.671
9606.ENSP00000398523	9606.ENSP00000430684	CALCOCO2	IKBKB	0.802
9606.ENSP00000398523	9606.ENSP00000420617	CALCOCO2	MFN1	0.9
9606.ENSP00000398523	9606.ENSP00000401980	CALCOCO2	MAVS	0.918
9606.ENSP00000398523	9606.ENSP00000471896	CALCOCO2	IRF3	0.918
9606.ENSP00000398523	9606.ENSP00000498476	CALCOCO2	MAP1LC3B	0.989
9606.ENSP00000398523	9606.ENSP00000419371	CALCOCO2	AZI2	0.999
9606.ENSP00000398698	9606.ENSP00000498587	TNF	NOTCH1	0.205
9606.ENSP00000398698	9606.ENSP00000474412	TNF	CCL5	0.248
9606.ENSP00000398698	9606.ENSP00000451828	TNF	AKT1	0.298
9606.ENSP00000398698	9606.ENSP00000418037	TNF	IRF5	0.456
9606.ENSP00000398698	9606.ENSP00000408411	TNF	LAMP2	0.457
9606.ENSP00000398698	9606.ENSP00000433760	TNF	BANF1	0.524
9606.ENSP00000398698	9606.ENSP00000465500	TNF	TNFRSF11A	0.53
9606.ENSP00000398698	9606.ENSP00000499900	TNF	JAK1	0.796
9606.ENSP00000398698	9606.ENSP00000471239	TNF	ZFP36	0.808
9606.ENSP00000398698	9606.ENSP00000498466	TNF	FAS	0.82
9606.ENSP00000398698	9606.ENSP00000419371	TNF	AZI2	0.999
9606.ENSP00000398698	9606.ENSP00000430684	TNF	IKBKB	0.999
9606.ENSP00000398698	9606.ENSP00000433623	TNF	TRAF6	0.999
9606.ENSP00000398698	9606.ENSP00000464030	TNF	IKBKE	0.999
9606.ENSP00000398698	9606.ENSP00000481570	TNF	TNFAIP3	0.999
9606.ENSP00000398698	9606.ENSP00000483825	TNF	IKBKG	0.999
9606.ENSP00000399518	9606.ENSP00000495360	SATB1	CTNNB1	0.496
9606.ENSP00000399797	9606.ENSP00000416534	MOV10	DDX46	0.156
9606.ENSP00000399797	9606.ENSP00000455308	MOV10	ZNF598	0.169
9606.ENSP00000399797	9606.ENSP00000446271	MOV10	LSM14A	0.193
9606.ENSP00000399797	9606.ENSP00000417078	MOV10	DHX36	0.21
9606.ENSP00000399797	9606.ENSP00000406162	MOV10	PRMT1	0.216
9606.ENSP00000399797	9606.ENSP00000484056	MOV10	ZCCHC3	0.293
9606.ENSP00000399797	9606.ENSP00000451291	MOV10	HNRNPC	0.296
9606.ENSP00000399797	9606.ENSP00000464030	MOV10	IKBKE	0.476
9606.ENSP00000399797	9606.ENSP00000478754	MOV10	DDX6	0.725
9606.ENSP00000399888	9606.ENSP00000434024	HMGA1	H2AX	0.236
9606.ENSP00000399888	9606.ENSP00000451828	HMGA1	AKT1	0.242
9606.ENSP00000399888	9606.ENSP00000433760	HMGA1	BANF1	0.788
9606.ENSP00000399888	9606.ENSP00000437621	HMGA1	HMGA2	0.961
9606.ENSP00000400533	9606.ENSP00000474412	CCL24	CCL5	0.999
9606.ENSP00000400646	9606.ENSP00000471239	PNPT1	ZFP36	0.72
9606.ENSP00000401980	9606.ENSP00000418037	MAVS	IRF5	0.186
9606.ENSP00000401980	9606.ENSP00000416534	MAVS	DDX46	0.286
9606.ENSP00000401980	9606.ENSP00000490935	MAVS	IFIT2	0.456
9606.ENSP00000401980	9606.ENSP00000496832	MAVS	ISG15	0.456
9606.ENSP00000401980	9606.ENSP00000430684	MAVS	IKBKB	0.975
9606.ENSP00000401980	9606.ENSP00000420617	MAVS	MFN1	0.979
9606.ENSP00000401980	9606.ENSP00000483825	MAVS	IKBKG	0.99
9606.ENSP00000401980	9606.ENSP00000433623	MAVS	TRAF6	0.999
9606.ENSP00000401980	9606.ENSP00000464030	MAVS	IKBKE	0.999
9606.ENSP00000401980	9606.ENSP00000471896	MAVS	IRF3	0.999
9606.ENSP00000401980	9606.ENSP00000497271	MAVS	IFIH1	0.999
9606.ENSP00000401980	9606.ENSP00000498596	MAVS	STING1	0.999
9606.ENSP00000404131	9606.ENSP00000497069	TGFA	IGF1R	0.207
9606.ENSP00000406162	9606.ENSP00000437621	PRMT1	HMGA2	0.457
9606.ENSP00000406162	9606.ENSP00000446271	PRMT1	LSM14A	0.925
9606.ENSP00000406549	9606.ENSP00000498587	TAF1	NOTCH1	0.35
9606.ENSP00000406549	9606.ENSP00000418915	TAF1	CDKN2A	0.654
9606.ENSP00000408411	9606.ENSP00000499900	LAMP2	JAK1	0.236
9606.ENSP00000408411	9606.ENSP00000498476	LAMP2	MAP1LC3B	0.35
9606.ENSP00000408411	9606.ENSP00000455308	LAMP2	ZNF598	0.457
9606.ENSP00000411848	9606.ENSP00000497910	MARCHF8	B2M	0.457
9606.ENSP00000411848	9606.ENSP00000498466	MARCHF8	FAS	0.457
9606.ENSP00000412237	9606.ENSP00000499900	IL10	JAK1	0.659
9606.ENSP00000415139	9606.ENSP00000464030	TICAM2	IKBKE	0.5
9606.ENSP00000415139	9606.ENSP00000471896	TICAM2	IRF3	0.5
9606.ENSP00000415139	9606.ENSP00000483825	TICAM2	IKBKG	0.5
9606.ENSP00000415139	9606.ENSP00000430684	TICAM2	IKBKB	0.503
9606.ENSP00000415139	9606.ENSP00000433623	TICAM2	TRAF6	0.902
9606.ENSP00000415416	9606.ENSP00000433623	TRIB3	TRAF6	0.457
9606.ENSP00000415416	9606.ENSP00000481570	TRIB3	TNFAIP3	0.457
9606.ENSP00000415416	9606.ENSP00000448665	TRIB3	DDIT3	0.551
9606.ENSP00000415416	9606.ENSP00000495360	TRIB3	CTNNB1	0.595
9606.ENSP00000415416	9606.ENSP00000451828	TRIB3	AKT1	0.992
9606.ENSP00000416534	9606.ENSP00000433623	DDX46	TRAF6	0.283
9606.ENSP00000417078	9606.ENSP00000451291	DHX36	HNRNPC	0.161
9606.ENSP00000417078	9606.ENSP00000471239	DHX36	ZFP36	0.374
9606.ENSP00000417078	9606.ENSP00000498321	DHX36	MYD88	0.865
9606.ENSP00000418037	9606.ENSP00000471896	IRF5	IRF3	0.456
9606.ENSP00000418037	9606.ENSP00000498321	IRF5	MYD88	0.752
9606.ENSP00000418037	9606.ENSP00000433623	IRF5	TRAF6	0.867
9606.ENSP00000418194	9606.ENSP00000483825	PARP14	IKBKG	0.457
9606.ENSP00000418915	9606.ENSP00000430684	CDKN2A	IKBKB	0.457
9606.ENSP00000418915	9606.ENSP00000451828	CDKN2A	AKT1	0.558
9606.ENSP00000419371	9606.ENSP00000481570	AZI2	TNFAIP3	0.153
9606.ENSP00000419371	9606.ENSP00000464030	AZI2	IKBKE	0.913
9606.ENSP00000419465	9606.ENSP00000451828	WWTR1	AKT1	0.15
9606.ENSP00000419465	9606.ENSP00000495360	WWTR1	CTNNB1	0.802
9606.ENSP00000419465	9606.ENSP00000478927	WWTR1	YAP1	0.978
9606.ENSP00000420588	9606.ENSP00000465759	TFAM	POLRMT	0.986
9606.ENSP00000420617	9606.ENSP00000498476	MFN1	MAP1LC3B	0.5
9606.ENSP00000427279	9606.ENSP00000474412	CXCL2	CCL5	0.999
9606.ENSP00000428184	9606.ENSP00000433623	SDCBP	TRAF6	0.457
9606.ENSP00000428184	9606.ENSP00000478927	SDCBP	YAP1	0.457
9606.ENSP00000428657	9606.ENSP00000498321	NAIP	MYD88	0.159
9606.ENSP00000428657	9606.ENSP00000433209	NAIP	GSDMD	0.54
9606.ENSP00000428657	9606.ENSP00000499211	NAIP	CARD8	0.72
9606.ENSP00000428657	9606.ENSP00000460475	NAIP	NLRP1	0.807
9606.ENSP00000428657	9606.ENSP00000433138	NAIP	CASP1	0.99
9606.ENSP00000428845	9606.ENSP00000451291	VDAC3	HNRNPC	0.204
9606.ENSP00000428845	9606.ENSP00000446271	VDAC3	LSM14A	0.211
9606.ENSP00000428845	9606.ENSP00000455308	VDAC3	ZNF598	0.457
9606.ENSP00000428845	9606.ENSP00000498362	VDAC3	PQBP1	0.459
9606.ENSP00000428845	9606.ENSP00000498476	VDAC3	MAP1LC3B	0.5
9606.ENSP00000430684	9606.ENSP00000493536	IKBKB	SAMHD1	0.457
9606.ENSP00000430684	9606.ENSP00000498596	IKBKB	STING1	0.459
9606.ENSP00000430684	9606.ENSP00000497271	IKBKB	IFIH1	0.5
9606.ENSP00000430684	9606.ENSP00000471896	IKBKB	IRF3	0.564
9606.ENSP00000430684	9606.ENSP00000498321	IKBKB	MYD88	0.592
9606.ENSP00000430684	9606.ENSP00000464030	IKBKB	IKBKE	0.876
9606.ENSP00000430684	9606.ENSP00000481570	IKBKB	TNFAIP3	0.918
9606.ENSP00000430684	9606.ENSP00000495360	IKBKB	CTNNB1	0.948
9606.ENSP00000430684	9606.ENSP00000451828	IKBKB	AKT1	0.993
9606.ENSP00000430684	9606.ENSP00000433623	IKBKB	TRAF6	0.999
9606.ENSP00000430684	9606.ENSP00000483825	IKBKB	IKBKG	0.999
9606.ENSP00000433102	9606.ENSP00000481570	TRIM3	TNFAIP3	0.374
9606.ENSP00000433102	9606.ENSP00000498587	TRIM3	NOTCH1	0.457
9606.ENSP00000433102	9606.ENSP00000479953	TRIM3	LRRC8E	0.803
9606.ENSP00000433138	9606.ENSP00000499211	CASP1	CARD8	0.925
9606.ENSP00000433138	9606.ENSP00000433209	CASP1	GSDMD	0.994
9606.ENSP00000433138	9606.ENSP00000460475	CASP1	NLRP1	0.998
9606.ENSP00000433209	9606.ENSP00000499211	GSDMD	CARD8	0.9
9606.ENSP00000433209	9606.ENSP00000460475	GSDMD	NLRP1	0.916
9606.ENSP00000433623	9606.ENSP00000434024	TRAF6	H2AX	0.457
9606.ENSP00000433623	9606.ENSP00000471896	TRAF6	IRF3	0.457
9606.ENSP00000433623	9606.ENSP00000478927	TRAF6	YAP1	0.457
9606.ENSP00000433623	9606.ENSP00000497968	TRAF6	IL17A	0.457
9606.ENSP00000433623	9606.ENSP00000498476	TRAF6	MAP1LC3B	0.487
9606.ENSP00000433623	9606.ENSP00000498596	TRAF6	STING1	0.49
9606.ENSP00000433623	9606.ENSP00000497271	TRAF6	IFIH1	0.5
9606.ENSP00000433623	9606.ENSP00000496577	TRAF6	SOCS1	0.633
9606.ENSP00000433623	9606.ENSP00000495360	TRAF6	CTNNB1	0.802
9606.ENSP00000433623	9606.ENSP00000479889	TRAF6	IRAK4	0.997
9606.ENSP00000433623	9606.ENSP00000451828	TRAF6	AKT1	0.999
9606.ENSP00000433623	9606.ENSP00000464030	TRAF6	IKBKE	0.999
9606.ENSP00000433623	9606.ENSP00000465500	TRAF6	TNFRSF11A	0.999
9606.ENSP00000433623	9606.ENSP00000481570	TRAF6	TNFAIP3	0.999
9606.ENSP00000433623	9606.ENSP00000483825	TRAF6	IKBKG	0.999
9606.ENSP00000433623	9606.ENSP00000498321	TRAF6	MYD88	0.999
9606.ENSP00000433760	9606.ENSP00000495360	BANF1	CTNNB1	0.206
9606.ENSP00000433760	9606.ENSP00000480535	BANF1	REXO2	0.24
9606.ENSP00000433760	9606.ENSP00000451828	BANF1	AKT1	0.242
9606.ENSP00000433760	9606.ENSP00000451291	BANF1	HNRNPC	0.457
9606.ENSP00000434024	9606.ENSP00000437621	H2AX	HMGA2	0.456
9606.ENSP00000434024	9606.ENSP00000451291	H2AX	HNRNPC	0.456
9606.ENSP00000434024	9606.ENSP00000440440	H2AX	ATF7IP	0.5
9606.ENSP00000434024	9606.ENSP00000497910	H2AX	B2M	0.794
9606.ENSP00000435712	9606.ENSP00000495360	GATA4	CTNNB1	0.5
9606.ENSP00000436126	9606.ENSP00000497642	SAA2	LPL	0.36
9606.ENSP00000437621	9606.ENSP00000451828	HMGA2	AKT1	0.242
9606.ENSP00000437621	9606.ENSP00000495360	HMGA2	CTNNB1	0.399
9606.ENSP00000442656	9606.ENSP00000451828	ACVR1B	AKT1	0.183
9606.ENSP00000446271	9606.ENSP00000484056	LSM14A	ZCCHC3	0.223
9606.ENSP00000446271	9606.ENSP00000478754	LSM14A	DDX6	0.998
9606.ENSP00000450565	9606.ENSP00000499900	IL11RA	JAK1	0.8
9606.ENSP00000451040	9606.ENSP00000497069	PGF	IGF1R	0.204
9606.ENSP00000451040	9606.ENSP00000480043	PGF	VEGFC	0.695
9606.ENSP00000451291	9606.ENSP00000484056	HNRNPC	ZCCHC3	0.182
9606.ENSP00000451291	9606.ENSP00000478754	HNRNPC	DDX6	0.545
9606.ENSP00000451291	9606.ENSP00000497910	HNRNPC	B2M	0.8
9606.ENSP00000451828	9606.ENSP00000464030	AKT1	IKBKE	0.15
9606.ENSP00000451828	9606.ENSP00000496577	AKT1	SOCS1	0.15
9606.ENSP00000451828	9606.ENSP00000497910	AKT1	B2M	0.151
9606.ENSP00000451828	9606.ENSP00000499900	AKT1	JAK1	0.183
9606.ENSP00000451828	9606.ENSP00000483570	AKT1	BTK	0.248
9606.ENSP00000451828	9606.ENSP00000498466	AKT1	FAS	0.276
9606.ENSP00000451828	9606.ENSP00000498321	AKT1	MYD88	0.376
9606.ENSP00000451828	9606.ENSP00000471896	AKT1	IRF3	0.457
9606.ENSP00000451828	9606.ENSP00000481570	AKT1	TNFAIP3	0.688
9606.ENSP00000451828	9606.ENSP00000497069	AKT1	IGF1R	0.763
9606.ENSP00000451828	9606.ENSP00000498587	AKT1	NOTCH1	0.79
9606.ENSP00000451828	9606.ENSP00000483825	AKT1	IKBKG	0.798
9606.ENSP00000451828	9606.ENSP00000495360	AKT1	CTNNB1	0.891
9606.ENSP00000455308	9606.ENSP00000471239	ZNF598	ZFP36	0.167
9606.ENSP00000455308	9606.ENSP00000478754	ZNF598	DDX6	0.604
9606.ENSP00000457421	9606.ENSP00000495360	PECAM1	CTNNB1	0.991
9606.ENSP00000460475	9606.ENSP00000499211	NLRP1	CARD8	0.933
9606.ENSP00000464030	9606.ENSP00000478927	IKBKE	YAP1	0.457
9606.ENSP00000464030	9606.ENSP00000498321	IKBKE	MYD88	0.457
9606.ENSP00000464030	9606.ENSP00000497271	IKBKE	IFIH1	0.734
9606.ENSP00000464030	9606.ENSP00000481570	IKBKE	TNFAIP3	0.896
9606.ENSP00000464030	9606.ENSP00000498596	IKBKE	STING1	0.976
9606.ENSP00000464030	9606.ENSP00000483825	IKBKE	IKBKG	0.991
9606.ENSP00000464030	9606.ENSP00000471896	IKBKE	IRF3	0.999
9606.ENSP00000471239	9606.ENSP00000478754	ZFP36	DDX6	0.259
9606.ENSP00000471239	9606.ENSP00000477908	ZFP36	CCL3	0.457
9606.ENSP00000471896	9606.ENSP00000498321	IRF3	MYD88	0.381
9606.ENSP00000471896	9606.ENSP00000483430	IRF3	IFI27	0.456
9606.ENSP00000471896	9606.ENSP00000478927	IRF3	YAP1	0.457
9606.ENSP00000471896	9606.ENSP00000498476	IRF3	MAP1LC3B	0.457
9606.ENSP00000471896	9606.ENSP00000495360	IRF3	CTNNB1	0.5
9606.ENSP00000471896	9606.ENSP00000497271	IRF3	IFIH1	0.523
9606.ENSP00000471896	9606.ENSP00000496577	IRF3	SOCS1	0.633
9606.ENSP00000471896	9606.ENSP00000496832	IRF3	ISG15	0.946
9606.ENSP00000471896	9606.ENSP00000498596	IRF3	STING1	0.997
9606.ENSP00000474412	9606.ENSP00000482259	CCL5	CCL4	0.255
9606.ENSP00000474412	9606.ENSP00000478024	CCL5	CCL16	0.999
9606.ENSP00000477908	9606.ENSP00000482259	CCL3	CCL4	0.683
9606.ENSP00000477908	9606.ENSP00000480558	CCL3	CCL3L1	0.99
9606.ENSP00000478927	9606.ENSP00000495360	YAP1	CTNNB1	0.999
9606.ENSP00000479889	9606.ENSP00000483570	IRAK4	BTK	0.207
9606.ENSP00000479889	9606.ENSP00000483825	IRAK4	IKBKG	0.999
9606.ENSP00000479889	9606.ENSP00000498321	IRAK4	MYD88	0.999
9606.ENSP00000481570	9606.ENSP00000495360	TNFAIP3	CTNNB1	0.457
9606.ENSP00000481570	9606.ENSP00000483825	TNFAIP3	IKBKG	0.999
9606.ENSP00000483403	9606.ENSP00000497069	GHR	IGF1R	0.457
9606.ENSP00000483403	9606.ENSP00000496577	GHR	SOCS1	0.725
9606.ENSP00000483403	9606.ENSP00000499900	GHR	JAK1	0.886
9606.ENSP00000483430	9606.ENSP00000497271	IFI27	IFIH1	0.83
9606.ENSP00000483570	9606.ENSP00000499900	BTK	JAK1	0.457
9606.ENSP00000483570	9606.ENSP00000497910	BTK	B2M	0.5
9606.ENSP00000483570	9606.ENSP00000498321	BTK	MYD88	0.557
9606.ENSP00000483825	9606.ENSP00000499211	IKBKG	CARD8	0.456
9606.ENSP00000483825	9606.ENSP00000493536	IKBKG	SAMHD1	0.457
9606.ENSP00000483825	9606.ENSP00000497271	IKBKG	IFIH1	0.5
9606.ENSP00000483825	9606.ENSP00000498321	IKBKG	MYD88	0.999
9606.ENSP00000484056	9606.ENSP00000497271	ZCCHC3	IFIH1	0.457
9606.ENSP00000484689	9606.ENSP00000499900	IFITM2	JAK1	0.206
9606.ENSP00000490935	9606.ENSP00000498596	IFIT2	STING1	0.456
9606.ENSP00000495360	9606.ENSP00000496832	CTNNB1	ISG15	0.457
9606.ENSP00000495360	9606.ENSP00000497069	CTNNB1	IGF1R	0.558
9606.ENSP00000495360	9606.ENSP00000498466	CTNNB1	FAS	0.607
9606.ENSP00000495360	9606.ENSP00000498476	CTNNB1	MAP1LC3B	0.802
9606.ENSP00000495360	9606.ENSP00000498587	CTNNB1	NOTCH1	0.959
9606.ENSP00000495951	9606.ENSP00000496577	KITLG	SOCS1	0.5
9606.ENSP00000496577	9606.ENSP00000497069	SOCS1	IGF1R	0.843
9606.ENSP00000496577	9606.ENSP00000499900	SOCS1	JAK1	0.996
9606.ENSP00000496832	9606.ENSP00000499900	ISG15	JAK1	0.5
9606.ENSP00000496832	9606.ENSP00000497271	ISG15	IFIH1	0.943
9606.ENSP00000497069	9606.ENSP00000499900	IGF1R	JAK1	0.49
9606.ENSP00000497271	9606.ENSP00000498321	IFIH1	MYD88	0.156
9606.ENSP00000497271	9606.ENSP00000498596	IFIH1	STING1	0.183
9606.ENSP00000497271	9606.ENSP00000498476	IFIH1	MAP1LC3B	0.457
9606.ENSP00000498466	9606.ENSP00000498476	FAS	MAP1LC3B	0.456
